time,enrolled,available,waitlisted,total
2022-12-09T15:33:38,0,10,0,10
2022-12-09T15:43:04,0,10,0,10
2022-12-09T15:52:27,0,10,0,10
2022-12-09T16:01:48,0,10,0,10
2022-12-09T16:11:09,0,10,0,10
2022-12-09T16:20:32,0,10,0,10
2022-12-09T16:29:54,0,10,0,10
2022-12-09T16:39:15,0,10,0,10
2022-12-09T16:48:45,0,10,0,10
2022-12-09T16:58:06,0,10,0,10
2022-12-09T17:07:27,0,10,0,10
2022-12-09T17:16:52,0,10,0,10
2022-12-09T17:26:13,0,10,0,10
2022-12-09T17:35:33,0,10,0,10
2022-12-09T17:44:54,0,10,0,10
2022-12-09T17:54:14,0,10,0,10
2022-12-09T18:03:34,0,10,0,10
2022-12-09T18:12:54,0,10,0,10
2022-12-09T18:22:14,0,10,0,10
2022-12-09T18:31:46,0,10,0,10
2022-12-09T18:41:05,0,10,0,10
2022-12-09T18:50:26,0,10,0,10
2022-12-09T18:59:47,0,10,0,10
2022-12-09T19:09:10,0,10,0,10
2022-12-09T19:18:29,0,10,0,10
2022-12-09T19:27:51,0,10,0,10
2022-12-09T19:37:11,0,10,0,10
2022-12-09T19:46:31,0,10,0,10
2022-12-09T19:55:51,0,10,0,10
2022-12-09T20:05:10,0,10,0,10
2022-12-09T20:14:31,0,10,0,10
2022-12-09T20:23:50,0,10,0,10
2022-12-09T20:33:10,0,10,0,10
2022-12-09T20:42:39,0,10,0,10
2022-12-09T20:51:58,0,10,0,10
2022-12-09T21:01:18,0,10,0,10
2022-12-09T21:10:39,0,10,0,10
2022-12-09T21:19:59,0,10,0,10
2022-12-09T21:29:18,0,10,0,10
2022-12-09T21:38:37,0,10,0,10
2022-12-09T21:47:57,0,10,0,10
2022-12-09T21:57:16,0,10,0,10
2022-12-09T22:06:35,0,10,0,10
2022-12-09T22:15:55,0,10,0,10
2022-12-09T22:25:15,0,10,0,10
2022-12-09T22:34:36,0,10,0,10
2022-12-09T22:43:56,0,10,0,10
2022-12-09T22:53:14,0,10,0,10
2022-12-09T23:02:34,0,10,0,10
2022-12-09T23:11:55,0,10,0,10
2022-12-09T23:21:27,0,10,0,10
2022-12-09T23:30:47,0,10,0,10
2022-12-09T23:40:10,0,10,0,10
2022-12-09T23:49:31,0,10,0,10
2022-12-09T23:58:52,0,10,0,10
2022-12-10T00:08:13,0,10,0,10
2022-12-10T00:17:36,0,10,0,10
2022-12-10T00:26:59,0,10,0,10
2022-12-10T00:36:21,0,10,0,10
2022-12-10T00:45:44,0,10,0,10
2022-12-10T00:55:12,0,10,0,10
2022-12-10T01:04:34,0,10,0,10
2022-12-10T01:13:58,0,10,0,10
2022-12-10T01:23:22,0,10,0,10
2022-12-10T01:32:44,0,10,0,10
2022-12-10T01:42:07,0,10,0,10
2022-12-10T01:51:29,0,10,0,10
2022-12-10T02:00:49,0,10,0,10
2022-12-10T02:10:22,0,10,0,10
2022-12-10T02:19:41,0,10,0,10
2022-12-10T02:29:00,0,10,0,10
2022-12-10T02:38:21,0,10,0,10
2022-12-10T02:47:40,0,10,0,10
2022-12-10T02:56:59,0,10,0,10
2022-12-10T03:06:18,0,10,0,10
2022-12-10T03:15:36,0,10,0,10
2022-12-10T03:24:56,0,10,0,10
2022-12-10T03:34:15,0,10,0,10
2022-12-10T03:43:36,0,10,0,10
2022-12-10T03:52:57,0,10,0,10
2022-12-10T04:02:19,0,10,0,10
2022-12-10T04:17:47,0,10,0,10
2022-12-10T04:27:37,0,10,0,10
2022-12-10T04:37:00,0,10,0,10
2022-12-10T04:46:22,0,10,0,10
2022-12-10T04:55:41,0,10,0,10
2022-12-10T05:05:00,0,10,0,10
2022-12-10T05:14:19,0,10,0,10
2022-12-10T05:23:39,0,10,0,10
2022-12-10T05:33:44,0,10,0,10
2022-12-10T05:43:06,0,10,0,10
2022-12-10T05:52:30,0,10,0,10
2022-12-10T06:01:53,0,10,0,10
2022-12-10T06:11:17,0,10,0,10
2022-12-10T06:20:40,0,10,0,10
2022-12-10T06:30:03,0,10,0,10
2022-12-10T06:39:26,0,10,0,10
2022-12-10T06:48:49,0,10,0,10
2022-12-10T06:58:12,0,10,0,10
2022-12-10T07:07:36,0,10,0,10
2022-12-10T07:17:00,0,10,0,10
2022-12-10T07:26:25,0,10,0,10
2022-12-10T07:35:50,0,10,0,10
2022-12-10T07:45:20,0,10,0,10
2022-12-10T07:54:45,0,10,0,10
2022-12-10T08:04:10,0,10,0,10
2022-12-10T08:13:34,0,10,0,10
2022-12-10T08:23:09,0,10,0,10
2022-12-10T08:32:34,0,10,0,10
2022-12-10T08:41:57,0,10,0,10
2022-12-10T08:51:20,0,10,0,10
2022-12-10T09:00:43,0,10,0,10
2022-12-10T09:10:07,0,10,0,10
2022-12-10T09:19:29,0,10,0,10
2022-12-10T09:28:53,0,10,0,10
2022-12-10T09:38:16,0,10,0,10
2022-12-10T09:47:39,0,10,0,10
2022-12-10T09:57:01,0,10,0,10
2022-12-10T10:06:23,0,10,0,10
2022-12-10T10:15:47,0,10,0,10
2022-12-10T10:25:14,0,10,0,10
2022-12-10T10:34:39,0,10,0,10
2022-12-10T10:44:02,0,10,0,10
2022-12-10T10:53:26,0,10,0,10
2022-12-10T11:02:53,0,10,0,10
2022-12-10T11:12:21,0,10,0,10
2022-12-10T11:21:59,0,10,0,10
2022-12-10T11:31:22,0,10,0,10
2022-12-10T11:40:50,0,10,0,10
2022-12-10T11:50:13,0,10,0,10
2022-12-10T11:59:37,0,10,0,10
2022-12-10T12:09:00,0,10,0,10
2022-12-10T12:18:25,0,10,0,10
2022-12-10T12:27:51,0,10,0,10
2022-12-10T12:37:16,0,10,0,10
2022-12-10T12:46:38,0,10,0,10
2022-12-10T12:56:02,0,10,0,10
2022-12-10T13:05:29,0,10,0,10
2022-12-10T13:14:56,0,10,0,10
2022-12-10T13:24:22,0,10,0,10
2022-12-10T13:33:56,0,10,0,10
2022-12-10T13:43:22,0,10,0,10
2022-12-10T13:52:46,0,10,0,10
2022-12-10T14:02:10,0,10,0,10
2022-12-10T14:11:36,0,10,0,10
2022-12-10T14:21:03,0,10,0,10
2022-12-10T14:30:29,0,10,0,10
2022-12-10T14:39:50,0,10,0,10
2022-12-10T14:49:12,0,10,0,10
2022-12-10T14:58:33,0,10,0,10
2022-12-10T15:07:56,0,10,0,10
2022-12-10T15:17:19,0,10,0,10
2022-12-10T15:26:41,0,10,0,10
2022-12-10T15:36:03,0,10,0,10
2022-12-10T15:45:24,0,10,0,10
2022-12-10T15:54:46,0,10,0,10
2022-12-10T16:04:19,0,10,0,10
2022-12-10T16:13:42,0,10,0,10
2022-12-10T16:23:04,0,10,0,10
2022-12-10T16:32:25,0,10,0,10
2022-12-10T16:41:46,0,10,0,10
2022-12-10T16:51:07,0,10,0,10
2022-12-10T17:00:28,0,10,0,10
2022-12-10T17:09:49,0,10,0,10
2022-12-10T17:19:15,0,10,0,10
2022-12-10T17:28:39,0,10,0,10
2022-12-10T17:38:06,0,10,0,10
2022-12-10T17:47:28,0,10,0,10
2022-12-10T17:56:52,0,10,0,10
2022-12-10T18:06:24,0,10,0,10
2022-12-10T18:15:45,0,10,0,10
2022-12-10T18:25:06,0,10,0,10
2022-12-10T18:34:27,0,10,0,10
2022-12-10T18:43:48,0,10,0,10
2022-12-10T18:53:09,0,10,0,10
2022-12-10T19:02:31,0,10,0,10
2022-12-10T19:11:53,0,10,0,10
2022-12-10T19:21:14,0,10,0,10
2022-12-10T19:30:38,0,10,0,10
2022-12-10T19:39:59,0,10,0,10
2022-12-10T19:49:19,0,10,0,10
2022-12-10T19:58:40,0,10,0,10
2022-12-10T20:08:02,0,10,0,10
2022-12-10T20:17:24,0,10,0,10
2022-12-10T20:26:46,0,10,0,10
2022-12-10T20:36:16,0,10,0,10
2022-12-10T20:45:38,0,10,0,10
2022-12-10T20:54:58,0,10,0,10
2022-12-10T21:04:21,0,10,0,10
2022-12-10T21:13:43,0,10,0,10
2022-12-10T21:23:05,0,10,0,10
2022-12-10T21:32:27,0,10,0,10
2022-12-10T21:41:48,0,10,0,10
2022-12-10T21:51:11,0,10,0,10
2022-12-10T22:00:31,0,10,0,10
2022-12-10T22:09:53,0,10,0,10
2022-12-10T22:19:17,0,10,0,10
2022-12-10T22:28:38,0,10,0,10
2022-12-10T22:38:01,0,10,0,10
2022-12-10T22:47:23,0,10,0,10
2022-12-10T22:56:56,0,10,0,10
2022-12-10T23:06:21,0,10,0,10
2022-12-10T23:15:44,0,10,0,10
2022-12-10T23:25:06,0,10,0,10
2022-12-10T23:34:25,0,10,0,10
2022-12-10T23:43:46,0,10,0,10
2022-12-10T23:53:05,0,10,0,10
2022-12-11T00:02:26,0,10,0,10
2022-12-11T00:11:47,0,10,0,10
2022-12-11T00:21:13,0,10,0,10
2022-12-11T00:30:35,0,10,0,10
2022-12-11T00:39:56,0,10,0,10
2022-12-11T00:49:16,0,10,0,10
2022-12-11T00:58:36,0,10,0,10
2022-12-11T01:07:56,0,10,0,10
2022-12-11T01:17:16,0,10,0,10
2022-12-11T01:26:37,0,10,0,10
2022-12-11T01:35:57,0,10,0,10
2022-12-11T01:45:19,0,10,0,10
2022-12-11T01:54:39,0,10,0,10
2022-12-11T02:04:09,0,10,0,10
2022-12-11T02:13:28,0,10,0,10
2022-12-11T02:22:49,0,10,0,10
2022-12-11T02:32:12,0,10,0,10
2022-12-11T02:41:38,0,10,0,10
2022-12-11T02:51:07,0,10,0,10
2022-12-11T03:00:33,0,10,0,10
2022-12-11T03:09:56,0,10,0,10
2022-12-11T03:19:19,0,10,0,10
2022-12-11T03:28:44,0,10,0,10
2022-12-11T03:38:10,0,10,0,10
2022-12-11T03:47:37,0,10,0,10
2022-12-11T03:57:00,0,10,0,10
2022-12-11T04:14:13,0,10,0,10
2022-12-11T04:24:54,0,10,0,10
2022-12-11T04:34:39,0,10,0,10
2022-12-11T04:44:06,0,10,0,10
2022-12-11T04:53:30,0,10,0,10
2022-12-11T05:02:53,0,10,0,10
2022-12-11T05:12:15,0,10,0,10
2022-12-11T05:21:38,0,10,0,10
2022-12-11T05:31:02,0,10,0,10
2022-12-11T05:40:25,0,10,0,10
2022-12-11T05:49:46,0,10,0,10
2022-12-11T05:59:09,0,10,0,10
2022-12-11T06:08:33,0,10,0,10
2022-12-11T06:17:58,0,10,0,10
2022-12-11T06:27:20,0,10,0,10
2022-12-11T06:36:41,0,10,0,10
2022-12-11T06:46:06,0,10,0,10
2022-12-11T06:55:29,0,10,0,10
2022-12-11T07:04:50,0,10,0,10
2022-12-11T07:14:14,0,10,0,10
2022-12-11T07:23:40,0,10,0,10
2022-12-11T07:33:04,0,10,0,10
2022-12-11T07:42:30,0,10,0,10
2022-12-11T07:51:59,0,10,0,10
2022-12-11T08:01:31,0,10,0,10
2022-12-11T08:10:53,0,10,0,10
2022-12-11T08:20:26,0,10,0,10
2022-12-11T08:29:51,0,10,0,10
2022-12-11T08:39:15,0,10,0,10
2022-12-11T08:48:37,0,10,0,10
2022-12-11T08:58:01,0,10,0,10
2022-12-11T09:07:24,0,10,0,10
2022-12-11T09:16:46,0,10,0,10
2022-12-11T09:26:08,0,10,0,10
2022-12-11T09:35:30,0,10,0,10
2022-12-11T09:44:51,0,10,0,10
2022-12-11T09:54:15,0,10,0,10
2022-12-11T10:03:40,0,10,0,10
2022-12-11T10:13:03,0,10,0,10
2022-12-11T10:22:25,0,10,0,10
2022-12-11T10:31:54,0,10,0,10
2022-12-11T10:41:17,0,10,0,10
2022-12-11T10:50:40,0,10,0,10
2022-12-11T11:00:06,0,10,0,10
2022-12-11T11:09:29,0,10,0,10
2022-12-11T11:18:52,0,10,0,10
2022-12-11T11:28:16,0,10,0,10
2022-12-11T11:37:52,0,10,0,10
2022-12-11T11:47:14,0,10,0,10
2022-12-11T11:56:37,0,10,0,10
2022-12-11T12:06:05,0,10,0,10
2022-12-11T12:15:34,0,10,0,10
2022-12-11T12:25:01,0,10,0,10
2022-12-11T12:34:25,0,10,0,10
2022-12-11T12:43:47,0,10,0,10
2022-12-11T12:53:10,0,10,0,10
2022-12-11T13:02:32,0,10,0,10
2022-12-11T13:11:54,0,10,0,10
2022-12-11T13:21:17,0,10,0,10
2022-12-11T13:30:38,0,10,0,10
2022-12-11T13:40:01,0,10,0,10
2022-12-11T13:49:34,0,10,0,10
2022-12-11T13:58:55,0,10,0,10
2022-12-11T14:08:18,0,10,0,10
2022-12-11T14:17:38,0,10,0,10
2022-12-11T14:27:00,0,10,0,10
2022-12-11T14:36:22,0,10,0,10
2022-12-11T14:45:46,0,10,0,10
2022-12-11T14:55:12,0,10,0,10
2022-12-11T15:05:03,0,10,0,10
2022-12-11T15:23:12,0,10,0,10
2022-12-11T15:33:00,0,10,0,10
2022-12-11T15:42:23,0,10,0,10
2022-12-11T15:51:48,0,10,0,10
2022-12-11T16:01:10,0,10,0,10
2022-12-11T16:10:32,0,10,0,10
2022-12-11T16:19:54,0,10,0,10
2022-12-11T16:29:16,0,10,0,10
2022-12-11T16:38:39,0,10,0,10
2022-12-11T16:48:01,0,10,0,10
2022-12-11T16:57:29,0,10,0,10
2022-12-11T17:06:52,0,10,0,10
2022-12-11T17:16:16,0,10,0,10
2022-12-11T17:25:38,0,10,0,10
2022-12-11T17:35:09,0,10,0,10
2022-12-11T17:44:30,0,10,0,10
2022-12-11T17:53:50,0,10,0,10
2022-12-11T18:03:12,0,10,0,10
2022-12-11T18:12:33,0,10,0,10
2022-12-11T18:21:55,0,10,0,10
2022-12-11T18:31:16,0,10,0,10
2022-12-11T18:40:38,0,10,0,10
2022-12-11T18:49:59,0,10,0,10
2022-12-11T18:59:20,0,10,0,10
2022-12-11T19:08:44,0,10,0,10
2022-12-11T19:18:06,0,10,0,10
2022-12-11T19:27:38,0,10,0,10
2022-12-11T19:37:00,0,10,0,10
2022-12-11T19:46:20,0,10,0,10
2022-12-11T19:55:43,0,10,0,10
2022-12-11T20:05:03,0,10,0,10
2022-12-11T20:14:25,0,10,0,10
2022-12-11T20:23:46,0,10,0,10
2022-12-11T20:33:07,0,10,0,10
2022-12-11T20:42:28,0,10,0,10
2022-12-11T20:51:49,0,10,0,10
2022-12-11T21:01:19,0,10,0,10
2022-12-11T21:10:40,0,10,0,10
2022-12-11T21:20:01,0,10,0,10
2022-12-11T21:29:22,0,10,0,10
2022-12-11T21:38:44,0,10,0,10
2022-12-11T21:48:05,0,10,0,10
2022-12-11T21:57:26,0,10,0,10
2022-12-11T22:06:48,0,10,0,10
2022-12-11T22:16:10,0,10,0,10
2022-12-11T22:25:32,0,10,0,10
2022-12-11T22:34:55,0,10,0,10
2022-12-11T22:44:16,0,10,0,10
2022-12-11T22:53:36,0,10,0,10
2022-12-11T23:03:08,0,10,0,10
2022-12-11T23:12:31,0,10,0,10
2022-12-11T23:21:51,0,10,0,10
2022-12-11T23:31:11,0,10,0,10
2022-12-11T23:40:32,0,10,0,10
2022-12-11T23:49:52,0,10,0,10
2022-12-11T23:59:14,0,10,0,10
2022-12-12T00:08:37,0,10,0,10
2022-12-12T00:18:07,0,10,0,10
2022-12-12T00:27:32,0,10,0,10
2022-12-12T00:36:54,0,10,0,10
2022-12-12T00:46:14,0,10,0,10
2022-12-12T00:55:36,0,10,0,10
2022-12-12T01:05:06,0,10,0,10
2022-12-12T01:14:27,0,10,0,10
2022-12-12T01:23:55,0,10,0,10
2022-12-12T01:33:21,0,10,0,10
2022-12-12T01:42:45,0,10,0,10
2022-12-12T01:52:07,0,10,0,10
2022-12-12T02:01:31,0,10,0,10
2022-12-12T02:10:53,0,10,0,10
2022-12-12T02:20:16,0,10,0,10
2022-12-12T02:29:38,0,10,0,10
2022-12-12T02:39:03,0,10,0,10
2022-12-12T02:48:23,0,10,0,10
2022-12-12T02:57:44,0,10,0,10
2022-12-12T03:07:05,0,10,0,10
2022-12-12T03:16:26,0,10,0,10
2022-12-12T03:25:47,0,10,0,10
2022-12-12T03:35:09,0,10,0,10
2022-12-12T03:44:31,0,10,0,10
2022-12-12T03:53:56,0,10,0,10
2022-12-12T04:03:18,0,10,0,10
2022-12-12T04:14:45,0,10,0,10
2022-12-12T04:24:33,0,10,0,10
2022-12-12T04:34:00,0,10,0,10
2022-12-12T04:43:23,0,10,0,10
2022-12-12T04:52:46,0,10,0,10
2022-12-12T05:02:07,0,10,0,10
2022-12-12T05:11:31,0,10,0,10
2022-12-12T05:20:52,0,10,0,10
2022-12-12T05:30:12,0,10,0,10
2022-12-12T05:39:34,0,10,0,10
2022-12-12T05:48:55,0,10,0,10
2022-12-12T05:58:18,0,10,0,10
2022-12-12T06:07:42,0,10,0,10
2022-12-12T06:17:06,0,10,0,10
2022-12-12T06:26:29,0,10,0,10
2022-12-12T06:35:50,0,10,0,10
2022-12-12T06:45:13,0,10,0,10
2022-12-12T06:54:35,0,10,0,10
2022-12-12T07:03:57,0,10,0,10
2022-12-12T07:13:19,0,10,0,10
2022-12-12T07:22:42,0,10,0,10
2022-12-12T07:32:08,0,10,0,10
2022-12-12T07:41:33,0,10,0,10
2022-12-12T07:50:56,0,10,0,10
2022-12-12T08:00:19,0,10,0,10
2022-12-12T08:09:43,0,10,0,10
2022-12-12T08:19:06,0,10,0,10
2022-12-12T08:28:32,0,10,0,10
2022-12-12T08:37:57,0,10,0,10
2022-12-12T08:47:20,0,10,0,10
2022-12-12T08:56:44,0,10,0,10
2022-12-12T09:06:08,0,10,0,10
2022-12-12T09:15:34,0,10,0,10
2022-12-12T09:24:59,0,10,0,10
2022-12-12T09:34:24,0,10,0,10
2022-12-12T09:43:59,0,10,0,10
2022-12-12T09:53:25,0,10,0,10
2022-12-12T10:02:49,0,10,0,10
2022-12-12T10:12:14,0,10,0,10
2022-12-12T10:21:39,0,10,0,10
2022-12-12T10:31:03,0,10,0,10
2022-12-12T10:40:28,0,10,0,10
2022-12-12T10:49:53,0,10,0,10
2022-12-12T10:59:23,0,10,0,10
2022-12-12T11:08:53,0,10,0,10
2022-12-12T11:18:21,0,10,0,10
2022-12-12T11:27:45,0,10,0,10
2022-12-12T11:37:22,0,10,0,10
2022-12-12T11:46:49,0,10,0,10
2022-12-12T11:56:26,0,10,0,10
2022-12-12T12:05:54,0,10,0,10
2022-12-12T12:15:20,0,10,0,10
2022-12-12T12:24:46,0,10,0,10
2022-12-12T12:34:11,0,10,0,10
2022-12-12T12:43:37,0,10,0,10
2022-12-12T12:53:03,0,10,0,10
2022-12-12T13:02:28,0,10,0,10
2022-12-12T13:11:53,0,10,0,10
2022-12-12T13:21:20,0,10,0,10
2022-12-12T13:30:56,0,10,0,10
2022-12-12T13:40:22,0,10,0,10
2022-12-12T13:49:48,0,10,0,10
2022-12-12T13:59:13,0,10,0,10
2022-12-12T14:08:40,0,10,0,10
2022-12-12T14:18:07,0,10,0,10
2022-12-12T14:27:33,0,10,0,10
2022-12-12T15:09:32,0,10,0,10
2022-12-12T15:19:13,0,10,0,10
2022-12-12T15:28:36,0,10,0,10
2022-12-12T15:32:27,0,10,0,10
2022-12-12T15:41:50,0,10,0,10
2022-12-12T15:51:15,0,10,0,10
2022-12-12T16:00:37,0,10,0,10
2022-12-12T16:10:00,0,10,0,10
2022-12-12T16:19:36,0,10,0,10
2022-12-12T16:28:59,0,10,0,10
2022-12-12T16:38:22,0,10,0,10
2022-12-12T16:47:45,0,10,0,10
2022-12-12T16:57:08,0,10,0,10
2022-12-12T17:12:59,0,10,0,10
2022-12-12T17:22:21,0,10,0,10
2022-12-12T17:31:43,0,10,0,10
2022-12-12T17:41:17,0,10,0,10
2022-12-12T17:50:39,0,10,0,10
2022-12-12T18:00:00,0,10,0,10
2022-12-12T18:09:21,0,10,0,10
2022-12-12T18:18:44,0,10,0,10
2022-12-12T18:28:04,0,10,0,10
2022-12-12T18:37:25,0,10,0,10
2022-12-12T18:46:46,0,10,0,10
2022-12-12T18:56:08,0,10,0,10
2022-12-12T19:05:30,0,10,0,10
2022-12-12T19:15:04,0,10,0,10
2022-12-12T19:24:26,0,10,0,10
2022-12-12T19:33:47,0,10,0,10
2022-12-12T19:43:08,0,10,0,10
2022-12-12T19:52:29,0,10,0,10
2022-12-12T20:01:50,0,10,0,10
2022-12-12T20:11:11,0,10,0,10
2022-12-12T20:20:31,0,10,0,10
2022-12-12T20:29:52,0,10,0,10
2022-12-12T20:39:14,0,10,0,10
2022-12-12T20:48:34,0,10,0,10
2022-12-12T20:57:55,0,10,0,10
2022-12-12T21:07:28,0,10,0,10
2022-12-12T21:16:50,0,10,0,10
2022-12-12T21:26:12,0,10,0,10
2022-12-12T21:35:34,0,10,0,10
2022-12-12T21:44:57,0,10,0,10
2022-12-12T21:54:19,0,10,0,10
2022-12-12T22:03:40,0,10,0,10
2022-12-12T22:13:09,0,10,0,10
2022-12-12T22:22:38,0,10,0,10
2022-12-12T22:32:08,0,10,0,10
2022-12-12T22:41:38,0,10,0,10
2022-12-12T22:51:07,0,10,0,10
2022-12-12T23:00:35,0,10,0,10
2022-12-12T23:10:16,0,10,0,10
2022-12-12T23:19:45,0,10,0,10
2022-12-12T23:29:14,0,10,0,10
2022-12-12T23:38:42,0,10,0,10
2022-12-12T23:48:06,0,10,0,10
2022-12-12T23:57:30,0,10,0,10
2022-12-13T00:06:53,0,10,0,10
2022-12-13T00:16:15,0,10,0,10
2022-12-13T00:25:39,0,10,0,10
2022-12-13T00:35:13,0,10,0,10
2022-12-13T00:44:36,0,10,0,10
2022-12-13T00:54:01,0,10,0,10
2022-12-13T01:03:26,0,10,0,10
2022-12-13T01:12:51,0,10,0,10
2022-12-13T01:22:15,0,10,0,10
2022-12-13T01:31:38,0,10,0,10
2022-12-13T01:41:01,0,10,0,10
2022-12-13T01:50:21,0,10,0,10
2022-12-13T01:59:44,0,10,0,10
2022-12-13T02:09:06,0,10,0,10
2022-12-13T02:18:27,0,10,0,10
2022-12-13T02:27:48,0,10,0,10
2022-12-13T02:37:09,0,10,0,10
2022-12-13T02:46:29,0,10,0,10
2022-12-13T02:55:49,0,10,0,10
2022-12-13T03:05:10,0,10,0,10
2022-12-13T03:14:31,0,10,0,10
2022-12-13T03:23:54,0,10,0,10
2022-12-13T03:33:19,0,10,0,10
2022-12-13T03:42:43,0,10,0,10
2022-12-13T03:52:06,0,10,0,10
2022-12-13T04:01:32,0,10,0,10
2022-12-13T04:10:52,0,10,0,10
2022-12-13T11:45:39,0,10,0,10
2022-12-13T11:55:02,0,10,0,10
2022-12-13T12:04:30,0,10,0,10
2022-12-13T12:13:53,0,10,0,10
2022-12-13T12:23:15,0,10,0,10
2022-12-13T12:32:37,0,10,0,10
2022-12-13T12:42:11,0,10,0,10
2022-12-13T12:51:32,0,10,0,10
2022-12-13T13:00:53,0,10,0,10
2022-12-13T13:10:16,0,10,0,10
2022-12-13T13:19:38,0,10,0,10
2022-12-13T13:29:00,0,10,0,10
2022-12-13T13:38:21,0,10,0,10
2022-12-13T13:47:55,0,10,0,10
2022-12-13T13:57:17,0,10,0,10
2022-12-13T14:06:39,0,10,0,10
2022-12-13T14:16:00,0,10,0,10
2022-12-13T14:25:22,0,10,0,10
2022-12-13T14:34:44,0,10,0,10
2022-12-13T14:44:05,0,10,0,10
2022-12-13T14:53:27,0,10,0,10
2022-12-13T15:02:48,0,10,0,10
2022-12-13T15:12:22,0,10,0,10
2022-12-13T15:21:44,0,10,0,10
2022-12-13T15:31:06,0,10,0,10
2022-12-13T15:40:28,0,10,0,10
2022-12-13T15:49:50,0,10,0,10
2022-12-13T15:59:12,0,10,0,10
2022-12-13T16:08:34,0,10,0,10
2022-12-13T16:17:56,0,10,0,10
2022-12-13T16:27:30,0,10,0,10
2022-12-13T16:36:52,0,10,0,10
2022-12-13T16:46:13,0,10,0,10
2022-12-13T16:55:34,0,10,0,10
2022-12-13T17:04:56,0,10,0,10
2022-12-13T17:14:19,0,10,0,10
2022-12-13T17:23:40,0,10,0,10
2022-12-13T17:33:02,0,10,0,10
2022-12-13T17:42:23,0,10,0,10
2022-12-13T17:51:54,0,10,0,10
2022-12-13T18:01:15,0,10,0,10
2022-12-13T18:10:36,0,10,0,10
2022-12-13T18:20:00,0,10,0,10
2022-12-13T18:29:23,0,10,0,10
2022-12-13T18:38:46,0,10,0,10
2022-12-13T18:48:09,0,10,0,10
2022-12-13T18:57:33,0,10,0,10
2022-12-13T19:06:56,0,10,0,10
2022-12-13T19:16:30,0,10,0,10
2022-12-13T19:25:53,0,10,0,10
2022-12-13T19:35:16,0,10,0,10
2022-12-13T19:44:39,0,10,0,10
2022-12-13T19:54:02,0,10,0,10
2022-12-13T20:03:25,0,10,0,10
2022-12-13T20:12:47,0,10,0,10
2022-12-13T20:22:08,0,10,0,10
2022-12-13T20:31:30,0,10,0,10
2022-12-13T20:40:52,0,10,0,10
2022-12-13T20:50:24,0,10,0,10
2022-12-13T20:59:46,0,10,0,10
2022-12-13T21:09:07,0,10,0,10
2022-12-13T21:18:28,0,10,0,10
2022-12-13T21:27:50,0,10,0,10
2022-12-13T21:37:11,0,10,0,10
2022-12-13T21:46:33,0,10,0,10
2022-12-13T21:56:16,0,10,0,10
2022-12-13T22:04:48,0,10,0,10
2022-12-13T22:14:09,0,10,0,10
2022-12-13T22:23:31,0,10,0,10
2022-12-13T22:32:52,0,10,0,10
2022-12-13T22:42:25,0,10,0,10
2022-12-13T22:51:46,0,10,0,10
2022-12-13T23:01:07,0,10,0,10
2022-12-13T23:10:29,0,10,0,10
2022-12-13T23:19:51,0,10,0,10
2022-12-13T23:29:13,0,10,0,10
2022-12-13T23:38:34,0,10,0,10
2022-12-13T23:47:56,0,10,0,10
2022-12-13T23:57:17,0,10,0,10
2022-12-14T00:06:39,0,10,0,10
2022-12-14T00:16:04,0,10,0,10
2022-12-14T00:25:28,0,10,0,10
2022-12-14T00:34:51,0,10,0,10
2022-12-14T00:44:14,0,10,0,10
2022-12-14T00:53:38,0,10,0,10
2022-12-14T01:03:14,0,10,0,10
2022-12-14T01:12:39,0,10,0,10
2022-12-14T01:22:14,0,10,0,10
2022-12-14T01:31:37,0,10,0,10
2022-12-14T01:41:01,0,10,0,10
2022-12-14T01:50:24,0,10,0,10
2022-12-14T01:59:48,0,10,0,10
2022-12-14T02:09:09,0,10,0,10
2022-12-14T02:18:31,0,10,0,10
2022-12-14T02:27:54,0,10,0,10
2022-12-14T02:37:17,0,10,0,10
2022-12-14T02:46:40,0,10,0,10
2022-12-14T02:56:03,0,10,0,10
2022-12-14T03:05:26,0,10,0,10
2022-12-14T03:14:50,0,10,0,10
2022-12-14T03:24:13,0,10,0,10
2022-12-14T03:33:35,0,10,0,10
2022-12-14T03:42:58,0,10,0,10
2022-12-14T03:52:21,0,10,0,10
2022-12-14T04:01:44,0,10,0,10
2022-12-13T04:23:16,0,10,0,10
2022-12-13T04:33:03,0,10,0,10
2022-12-13T04:42:25,0,10,0,10
2022-12-13T04:51:45,0,10,0,10
2022-12-13T05:01:06,0,10,0,10
2022-12-13T05:10:25,0,10,0,10
2022-12-13T05:19:42,0,10,0,10
2022-12-13T05:29:01,0,10,0,10
2022-12-13T05:38:21,0,10,0,10
2022-12-13T05:49:22,0,10,0,10
2022-12-13T05:58:46,0,10,0,10
2022-12-13T06:08:08,0,10,0,10
2022-12-13T06:17:29,0,10,0,10
2022-12-13T06:26:50,0,10,0,10
2022-12-13T06:36:10,0,10,0,10
2022-12-13T06:45:29,0,10,0,10
2022-12-13T06:54:47,0,10,0,10
2022-12-13T07:04:06,0,10,0,10
2022-12-13T07:13:26,0,10,0,10
2022-12-13T07:22:45,0,10,0,10
2022-12-13T07:32:05,0,10,0,10
2022-12-13T07:41:26,0,10,0,10
2022-12-13T07:50:46,0,10,0,10
2022-12-13T08:00:07,0,10,0,10
2022-12-13T08:09:28,0,10,0,10
2022-12-13T08:18:49,0,10,0,10
2022-12-13T08:28:10,0,10,0,10
2022-12-13T08:37:32,0,10,0,10
2022-12-13T08:46:53,0,10,0,10
2022-12-13T08:56:15,0,10,0,10
2022-12-13T09:05:39,0,10,0,10
2022-12-13T09:15:04,0,10,0,10
2022-12-14T04:21:29,0,10,0,10
2022-12-14T04:31:18,0,10,0,10
2022-12-14T04:40:43,0,10,0,10
2022-12-14T04:50:08,0,10,0,10
2022-12-14T04:59:34,0,10,0,10
2022-12-14T05:08:56,0,10,0,10
2022-12-14T05:18:19,0,10,0,10
2022-12-14T05:27:40,0,10,0,10
2022-12-14T05:37:01,0,10,0,10
2022-12-14T05:46:21,0,10,0,10
2022-12-14T05:55:44,0,10,0,10
2022-12-14T06:05:09,0,10,0,10
2022-12-14T06:14:33,0,10,0,10
2022-12-14T06:23:57,0,10,0,10
2022-12-14T06:33:19,0,10,0,10
2022-12-14T06:42:41,0,10,0,10
2022-12-14T06:52:03,0,10,0,10
2022-12-14T07:01:26,0,10,0,10
2022-12-14T07:10:50,0,10,0,10
2022-12-14T07:20:13,0,10,0,10
2022-12-14T07:29:36,0,10,0,10
2022-12-14T07:39:04,0,10,0,10
2022-12-14T07:48:28,0,10,0,10
2022-12-14T07:57:51,0,10,0,10
2022-12-14T08:07:15,0,10,0,10
2022-12-14T08:16:39,0,10,0,10
2022-12-14T08:26:03,0,10,0,10
2022-12-14T08:35:26,0,10,0,10
2022-12-14T08:45:00,0,10,0,10
2022-12-14T08:54:23,0,10,0,10
2022-12-14T09:03:49,0,10,0,10
2022-12-14T09:13:13,0,10,0,10
2022-12-14T09:22:39,0,10,0,10
2022-12-14T09:32:03,0,10,0,10
2022-12-14T09:41:27,0,10,0,10
2022-12-14T09:50:51,0,10,0,10
2022-12-14T10:00:16,0,10,0,10
2022-12-14T10:09:57,0,10,0,10
2022-12-14T10:19:23,0,10,0,10
2022-12-14T10:28:47,0,10,0,10
2022-12-14T10:38:12,0,10,0,10
2022-12-14T10:47:48,0,10,0,10
2022-12-14T10:57:12,0,10,0,10
2022-12-14T11:06:37,0,10,0,10
2022-12-14T11:16:01,0,10,0,10
2022-12-14T11:25:24,0,10,0,10
2022-12-14T11:34:48,0,10,0,10
2022-12-14T11:44:22,0,10,0,10
2022-12-14T11:53:46,0,10,0,10
2022-12-14T12:03:09,0,10,0,10
2022-12-14T12:12:33,0,10,0,10
2022-12-14T12:21:57,0,10,0,10
2022-12-14T12:31:21,0,10,0,10
2022-12-14T12:40:44,0,10,0,10
2022-12-14T12:50:28,0,10,0,10
2022-12-14T12:59:52,0,10,0,10
2022-12-14T13:09:16,0,10,0,10
2022-12-14T13:18:40,0,10,0,10
2022-12-14T13:28:03,0,10,0,10
2022-12-14T13:37:27,0,10,0,10
2022-12-14T13:46:52,0,10,0,10
2022-12-14T13:56:26,0,10,0,10
2022-12-14T14:05:51,0,10,0,10
2022-12-14T14:15:15,0,10,0,10
2022-12-14T14:24:40,0,10,0,10
2022-12-14T14:34:05,0,10,0,10
2022-12-14T14:43:28,0,10,0,10
2022-12-14T14:52:52,0,10,0,10
2022-12-14T15:02:16,0,10,0,10
2022-12-14T15:11:50,0,10,0,10
2022-12-14T15:21:12,0,10,0,10
2022-12-14T15:30:36,0,10,0,10
2022-12-14T15:40:00,0,10,0,10
2022-12-14T15:49:23,0,10,0,10
2022-12-14T15:58:47,0,10,0,10
2022-12-14T16:08:10,0,10,0,10
2022-12-14T16:17:32,0,10,0,10
2022-12-14T16:26:54,0,10,0,10
2022-12-14T16:36:27,0,10,0,10
2022-12-14T16:45:50,0,10,0,10
2022-12-14T16:55:12,0,10,0,10
2022-12-14T17:04:35,0,10,0,10
2022-12-14T17:13:58,0,10,0,10
2022-12-14T17:23:20,0,10,0,10
2022-12-14T17:32:43,0,10,0,10
2022-12-14T17:42:26,0,10,0,10
2022-12-14T17:51:48,0,10,0,10
2022-12-14T18:01:11,0,10,0,10
2022-12-14T18:10:33,0,10,0,10
2022-12-14T18:19:55,0,10,0,10
2022-12-14T18:29:18,0,10,0,10
2022-12-14T18:38:40,0,10,0,10
2022-12-14T18:48:02,0,10,0,10
2022-12-14T18:57:24,0,10,0,10
2022-12-14T19:06:46,0,10,0,10
2022-12-14T19:16:17,0,10,0,10
2022-12-14T19:25:38,0,10,0,10
2022-12-14T19:34:59,0,10,0,10
2022-12-14T19:44:20,0,10,0,10
2022-12-14T19:53:40,0,10,0,10
2022-12-14T20:03:01,0,10,0,10
2022-12-14T20:12:22,0,10,0,10
2022-12-14T20:21:42,0,10,0,10
2022-12-14T20:31:03,0,10,0,10
2022-12-14T20:40:33,0,10,0,10
2022-12-14T20:49:53,0,10,0,10
2022-12-14T20:59:14,0,10,0,10
2022-12-14T21:08:35,0,10,0,10
2022-12-14T21:17:55,0,10,0,10
2022-12-14T21:27:16,0,10,0,10
2022-12-14T21:36:37,0,10,0,10
2022-12-14T21:45:58,0,10,0,10
2022-12-14T21:55:29,0,10,0,10
2022-12-14T22:04:50,0,10,0,10
2022-12-14T22:14:11,0,10,0,10
2022-12-14T22:23:32,0,10,0,10
2022-12-14T22:32:54,0,10,0,10
2022-12-14T22:42:15,0,10,0,10
2022-12-14T22:51:35,0,10,0,10
2022-12-14T23:00:56,0,10,0,10
2022-12-14T23:10:28,0,10,0,10
2022-12-14T23:19:49,0,10,0,10
2022-12-14T23:29:11,0,10,0,10
2022-12-14T23:38:32,0,10,0,10
2022-12-14T23:47:52,0,10,0,10
2022-12-14T23:57:14,0,10,0,10
2022-12-15T00:06:36,0,10,0,10
2022-12-15T00:16:01,0,10,0,10
2022-12-15T00:25:24,0,10,0,10
2022-12-15T00:35:05,0,10,0,10
2022-12-15T00:44:29,0,10,0,10
2022-12-15T00:53:52,0,10,0,10
2022-12-15T01:03:17,0,10,0,10
2022-12-15T01:12:43,0,10,0,10
2022-12-15T01:22:06,0,10,0,10
2022-12-15T01:31:29,0,10,0,10
2022-12-15T01:40:53,0,10,0,10
2022-12-15T01:50:15,0,10,0,10
2022-12-15T01:59:39,0,10,0,10
2022-12-15T02:09:01,0,10,0,10
2022-12-15T02:18:22,0,10,0,10
2022-12-15T02:27:43,0,10,0,10
2022-12-15T02:37:04,0,10,0,10
2022-12-15T02:46:24,0,10,0,10
2022-12-15T02:55:54,0,10,0,10
2022-12-15T03:05:14,0,10,0,10
2022-12-15T03:14:35,0,10,0,10
2022-12-15T03:23:54,0,10,0,10
2022-12-15T03:33:17,0,10,0,10
2022-12-15T03:42:40,0,10,0,10
2022-12-15T03:52:03,0,10,0,10
2022-12-15T04:01:25,0,10,0,10
2022-12-15T04:12:58,0,10,0,10
2022-12-15T04:22:54,0,10,0,10
2022-12-15T04:32:46,0,10,0,10
2022-12-15T04:42:12,0,10,0,10
2022-12-15T04:51:36,0,10,0,10
2022-12-15T05:00:59,0,10,0,10
2022-12-15T05:10:22,0,10,0,10
2022-12-15T05:19:44,0,10,0,10
2022-12-15T05:29:06,0,10,0,10
2022-12-15T05:38:29,0,10,0,10
2022-12-15T05:47:52,0,10,0,10
2022-12-15T05:57:16,0,10,0,10
2022-12-15T06:06:42,0,10,0,10
2022-12-15T06:16:07,0,10,0,10
2022-12-15T06:25:31,0,10,0,10
2022-12-15T06:34:54,0,10,0,10
2022-12-15T06:44:17,0,10,0,10
2022-12-15T06:53:39,0,10,0,10
2022-12-15T07:03:02,0,10,0,10
2022-12-15T07:12:26,0,10,0,10
2022-12-15T07:21:49,0,10,0,10
2022-12-15T07:31:12,0,10,0,10
2022-12-15T07:40:38,0,10,0,10
2022-12-15T07:50:02,0,10,0,10
2022-12-15T07:59:27,0,10,0,10
2022-12-15T08:08:51,0,10,0,10
2022-12-15T08:18:15,0,10,0,10
2022-12-15T08:27:48,0,10,0,10
2022-12-15T08:37:12,0,10,0,10
2022-12-15T08:46:35,0,10,0,10
2022-12-15T08:55:58,0,10,0,10
2022-12-15T09:05:21,0,10,0,10
2022-12-15T09:14:44,0,10,0,10
2022-12-15T09:24:08,0,10,0,10
2022-12-15T09:33:31,0,10,0,10
2022-12-15T09:42:56,0,10,0,10
2022-12-15T09:52:20,0,10,0,10
2022-12-15T10:01:55,0,10,0,10
2022-12-15T10:11:18,0,10,0,10
2022-12-15T10:20:42,0,10,0,10
2022-12-15T10:30:06,0,10,0,10
2022-12-15T10:39:30,0,10,0,10
2022-12-15T10:48:55,0,10,0,10
2022-12-15T10:58:21,0,10,0,10
2022-12-15T11:07:45,0,10,0,10
2022-12-15T11:17:22,0,10,0,10
2022-12-15T11:26:48,0,10,0,10
2022-12-15T11:36:13,0,10,0,10
2022-12-15T11:45:37,0,10,0,10
2022-12-15T11:55:01,0,10,0,10
2022-12-15T12:04:26,0,10,0,10
2022-12-15T12:13:50,0,10,0,10
2022-12-15T12:23:25,0,10,0,10
2022-12-15T12:32:49,0,10,0,10
2022-12-15T12:42:14,0,10,0,10
2022-12-15T12:51:37,0,10,0,10
2022-12-15T13:01:01,0,10,0,10
2022-12-15T13:10:25,0,10,0,10
2022-12-15T13:19:49,0,10,0,10
2022-12-15T13:29:24,0,10,0,10
2022-12-15T13:38:48,0,10,0,10
2022-12-15T13:48:13,0,10,0,10
2022-12-15T13:57:37,0,10,0,10
2022-12-15T14:07:01,0,10,0,10
2022-12-15T14:16:25,0,10,0,10
2022-12-15T14:25:51,0,10,0,10
2022-12-15T14:35:29,0,10,0,10
2022-12-15T14:44:54,0,10,0,10
2022-12-15T14:54:23,0,10,0,10
2022-12-15T15:03:49,0,10,0,10
2022-12-15T15:13:14,0,10,0,10
2022-12-15T15:22:53,0,10,0,10
2022-12-15T15:32:17,0,10,0,10
2022-12-15T15:41:42,0,10,0,10
2022-12-15T15:51:07,0,10,0,10
2022-12-15T16:00:32,0,10,0,10
2022-12-15T16:09:56,0,10,0,10
2022-12-15T16:19:30,0,10,0,10
2022-12-15T16:28:54,0,10,0,10
2022-12-15T16:38:17,0,10,0,10
2022-12-15T16:47:41,0,10,0,10
2022-12-15T16:57:05,0,10,0,10
2022-12-15T17:06:28,0,10,0,10
2022-12-15T17:15:53,0,10,0,10
2022-12-15T17:25:26,0,10,0,10
2022-12-15T17:34:50,0,10,0,10
2022-12-15T17:44:14,0,10,0,10
2022-12-15T17:53:37,0,10,0,10
2022-12-15T18:03:00,0,10,0,10
2022-12-15T18:12:24,0,10,0,10
2022-12-15T18:21:47,0,10,0,10
2022-12-15T18:31:10,0,10,0,10
2022-12-15T18:40:33,0,10,0,10
2022-12-15T18:50:06,0,10,0,10
2022-12-15T18:59:30,0,10,0,10
2022-12-15T19:08:54,0,10,0,10
2022-12-15T19:18:18,0,10,0,10
2022-12-15T19:27:41,0,10,0,10
2022-12-15T19:37:04,0,10,0,10
2022-12-15T19:46:26,0,10,0,10
2022-12-15T19:55:47,0,10,0,10
2022-12-15T20:05:09,0,10,0,10
2022-12-15T20:14:30,0,10,0,10
2022-12-15T20:24:02,0,10,0,10
2022-12-15T20:33:23,0,10,0,10
2022-12-15T20:42:45,0,10,0,10
2022-12-15T20:52:06,0,10,0,10
2022-12-15T21:01:27,0,10,0,10
2022-12-15T21:10:49,0,10,0,10
2022-12-15T21:20:10,0,10,0,10
2022-12-15T21:29:44,0,10,0,10
2022-12-15T21:39:05,0,10,0,10
2022-12-15T21:48:27,0,10,0,10
2022-12-15T21:57:48,0,10,0,10
2022-12-15T22:07:10,0,10,0,10
2022-12-15T22:16:32,0,10,0,10
2022-12-15T22:25:53,0,10,0,10
2022-12-15T22:35:15,0,10,0,10
2022-12-15T22:44:36,0,10,0,10
2022-12-15T22:54:08,0,10,0,10
2022-12-15T23:03:31,0,10,0,10
2022-12-15T23:13:03,0,10,0,10
2022-12-15T23:22:32,0,10,0,10
2022-12-15T23:32:05,0,10,0,10
2022-12-15T23:41:41,0,10,0,10
2022-12-15T23:51:14,0,10,0,10
2022-12-16T00:00:54,0,10,0,10
2022-12-16T00:10:46,0,10,0,10
2022-12-16T00:20:30,0,10,0,10
2022-12-16T00:30:16,0,10,0,10
2022-12-16T00:40:00,0,10,0,10
2022-12-16T00:49:38,0,10,0,10
2022-12-16T00:59:17,0,10,0,10
2022-12-16T01:08:53,0,10,0,10
2022-12-16T01:18:33,0,10,0,10
2022-12-16T01:28:10,0,10,0,10
2022-12-16T01:37:47,0,10,0,10
2022-12-16T01:47:22,0,10,0,10
2022-12-16T01:56:58,0,10,0,10
2022-12-16T02:06:33,0,10,0,10
2022-12-16T02:16:06,0,10,0,10
2022-12-16T02:25:41,0,10,0,10
2022-12-16T02:35:24,0,10,0,10
2022-12-16T02:44:55,0,10,0,10
2022-12-16T02:54:26,0,10,0,10
2022-12-16T03:03:57,0,10,0,10
2022-12-16T03:13:27,0,10,0,10
2022-12-16T03:22:56,0,10,0,10
2022-12-16T03:32:21,0,10,0,10
2022-12-16T03:41:48,0,10,0,10
2022-12-16T03:51:14,0,10,0,10
2022-12-16T04:00:37,0,10,0,10
2022-12-16T04:19:26,0,10,0,10
2022-12-16T04:30:14,0,10,0,10
2022-12-16T04:39:59,0,10,0,10
2022-12-16T04:49:24,0,10,0,10
2022-12-16T04:58:48,0,10,0,10
2022-12-16T05:08:11,0,10,0,10
2022-12-16T05:17:32,0,10,0,10
2022-12-16T05:26:53,0,10,0,10
2022-12-16T05:36:14,0,10,0,10
2022-12-16T05:45:35,0,10,0,10
2022-12-16T05:54:58,0,10,0,10
2022-12-16T06:04:23,0,10,0,10
2022-12-16T06:13:48,0,10,0,10
2022-12-16T06:23:13,0,10,0,10
2022-12-16T06:32:37,0,10,0,10
2022-12-16T06:41:59,0,10,0,10
2022-12-16T06:51:22,0,10,0,10
2022-12-16T07:00:44,0,10,0,10
2022-12-16T07:10:07,0,10,0,10
2022-12-16T07:19:30,0,10,0,10
2022-12-16T07:28:54,0,10,0,10
2022-12-16T07:38:19,0,10,0,10
2022-12-16T07:47:43,0,10,0,10
2022-12-16T07:57:08,0,10,0,10
2022-12-16T08:06:31,0,10,0,10
2022-12-16T08:15:56,0,10,0,10
2022-12-16T08:25:21,0,10,0,10
2022-12-16T08:34:53,0,10,0,10
2022-12-16T08:44:17,0,10,0,10
2022-12-16T08:53:41,0,10,0,10
2022-12-16T09:03:05,0,10,0,10
2022-12-16T09:12:29,0,10,0,10
2022-12-16T09:21:52,0,10,0,10
2022-12-16T09:31:16,0,10,0,10
2022-12-16T09:40:40,0,10,0,10
2022-12-16T09:50:04,0,10,0,10
2022-12-16T09:59:28,0,10,0,10
2022-12-16T10:09:02,0,10,0,10
2022-12-16T10:18:26,0,10,0,10
2022-12-16T10:27:51,0,10,0,10
2022-12-16T10:37:15,0,10,0,10
2022-12-16T10:46:40,0,10,0,10
2022-12-16T10:56:08,0,10,0,10
2022-12-16T11:05:33,0,10,0,10
2022-12-16T11:14:58,0,10,0,10
2022-12-16T11:24:23,0,10,0,10
2022-12-16T11:33:58,0,10,0,10
2022-12-16T11:43:22,0,10,0,10
2022-12-16T11:52:47,0,10,0,10
2022-12-16T12:02:11,0,10,0,10
2022-12-16T12:11:36,0,10,0,10
2022-12-16T12:20:59,0,10,0,10
2022-12-16T12:30:33,0,10,0,10
2022-12-16T12:39:57,0,10,0,10
2022-12-16T12:49:20,0,10,0,10
2022-12-16T12:58:44,0,10,0,10
2022-12-16T13:08:08,0,10,0,10
2022-12-16T13:17:31,0,10,0,10
2022-12-16T13:26:56,0,10,0,10
2022-12-16T13:36:19,0,10,0,10
2022-12-16T13:45:43,0,10,0,10
2022-12-16T13:55:07,0,10,0,10
2022-12-16T14:04:43,0,10,0,10
2022-12-16T14:14:10,0,10,0,10
2022-12-16T14:23:35,0,10,0,10
2022-12-16T14:32:59,0,10,0,10
2022-12-16T14:42:24,0,10,0,10
2022-12-16T14:51:47,0,10,0,10
2022-12-16T15:01:11,0,10,0,10
2022-12-16T15:10:37,0,10,0,10
2022-12-16T15:20:01,0,10,0,10
2022-12-16T15:29:25,0,10,0,10
2022-12-16T15:38:59,0,10,0,10
2022-12-16T15:48:23,0,10,0,10
2022-12-16T15:57:48,0,10,0,10
2022-12-16T16:07:12,0,10,0,10
2022-12-16T16:16:36,0,10,0,10
2022-12-16T16:26:00,0,10,0,10
2022-12-16T16:35:24,0,10,0,10
2022-12-16T16:44:46,0,10,0,10
2022-12-16T16:54:09,0,10,0,10
2022-12-16T17:03:32,0,10,0,10
2022-12-16T17:13:08,0,10,0,10
2022-12-16T17:22:31,0,10,0,10
2022-12-16T17:31:54,0,10,0,10
2022-12-16T17:41:17,0,10,0,10
2022-12-16T17:50:40,0,10,0,10
2022-12-16T18:00:04,0,10,0,10
2022-12-16T18:09:27,0,10,0,10
2022-12-16T18:18:50,0,10,0,10
2022-12-16T18:28:24,0,10,0,10
2022-12-16T18:37:47,0,10,0,10
2022-12-16T18:47:10,0,10,0,10
2022-12-16T18:56:32,0,10,0,10
2022-12-16T19:05:54,0,10,0,10
2022-12-16T19:15:17,0,10,0,10
2022-12-16T19:24:40,0,10,0,10
2022-12-16T19:34:03,0,10,0,10
2022-12-16T19:43:26,0,10,0,10
2022-12-16T19:52:49,0,10,0,10
2022-12-16T20:02:12,0,10,0,10
2022-12-16T20:11:45,0,10,0,10
2022-12-16T20:21:08,0,10,0,10
2022-12-16T20:30:32,0,10,0,10
2022-12-16T20:39:56,0,10,0,10
2022-12-16T20:49:19,0,10,0,10
2022-12-16T20:58:42,0,10,0,10
2022-12-16T21:08:05,0,10,0,10
2022-12-16T21:17:27,0,10,0,10
2022-12-16T21:26:50,0,10,0,10
2022-12-16T21:36:12,0,10,0,10
2022-12-16T21:45:35,0,10,0,10
2022-12-16T21:55:08,0,10,0,10
2022-12-16T22:04:30,0,10,0,10
2022-12-16T22:13:53,0,10,0,10
2022-12-16T22:23:16,0,10,0,10
2022-12-16T22:32:39,0,10,0,10
2022-12-16T22:42:02,0,10,0,10
2022-12-16T22:51:24,0,10,0,10
2022-12-16T23:00:47,0,10,0,10
2022-12-16T23:10:10,0,10,0,10
2022-12-16T23:19:34,0,10,0,10
2022-12-16T23:28:56,0,10,0,10
2022-12-16T23:38:30,0,10,0,10
2022-12-16T23:47:52,0,10,0,10
2022-12-16T23:57:13,0,10,0,10
2022-12-17T00:06:35,0,10,0,10
2022-12-17T00:16:06,0,10,0,10
2022-12-17T00:25:30,0,10,0,10
2022-12-17T00:34:53,0,10,0,10
2022-12-17T00:44:17,0,10,0,10
2022-12-17T00:53:41,0,10,0,10
2022-12-17T01:03:08,0,10,0,10
2022-12-17T01:12:34,0,10,0,10
2022-12-17T01:21:58,0,10,0,10
2022-12-17T01:31:21,0,10,0,10
2022-12-17T01:40:54,0,10,0,10
2022-12-17T01:50:16,0,10,0,10
2022-12-17T01:59:37,0,10,0,10
2022-12-17T02:08:58,0,10,0,10
2022-12-17T02:18:19,0,10,0,10
2022-12-17T02:27:41,0,10,0,10
2022-12-17T02:37:02,0,10,0,10
2022-12-17T02:46:23,0,10,0,10
2022-12-17T02:55:46,0,10,0,10
2022-12-17T03:05:06,0,10,0,10
2022-12-17T03:14:27,0,10,0,10
2022-12-17T03:23:47,0,10,0,10
2022-12-17T03:33:07,0,10,0,10
2022-12-17T03:42:30,0,10,0,10
2022-12-17T03:51:53,0,10,0,10
2022-12-17T04:01:16,0,10,0,10
2022-12-17T04:14:23,0,10,0,10
2022-12-17T04:25:14,0,10,0,10
2022-12-17T04:35:02,0,10,0,10
2022-12-17T04:44:27,0,10,0,10
2022-12-17T04:53:49,0,10,0,10
2022-12-17T05:03:10,0,10,0,10
2022-12-17T05:12:31,0,10,0,10
2022-12-17T05:21:51,0,10,0,10
2022-12-17T05:31:12,0,10,0,10
2022-12-17T05:40:33,0,10,0,10
2022-12-17T05:49:55,0,10,0,10
2022-12-17T05:59:19,0,10,0,10
2022-12-17T06:08:45,0,10,0,10
2022-12-17T06:18:12,0,10,0,10
2022-12-17T06:27:35,0,10,0,10
2022-12-17T06:36:58,0,10,0,10
2022-12-17T06:46:21,0,10,0,10
2022-12-17T06:55:43,0,10,0,10
2022-12-17T07:05:05,0,10,0,10
2022-12-17T07:14:28,0,10,0,10
2022-12-17T07:23:52,0,10,0,10
2022-12-17T07:33:16,0,10,0,10
2022-12-17T07:42:43,0,10,0,10
2022-12-17T07:52:36,0,10,0,10
2022-12-17T08:02:02,0,10,0,10
2022-12-17T08:11:28,0,10,0,10
2022-12-17T08:20:54,0,10,0,10
2022-12-17T08:30:20,0,10,0,10
2022-12-17T08:39:46,0,10,0,10
2022-12-17T08:49:11,0,10,0,10
2022-12-17T08:58:43,0,10,0,10
2022-12-17T09:08:09,0,10,0,10
2022-12-17T09:17:34,0,10,0,10
2022-12-17T09:26:59,0,10,0,10
2022-12-17T09:36:23,0,10,0,10
2022-12-17T09:45:51,0,10,0,10
2022-12-17T09:55:17,0,10,0,10
2022-12-17T10:04:42,0,10,0,10
2022-12-17T10:14:07,0,10,0,10
2022-12-17T10:23:32,0,10,0,10
2022-12-17T10:32:56,0,10,0,10
2022-12-17T10:42:32,0,10,0,10
2022-12-17T10:51:58,0,10,0,10
2022-12-17T11:01:23,0,10,0,10
2022-12-17T11:10:48,0,10,0,10
2022-12-17T11:20:13,0,10,0,10
2022-12-17T11:29:37,0,10,0,10
2022-12-17T11:39:02,0,10,0,10
2022-12-17T11:48:28,0,10,0,10
2022-12-17T11:57:52,0,10,0,10
2022-12-17T12:07:17,0,10,0,10
2022-12-17T12:16:41,0,10,0,10
2022-12-17T12:26:03,0,10,0,10
2022-12-17T12:35:34,0,10,0,10
2022-12-17T12:44:56,0,10,0,10
2022-12-17T12:54:18,0,10,0,10
2022-12-17T13:03:40,0,10,0,10
2022-12-17T13:13:04,0,10,0,10
2022-12-17T13:22:25,0,10,0,10
2022-12-17T13:31:47,0,10,0,10
2022-12-17T13:41:09,0,10,0,10
2022-12-17T13:50:32,0,10,0,10
2022-12-17T13:59:54,0,10,0,10
2022-12-17T14:09:16,0,10,0,10
2022-12-17T14:18:39,0,10,0,10
2022-12-17T14:28:10,0,10,0,10
2022-12-17T14:37:33,0,10,0,10
2022-12-17T14:46:56,0,10,0,10
2022-12-17T14:56:18,0,10,0,10
2022-12-17T15:05:40,0,10,0,10
2022-12-17T15:15:03,0,10,0,10
2022-12-17T15:24:25,0,10,0,10
2022-12-17T15:33:47,0,10,0,10
2022-12-17T15:43:09,0,10,0,10
2022-12-17T15:52:32,0,10,0,10
2022-12-17T16:01:55,0,10,0,10
2022-12-17T16:11:18,0,10,0,10
2022-12-17T16:20:40,0,10,0,10
2022-12-17T16:30:02,0,10,0,10
2022-12-17T16:39:34,0,10,0,10
2022-12-17T16:48:56,0,10,0,10
2022-12-17T16:58:19,0,10,0,10
2022-12-17T17:07:41,0,10,0,10
2022-12-17T17:17:05,0,10,0,10
2022-12-17T17:26:28,0,10,0,10
2022-12-17T17:35:50,0,10,0,10
2022-12-17T17:45:14,0,10,0,10
2022-12-17T17:54:37,0,10,0,10
2022-12-17T18:03:59,0,10,0,10
2022-12-17T18:13:23,0,10,0,10
2022-12-17T18:22:45,0,10,0,10
2022-12-17T18:32:06,0,10,0,10
2022-12-17T18:41:28,0,10,0,10
2022-12-17T18:50:48,0,10,0,10
2022-12-17T19:00:09,0,10,0,10
2022-12-17T19:09:30,0,10,0,10
2022-12-17T19:18:52,0,10,0,10
2022-12-17T19:28:22,0,10,0,10
2022-12-17T19:37:42,0,10,0,10
2022-12-17T19:47:03,0,10,0,10
2022-12-17T19:56:23,0,10,0,10
2022-12-17T20:05:44,0,10,0,10
2022-12-17T20:15:05,0,10,0,10
2022-12-17T20:24:25,0,10,0,10
2022-12-17T20:33:45,0,10,0,10
2022-12-17T20:43:05,0,10,0,10
2022-12-17T20:52:26,0,10,0,10
2022-12-17T21:01:47,0,10,0,10
2022-12-17T21:11:09,0,10,0,10
2022-12-17T21:20:33,0,10,0,10
2022-12-17T21:29:54,0,10,0,10
2022-12-17T21:39:24,0,10,0,10
2022-12-17T21:48:44,0,10,0,10
2022-12-17T21:58:04,0,10,0,10
2022-12-17T22:07:25,0,10,0,10
2022-12-17T22:16:46,0,10,0,10
2022-12-17T22:26:07,0,10,0,10
2022-12-17T22:35:28,0,10,0,10
2022-12-17T22:44:51,0,10,0,10
2022-12-17T22:54:11,0,10,0,10
2022-12-17T23:03:32,0,10,0,10
2022-12-17T23:12:53,0,10,0,10
2022-12-17T23:22:14,0,10,0,10
2022-12-17T23:31:35,0,10,0,10
2022-12-17T23:40:55,0,10,0,10
2022-12-17T23:50:15,0,10,0,10
2022-12-17T23:59:36,0,10,0,10
2022-12-18T00:09:07,0,10,0,10
2022-12-18T00:18:28,0,10,0,10
2022-12-18T00:27:49,0,10,0,10
2022-12-18T00:37:10,0,10,0,10
2022-12-18T00:46:32,0,10,0,10
2022-12-18T01:07:01,0,10,0,10
2022-12-18T01:16:26,0,10,0,10
2022-12-18T01:25:53,0,10,0,10
2022-12-18T01:35:18,0,10,0,10
2022-12-18T01:44:43,0,10,0,10
2022-12-18T01:54:09,0,10,0,10
2022-12-18T02:03:37,0,10,0,10
2022-12-18T02:13:02,0,10,0,10
2022-12-18T02:22:36,0,10,0,10
2022-12-18T02:32:00,0,10,0,10
2022-12-18T02:41:23,0,10,0,10
2022-12-18T02:50:44,0,10,0,10
2022-12-18T03:00:06,0,10,0,10
2022-12-18T03:09:28,0,10,0,10
2022-12-18T03:18:50,0,10,0,10
2022-12-18T03:28:13,0,10,0,10
2022-12-18T03:37:38,0,10,0,10
2022-12-18T03:47:02,0,10,0,10
2022-12-18T03:56:26,0,10,0,10
2022-12-18T04:05:49,0,10,0,10
2022-12-18T04:22:07,0,10,0,10
2022-12-18T04:31:56,0,10,0,10
2022-12-18T04:41:21,0,10,0,10
2022-12-18T04:50:45,0,10,0,10
2022-12-18T05:00:07,0,10,0,10
2022-12-18T05:09:29,0,10,0,10
2022-12-18T05:18:50,0,10,0,10
2022-12-18T05:28:09,0,10,0,10
2022-12-18T05:37:31,0,10,0,10
2022-12-18T05:46:53,0,10,0,10
2022-12-18T05:56:17,0,10,0,10
2022-12-18T06:05:40,0,10,0,10
2022-12-18T06:15:06,0,10,0,10
2022-12-18T06:24:30,0,10,0,10
2022-12-18T06:33:52,0,10,0,10
2022-12-18T06:43:13,0,10,0,10
2022-12-18T06:52:35,0,10,0,10
2022-12-18T07:01:56,0,10,0,10
2022-12-18T07:11:19,0,10,0,10
2022-12-18T07:20:41,0,10,0,10
2022-12-18T07:30:04,0,10,0,10
2022-12-18T07:39:28,0,10,0,10
2022-12-18T07:48:52,0,10,0,10
2022-12-18T07:58:16,0,10,0,10
2022-12-18T08:07:39,0,10,0,10
2022-12-18T08:17:02,0,10,0,10
2022-12-18T08:26:26,0,10,0,10
2022-12-18T08:35:51,0,10,0,10
2022-12-18T08:45:12,0,10,0,10
2022-12-18T08:54:34,0,10,0,10
2022-12-18T09:03:56,0,10,0,10
2022-12-18T09:13:18,0,10,0,10
2022-12-18T09:22:40,0,10,0,10
2022-12-18T09:32:02,0,10,0,10
2022-12-18T09:41:24,0,10,0,10
2022-12-18T09:50:46,0,10,0,10
2022-12-18T10:00:08,0,10,0,10
2022-12-18T10:09:33,0,10,0,10
2022-12-18T10:18:57,0,10,0,10
2022-12-18T10:28:29,0,10,0,10
2022-12-18T10:37:51,0,10,0,10
2022-12-18T10:47:13,0,10,0,10
2022-12-18T10:56:36,0,10,0,10
2022-12-18T11:06:00,0,10,0,10
2022-12-18T11:15:25,0,10,0,10
2022-12-18T11:24:51,0,10,0,10
2022-12-18T11:34:18,0,10,0,10
2022-12-18T11:43:44,0,10,0,10
2022-12-18T11:53:08,0,10,0,10
2022-12-18T12:02:33,0,10,0,10
2022-12-18T12:11:57,0,10,0,10
2022-12-18T12:21:19,0,10,0,10
2022-12-18T12:30:41,0,10,0,10
2022-12-18T12:40:03,0,10,0,10
2022-12-18T12:49:25,0,10,0,10
2022-12-18T12:58:48,0,10,0,10
2022-12-18T13:08:22,0,10,0,10
2022-12-18T13:17:44,0,10,0,10
2022-12-18T13:27:06,0,10,0,10
2022-12-18T13:36:29,0,10,0,10
2022-12-18T13:45:51,0,10,0,10
2022-12-18T13:55:12,0,10,0,10
2022-12-18T14:04:34,0,10,0,10
2022-12-18T14:13:59,0,10,0,10
2022-12-18T14:23:21,0,10,0,10
2022-12-18T14:32:44,0,10,0,10
2022-12-18T14:42:06,0,10,0,10
2022-12-18T14:51:29,0,10,0,10
2022-12-18T15:00:51,0,10,0,10
2022-12-18T15:10:23,0,10,0,10
2022-12-18T15:19:46,0,10,0,10
2022-12-18T15:29:08,0,10,0,10
2022-12-18T15:38:32,0,10,0,10
2022-12-18T15:47:55,0,10,0,10
2022-12-18T15:57:18,0,10,0,10
2022-12-18T16:06:41,0,10,0,10
2022-12-18T16:16:04,0,10,0,10
2022-12-18T16:25:28,0,10,0,10
2022-12-18T16:34:51,0,10,0,10
2022-12-18T16:44:15,0,10,0,10
2022-12-18T16:53:37,0,10,0,10
2022-12-18T17:02:59,0,10,0,10
2022-12-18T17:12:23,0,10,0,10
2022-12-18T17:21:48,0,10,0,10
2022-12-18T17:31:20,0,10,0,10
2022-12-18T17:40:41,0,10,0,10
2022-12-18T17:50:03,0,10,0,10
2022-12-18T17:59:27,0,10,0,10
2022-12-18T18:08:52,0,10,0,10
2022-12-18T18:18:14,0,10,0,10
2022-12-18T18:27:36,0,10,0,10
2022-12-18T18:36:58,0,10,0,10
2022-12-18T18:46:21,0,10,0,10
2022-12-18T18:55:43,0,10,0,10
2022-12-18T19:05:07,0,10,0,10
2022-12-18T19:14:41,0,10,0,10
2022-12-18T19:24:03,0,10,0,10
2022-12-18T19:33:26,0,10,0,10
2022-12-18T19:42:49,0,10,0,10
2022-12-18T19:52:11,0,10,0,10
2022-12-18T20:01:34,0,10,0,10
2022-12-18T20:10:56,0,10,0,10
2022-12-18T20:20:19,0,10,0,10
2022-12-18T20:29:42,0,10,0,10
2022-12-18T20:39:14,0,10,0,10
2022-12-18T20:48:37,0,10,0,10
2022-12-18T20:57:59,0,10,0,10
2022-12-18T21:07:21,0,10,0,10
2022-12-18T21:16:43,0,10,0,10
2022-12-18T21:26:06,0,10,0,10
2022-12-18T21:35:28,0,10,0,10
2022-12-18T21:44:50,0,10,0,10
2022-12-18T21:54:12,0,10,0,10
2022-12-18T22:03:36,0,10,0,10
2022-12-18T22:13:09,0,10,0,10
2022-12-18T22:22:31,0,10,0,10
2022-12-18T22:31:54,0,10,0,10
2022-12-18T22:41:17,0,10,0,10
2022-12-18T22:50:39,0,10,0,10
2022-12-18T23:00:02,0,10,0,10
2022-12-18T23:09:25,0,10,0,10
2022-12-18T23:18:49,0,10,0,10
2022-12-18T23:28:09,0,10,0,10
2022-12-18T23:37:31,0,10,0,10
2022-12-18T23:46:53,0,10,0,10
2022-12-18T23:56:15,0,10,0,10
2022-12-19T00:05:38,0,10,0,10
2022-12-19T00:15:12,0,10,0,10
2022-12-19T00:24:34,0,10,0,10
2022-12-19T00:33:56,0,10,0,10
2022-12-19T00:43:19,0,10,0,10
2022-12-19T00:52:41,0,10,0,10
2022-12-19T01:02:05,0,10,0,10
2022-12-19T01:11:28,0,10,0,10
2022-12-19T01:20:51,0,10,0,10
2022-12-19T01:30:13,0,10,0,10
2022-12-19T01:39:35,0,10,0,10
2022-12-19T01:48:59,0,10,0,10
2022-12-19T01:58:23,0,10,0,10
2022-12-19T02:07:52,0,10,0,10
2022-12-19T02:17:17,0,10,0,10
2022-12-19T02:26:42,0,10,0,10
2022-12-19T02:36:06,0,10,0,10
2022-12-19T02:45:30,0,10,0,10
2022-12-19T02:54:53,0,10,0,10
2022-12-19T03:04:15,0,10,0,10
2022-12-19T03:13:36,0,10,0,10
2022-12-19T03:22:57,0,10,0,10
2022-12-19T03:32:19,0,10,0,10
2022-12-19T03:41:42,0,10,0,10
2022-12-19T03:51:06,0,10,0,10
2022-12-19T04:00:29,0,10,0,10
2022-12-19T04:14:46,0,10,0,10
2022-12-19T04:24:12,0,10,0,10
2022-12-19T04:33:35,0,10,0,10
2022-12-19T04:44:11,0,10,0,10
2022-12-19T04:53:53,0,10,0,10
2022-12-19T05:03:16,0,10,0,10
2022-12-19T05:12:39,0,10,0,10
2022-12-19T05:22:01,0,10,0,10
2022-12-19T05:31:23,0,10,0,10
2022-12-19T05:40:43,0,10,0,10
2022-12-19T05:50:05,0,10,0,10
2022-12-19T05:59:28,0,10,0,10
2022-12-19T06:08:54,0,10,0,10
2022-12-19T06:18:18,0,10,0,10
2022-12-19T06:27:42,0,10,0,10
2022-12-19T06:37:05,0,10,0,10
2022-12-19T06:46:28,0,10,0,10
2022-12-19T06:55:51,0,10,0,10
2022-12-19T07:05:14,0,10,0,10
2022-12-19T07:14:38,0,10,0,10
2022-12-19T07:24:01,0,10,0,10
2022-12-19T07:33:25,0,10,0,10
2022-12-19T07:42:48,0,10,0,10
2022-12-19T07:52:12,0,10,0,10
2022-12-19T08:01:37,0,10,0,10
2022-12-19T08:11:01,0,10,0,10
2022-12-19T08:20:31,0,10,0,10
2022-12-19T08:29:57,0,10,0,10
2022-12-19T08:39:20,0,10,0,10
2022-12-19T08:48:45,0,10,0,10
2022-12-19T08:58:19,0,10,0,10
2022-12-19T09:07:43,0,10,0,10
2022-12-19T09:17:10,0,10,0,10
2022-12-19T09:26:36,0,10,0,10
2022-12-19T09:36:04,0,10,0,10
2022-12-19T09:45:34,0,10,0,10
2022-12-19T09:54:59,0,10,0,10
2022-12-19T10:04:23,0,10,0,10
2022-12-19T10:13:47,0,10,0,10
2022-12-19T10:23:11,0,10,0,10
2022-12-19T10:32:46,0,10,0,10
2022-12-19T10:42:09,0,10,0,10
2022-12-19T10:51:33,0,10,0,10
2022-12-19T11:00:59,0,10,0,10
2022-12-19T11:10:24,0,10,0,10
2022-12-19T11:19:49,0,10,0,10
2022-12-19T11:29:14,0,10,0,10
2022-12-19T11:38:48,0,10,0,10
2022-12-19T11:48:14,0,10,0,10
2022-12-19T11:57:38,0,10,0,10
2022-12-19T12:07:04,0,10,0,10
2022-12-19T12:16:27,0,10,0,10
2022-12-19T12:25:52,0,10,0,10
2022-12-19T12:35:27,0,10,0,10
2022-12-19T12:44:53,0,10,0,10
2022-12-19T12:54:17,0,10,0,10
2022-12-19T13:03:43,0,10,0,10
2022-12-19T13:13:07,0,10,0,10
2022-12-19T13:22:42,0,10,0,10
2022-12-19T13:32:08,0,10,0,10
2022-12-19T13:41:34,0,10,0,10
2022-12-19T13:50:59,0,10,0,10
2022-12-19T14:00:24,0,10,0,10
2022-12-19T14:09:48,0,10,0,10
2022-12-19T14:19:13,0,10,0,10
2022-12-19T14:28:40,0,10,0,10
2022-12-19T14:38:15,0,10,0,10
2022-12-19T14:47:41,0,10,0,10
2022-12-19T14:57:08,0,10,0,10
2022-12-19T15:06:33,0,10,0,10
2022-12-19T15:15:58,0,10,0,10
2022-12-19T15:25:23,0,10,0,10
2022-12-19T15:34:47,0,10,0,10
2022-12-19T15:44:22,0,10,0,10
2022-12-19T15:53:47,0,10,0,10
2022-12-19T16:03:13,0,10,0,10
2022-12-19T16:12:39,0,10,0,10
2022-12-19T16:22:03,0,10,0,10
2022-12-19T16:31:27,0,10,0,10
2022-12-19T16:40:50,0,10,0,10
2022-12-19T16:50:24,0,10,0,10
2022-12-19T16:59:46,0,10,0,10
2022-12-19T17:09:10,0,10,0,10
2022-12-19T17:18:34,0,10,0,10
2022-12-19T17:27:57,0,10,0,10
2022-12-19T17:37:19,0,10,0,10
2022-12-19T17:46:43,0,10,0,10
2022-12-19T17:56:18,0,10,0,10
2022-12-19T18:05:42,0,10,0,10
2022-12-19T18:15:05,0,10,0,10
2022-12-19T18:24:28,0,10,0,10
2022-12-19T18:33:51,0,10,0,10
2022-12-19T18:43:14,0,10,0,10
2022-12-19T18:52:37,0,10,0,10
2022-12-19T19:02:01,0,10,0,10
2022-12-19T19:11:24,0,10,0,10
2022-12-19T19:20:57,0,10,0,10
2022-12-19T19:30:20,0,10,0,10
2022-12-19T19:39:43,0,10,0,10
2022-12-19T19:49:06,0,10,0,10
2022-12-19T19:58:28,0,10,0,10
2022-12-19T20:07:52,0,10,0,10
2022-12-19T20:17:16,0,10,0,10
2022-12-19T20:26:39,0,10,0,10
2022-12-19T20:36:03,0,10,0,10
2022-12-19T20:45:26,0,10,0,10
2022-12-19T20:55:03,0,10,0,10
2022-12-19T21:04:26,0,10,0,10
2022-12-19T21:13:49,0,10,0,10
2022-12-19T21:23:11,0,10,0,10
2022-12-19T21:32:34,0,10,0,10
2022-12-19T21:41:57,0,10,0,10
2022-12-19T21:51:20,0,10,0,10
2022-12-19T22:00:42,0,10,0,10
2022-12-19T22:10:05,0,10,0,10
2022-12-19T22:19:27,0,10,0,10
2022-12-19T22:28:49,0,10,0,10
2022-12-19T22:38:25,0,10,0,10
2022-12-19T22:47:47,0,10,0,10
2022-12-19T22:57:07,0,10,0,10
2022-12-19T23:06:30,0,10,0,10
2022-12-19T23:15:52,0,10,0,10
2022-12-19T23:25:13,0,10,0,10
2022-12-19T23:34:34,0,10,0,10
2022-12-19T23:43:57,0,10,0,10
2022-12-19T23:53:18,0,10,0,10
2022-12-20T00:02:40,0,10,0,10
2022-12-20T00:12:17,0,10,0,10
2022-12-20T00:21:41,0,10,0,10
2022-12-20T00:31:04,0,10,0,10
2022-12-20T00:40:28,0,10,0,10
2022-12-20T00:49:52,0,10,0,10
2022-12-20T00:59:18,0,10,0,10
2022-12-20T01:08:42,0,10,0,10
2022-12-20T01:18:07,0,10,0,10
2022-12-20T01:27:30,0,10,0,10
2022-12-20T01:36:54,0,10,0,10
2022-12-20T01:46:20,0,10,0,10
2022-12-20T01:55:56,0,10,0,10
2022-12-20T02:05:22,0,10,0,10
2022-12-20T02:14:42,0,10,0,10
2022-12-20T02:24:05,0,10,0,10
2022-12-20T02:33:27,0,10,0,10
2022-12-20T02:42:49,0,10,0,10
2022-12-20T02:52:10,0,10,0,10
2022-12-20T03:01:31,0,10,0,10
2022-12-20T03:10:53,0,10,0,10
2022-12-20T03:20:13,0,10,0,10
2022-12-20T03:29:33,0,10,0,10
2022-12-20T03:38:54,0,10,0,10
2022-12-20T03:48:18,0,10,0,10
2022-12-20T03:57:41,0,10,0,10
2022-12-20T04:07:05,0,10,0,10
2022-12-20T04:15:45,0,10,0,10
2022-12-20T04:25:36,0,10,0,10
2022-12-20T04:35:03,0,10,0,10
2022-12-20T04:44:27,0,10,0,10
2022-12-20T04:53:51,0,10,0,10
2022-12-20T05:03:16,0,10,0,10
2022-12-20T05:12:39,0,10,0,10
2022-12-20T05:22:05,0,10,0,10
2022-12-20T05:31:29,0,10,0,10
2022-12-20T05:40:53,0,10,0,10
2022-12-20T05:50:18,0,10,0,10
2022-12-20T05:59:45,0,10,0,10
2022-12-20T06:09:12,0,10,0,10
2022-12-20T06:18:37,0,10,0,10
2022-12-20T06:28:03,0,10,0,10
2022-12-20T06:37:29,0,10,0,10
2022-12-20T06:46:56,0,10,0,10
2022-12-20T06:56:22,0,10,0,10
2022-12-20T07:05:49,0,10,0,10
2022-12-20T07:15:16,0,10,0,10
2022-12-20T07:24:42,0,10,0,10
2022-12-20T07:34:08,0,10,0,10
2022-12-20T07:43:33,0,10,0,10
2022-12-20T07:52:58,0,10,0,10
2022-12-20T08:02:22,0,10,0,10
2022-12-20T08:11:47,0,10,0,10
2022-12-20T08:21:11,0,10,0,10
2022-12-20T08:30:35,0,10,0,10
2022-12-20T08:39:59,0,10,0,10
2022-12-20T08:49:24,0,10,0,10
2022-12-20T08:58:56,0,10,0,10
2022-12-20T09:08:21,0,10,0,10
2022-12-20T09:17:45,0,10,0,10
2022-12-20T09:27:09,0,10,0,10
2022-12-20T09:36:34,0,10,0,10
2022-12-20T09:46:00,0,10,0,10
2022-12-20T09:55:24,0,10,0,10
2022-12-20T10:04:49,0,10,0,10
2022-12-20T10:14:16,0,10,0,10
2022-12-20T10:23:52,0,10,0,10
2022-12-20T10:33:17,0,10,0,10
2022-12-20T10:42:42,0,10,0,10
2022-12-20T10:52:06,0,10,0,10
2022-12-20T11:01:30,0,10,0,10
2022-12-20T11:10:55,0,10,0,10
2022-12-20T11:20:20,0,10,0,10
2022-12-20T11:29:45,0,10,0,10
2022-12-20T11:39:20,0,10,0,10
2022-12-20T11:48:45,0,10,0,10
2022-12-20T11:58:09,0,10,0,10
2022-12-20T12:07:34,0,10,0,10
2022-12-20T12:17:01,0,10,0,10
2022-12-20T12:26:26,0,10,0,10
2022-12-20T12:36:03,0,10,0,10
2022-12-20T12:45:31,0,10,0,10
2022-12-20T12:54:59,0,10,0,10
2022-12-20T13:04:27,0,10,0,10
2022-12-20T13:13:55,0,10,0,10
2022-12-20T13:23:22,0,10,0,10
2022-12-20T13:32:50,0,10,0,10
2022-12-20T13:42:27,0,10,0,10
2022-12-20T13:51:55,0,10,0,10
2022-12-20T14:01:21,0,10,0,10
2022-12-20T14:10:49,0,10,0,10
2022-12-20T14:20:15,0,10,0,10
2022-12-20T14:29:41,0,10,0,10
2022-12-20T14:39:08,0,10,0,10
2022-12-20T14:48:34,0,10,0,10
2022-12-20T14:58:01,0,10,0,10
2022-12-20T15:07:39,0,10,0,10
2022-12-20T15:17:06,0,10,0,10
2022-12-20T15:26:33,0,10,0,10
2022-12-20T15:36:00,0,10,0,10
2022-12-20T15:45:28,0,10,0,10
2022-12-20T15:55:07,0,10,0,10
2022-12-20T16:04:33,0,10,0,10
2022-12-20T16:13:59,0,10,0,10
2022-12-20T16:23:27,0,10,0,10
2022-12-20T16:32:54,0,10,0,10
2022-12-20T16:42:20,0,10,0,10
2022-12-20T16:51:58,0,10,0,10
2022-12-20T17:01:22,0,10,0,10
2022-12-20T17:10:48,0,10,0,10
2022-12-20T17:20:14,0,10,0,10
2022-12-20T17:29:39,0,10,0,10
2022-12-20T17:39:04,0,10,0,10
2022-12-20T17:48:28,0,10,0,10
2022-12-20T17:57:53,0,10,0,10
2022-12-20T18:07:27,0,10,0,10
2022-12-20T18:16:52,0,10,0,10
2022-12-20T18:26:16,0,10,0,10
2022-12-20T18:35:40,0,10,0,10
2022-12-20T18:45:04,0,10,0,10
2022-12-20T18:54:29,0,10,0,10
2022-12-20T19:03:55,0,10,0,10
2022-12-20T19:13:19,0,10,0,10
2022-12-20T19:22:44,0,10,0,10
2022-12-20T19:32:07,0,10,0,10
2022-12-20T19:41:32,0,10,0,10
2022-12-20T19:51:06,0,10,0,10
2022-12-20T20:00:30,0,10,0,10
2022-12-20T20:09:57,0,10,0,10
2022-12-20T20:19:22,0,10,0,10
2022-12-20T20:28:48,0,10,0,10
2022-12-20T20:38:12,0,10,0,10
2022-12-20T20:47:36,0,10,0,10
2022-12-20T20:57:12,0,10,0,10
2022-12-20T21:06:38,0,10,0,10
2022-12-20T21:16:02,0,10,0,10
2022-12-20T21:25:28,0,10,0,10
2022-12-20T21:34:53,0,10,0,10
2022-12-20T21:44:17,0,10,0,10
2022-12-20T21:53:42,0,10,0,10
2022-12-20T22:03:07,0,10,0,10
2022-12-20T22:12:32,0,10,0,10
2022-12-20T22:21:57,0,10,0,10
2022-12-20T22:31:33,0,10,0,10
2022-12-20T22:40:57,0,10,0,10
2022-12-20T22:50:22,0,10,0,10
2022-12-20T22:59:47,0,10,0,10
2022-12-20T23:09:12,0,10,0,10
2022-12-20T23:18:37,0,10,0,10
2022-12-20T23:28:03,0,10,0,10
2022-12-20T23:37:29,0,10,0,10
2022-12-20T23:46:54,0,10,0,10
2022-12-20T23:56:18,0,10,0,10
2022-12-21T00:05:57,0,10,0,10
2022-12-21T00:15:31,0,10,0,10
2022-12-21T00:24:57,0,10,0,10
2022-12-21T00:34:23,0,10,0,10
2022-12-21T00:43:50,0,10,0,10
2022-12-21T00:53:15,0,10,0,10
2022-12-21T01:02:41,0,10,0,10
2022-12-21T01:12:07,0,10,0,10
2022-12-21T01:21:32,0,10,0,10
2022-12-21T01:31:11,0,10,0,10
2022-12-21T01:40:35,0,10,0,10
2022-12-21T01:49:59,0,10,0,10
2022-12-21T01:59:25,0,10,0,10
2022-12-21T02:15:11,0,10,0,10
2022-12-21T02:40:34,0,10,0,10
2022-12-21T03:05:58,0,10,0,10
2022-12-21T03:15:22,0,10,0,10
2022-12-21T03:24:46,0,10,0,10
2022-12-21T03:34:10,0,10,0,10
2022-12-21T03:43:33,0,10,0,10
2022-12-21T03:52:57,0,10,0,10
2022-12-21T04:02:21,0,10,0,10
2022-12-21T04:12:54,0,10,0,10
2022-12-21T04:24:43,0,10,0,10
2022-12-21T04:34:32,0,10,0,10
2022-12-21T04:44:00,0,10,0,10
2022-12-21T04:53:25,0,10,0,10
2022-12-21T05:02:48,0,10,0,10
2022-12-21T05:12:12,0,10,0,10
2022-12-21T05:21:35,0,10,0,10
2022-12-21T05:30:59,0,10,0,10
2022-12-21T05:40:23,0,10,0,10
2022-12-21T05:49:47,0,10,0,10
2022-12-21T05:59:13,0,10,0,10
2022-12-21T06:08:38,0,10,0,10
2022-12-21T06:18:03,0,10,0,10
2022-12-21T06:27:28,0,10,0,10
2022-12-21T06:36:51,0,10,0,10
2022-12-21T06:46:15,0,10,0,10
2022-12-21T06:55:39,0,10,0,10
2022-12-21T07:05:04,0,10,0,10
2022-12-21T07:14:29,0,10,0,10
2022-12-21T07:23:54,0,10,0,10
2022-12-21T07:33:19,0,10,0,10
2022-12-21T07:42:46,0,10,0,10
2022-12-21T07:52:20,0,10,0,10
2022-12-21T08:01:45,0,10,0,10
2022-12-21T08:11:11,0,10,0,10
2022-12-21T08:20:36,0,10,0,10
2022-12-21T08:30:01,0,10,0,10
2022-12-21T08:39:28,0,10,0,10
2022-12-21T08:48:55,0,10,0,10
2022-12-21T08:58:23,0,10,0,10
2022-12-21T09:08:00,0,10,0,10
2022-12-21T09:17:26,0,10,0,10
2022-12-21T09:26:52,0,10,0,10
2022-12-21T09:36:16,0,10,0,10
2022-12-21T09:45:42,0,10,0,10
2022-12-21T09:55:06,0,10,0,10
2022-12-21T10:04:31,0,10,0,10
2022-12-21T10:13:56,0,10,0,10
2022-12-21T10:23:33,0,10,0,10
2022-12-21T10:32:58,0,10,0,10
2022-12-21T10:42:23,0,10,0,10
2022-12-21T10:51:49,0,10,0,10
2022-12-21T11:01:16,0,10,0,10
2022-12-21T11:10:41,0,10,0,10
2022-12-21T11:20:17,0,10,0,10
2022-12-21T11:29:41,0,10,0,10
2022-12-21T11:39:06,0,10,0,10
2022-12-21T11:48:31,0,10,0,10
2022-12-21T11:57:56,0,10,0,10
2022-12-21T12:07:21,0,10,0,10
2022-12-21T12:16:45,0,10,0,10
2022-12-21T12:26:09,0,10,0,10
2022-12-21T12:35:35,0,10,0,10
2022-12-21T12:45:12,0,10,0,10
2022-12-21T12:54:37,0,10,0,10
2022-12-21T13:04:01,0,10,0,10
2022-12-21T13:13:26,0,10,0,10
2022-12-21T13:22:50,0,10,0,10
2022-12-21T13:32:16,0,10,0,10
2022-12-21T13:41:42,0,10,0,10
2022-12-21T13:51:07,0,10,0,10
2022-12-21T14:00:32,0,10,0,10
2022-12-21T14:10:07,0,10,0,10
2022-12-21T14:19:32,0,10,0,10
2022-12-21T14:28:57,0,10,0,10
2022-12-21T14:38:22,0,10,0,10
2022-12-21T14:47:48,0,10,0,10
2022-12-21T14:57:13,0,10,0,10
2022-12-21T15:06:38,0,10,0,10
2022-12-21T15:16:03,0,10,0,10
2022-12-21T15:25:40,0,10,0,10
2022-12-21T15:35:05,0,10,0,10
2022-12-21T15:44:30,0,10,0,10
2022-12-21T15:53:54,0,10,0,10
2022-12-21T16:03:20,0,10,0,10
2022-12-21T16:12:45,0,10,0,10
2022-12-21T16:22:10,0,10,0,10
2022-12-21T16:31:47,0,10,0,10
2022-12-21T16:41:14,0,10,0,10
2022-12-21T16:50:39,0,10,0,10
2022-12-21T17:00:03,0,10,0,10
2022-12-21T17:09:27,0,10,0,10
2022-12-21T17:18:51,0,10,0,10
2022-12-21T17:28:15,0,10,0,10
2022-12-21T17:37:39,0,10,0,10
2022-12-21T17:47:14,0,10,0,10
2022-12-21T17:56:37,0,10,0,10
2022-12-21T18:06:01,0,10,0,10
2022-12-21T18:15:26,0,10,0,10
2022-12-21T18:24:50,0,10,0,10
2022-12-21T18:34:16,0,10,0,10
2022-12-21T18:43:39,0,10,0,10
2022-12-21T18:53:02,0,10,0,10
2022-12-21T19:02:25,0,10,0,10
2022-12-21T19:11:47,0,10,0,10
2022-12-21T19:21:21,0,10,0,10
2022-12-21T19:30:44,0,10,0,10
2022-12-21T19:40:05,0,10,0,10
2022-12-21T19:49:27,0,10,0,10
2022-12-21T19:58:49,0,10,0,10
2022-12-21T20:08:12,0,10,0,10
2022-12-21T20:17:35,0,10,0,10
2022-12-21T20:26:57,0,10,0,10
2022-12-21T20:36:19,0,10,0,10
2022-12-21T20:45:41,0,10,0,10
2022-12-21T20:55:14,0,10,0,10
2022-12-21T21:04:35,0,10,0,10
2022-12-21T21:13:57,0,10,0,10
2022-12-21T21:23:20,0,10,0,10
2022-12-21T21:32:43,0,10,0,10
2022-12-21T21:42:05,0,10,0,10
2022-12-21T21:51:27,0,10,0,10
2022-12-21T22:00:49,0,10,0,10
2022-12-21T22:10:12,0,10,0,10
2022-12-21T22:19:34,0,10,0,10
2022-12-21T22:28:56,0,10,0,10
2022-12-21T22:38:19,0,10,0,10
2022-12-21T22:47:53,0,10,0,10
2022-12-21T22:57:15,0,10,0,10
2022-12-21T23:06:38,0,10,0,10
2022-12-21T23:16:00,0,10,0,10
2022-12-21T23:25:23,0,10,0,10
2022-12-21T23:34:44,0,10,0,10
2022-12-21T23:44:08,0,10,0,10
2022-12-21T23:53:29,0,10,0,10
2022-12-22T00:02:52,0,10,0,10
2022-12-22T00:12:18,0,10,0,10
2022-12-22T00:21:44,0,10,0,10
2022-12-22T00:31:08,0,10,0,10
2022-12-22T00:40:35,0,10,0,10
2022-12-22T00:50:01,0,10,0,10
2022-12-22T00:59:27,0,10,0,10
2022-12-22T01:08:52,0,10,0,10
2022-12-22T01:18:16,0,10,0,10
2022-12-22T01:27:51,0,10,0,10
2022-12-22T01:37:16,0,10,0,10
2022-12-22T01:46:40,0,10,0,10
2022-12-22T01:56:03,0,10,0,10
2022-12-22T02:05:27,0,10,0,10
2022-12-22T02:14:48,0,10,0,10
2022-12-22T02:24:10,0,10,0,10
2022-12-22T02:33:34,0,10,0,10
2022-12-22T02:42:57,0,10,0,10
2022-12-22T02:52:23,0,10,0,10
2022-12-22T03:01:48,0,10,0,10
2022-12-22T03:11:12,0,10,0,10
2022-12-22T03:20:37,0,10,0,10
2022-12-22T03:30:01,0,10,0,10
2022-12-22T03:39:27,0,10,0,10
2022-12-22T03:48:52,0,10,0,10
2022-12-22T03:58:16,0,10,0,10
2022-12-22T04:07:41,0,10,0,10
2022-12-22T04:16:17,0,10,0,10
2022-12-22T04:25:44,0,10,0,10
2022-12-22T04:36:30,0,10,0,10
2022-12-22T04:46:14,0,10,0,10
2022-12-22T04:55:41,0,10,0,10
2022-12-22T05:05:05,0,10,0,10
2022-12-22T05:14:28,0,10,0,10
2022-12-22T05:23:51,0,10,0,10
2022-12-22T05:33:13,0,10,0,10
2022-12-22T05:42:34,0,10,0,10
2022-12-22T05:51:57,0,10,0,10
2022-12-22T06:01:23,0,10,0,10
2022-12-22T06:10:49,0,10,0,10
2022-12-22T06:20:14,0,10,0,10
2022-12-22T06:29:39,0,10,0,10
2022-12-22T06:39:03,0,10,0,10
2022-12-22T06:48:27,0,10,0,10
2022-12-22T06:57:52,0,10,0,10
2022-12-22T07:07:16,0,10,0,10
2022-12-22T07:16:41,0,10,0,10
2022-12-22T07:26:05,0,10,0,10
2022-12-22T07:35:32,0,10,0,10
2022-12-22T07:44:57,0,10,0,10
2022-12-22T07:54:22,0,10,0,10
2022-12-22T08:03:47,0,10,0,10
2022-12-22T08:13:12,0,10,0,10
2022-12-22T08:22:37,0,10,0,10
2022-12-22T08:32:03,0,10,0,10
2022-12-22T08:41:29,0,10,0,10
2022-12-22T08:50:55,0,10,0,10
2022-12-22T09:00:21,0,10,0,10
2022-12-22T09:09:49,0,10,0,10
2022-12-22T09:19:14,0,10,0,10
2022-12-22T09:28:39,0,10,0,10
2022-12-22T09:38:04,0,10,0,10
2022-12-22T09:47:29,0,10,0,10
2022-12-22T09:57:06,0,10,0,10
2022-12-22T10:06:32,0,10,0,10
2022-12-22T10:15:57,0,10,0,10
2022-12-22T10:25:24,0,10,0,10
2022-12-22T10:34:50,0,10,0,10
2022-12-22T10:44:16,0,10,0,10
2022-12-22T10:53:42,0,10,0,10
2022-12-22T11:03:07,0,10,0,10
2022-12-22T11:12:32,0,10,0,10
2022-12-22T11:21:57,0,10,0,10
2022-12-22T11:31:22,0,10,0,10
2022-12-22T11:40:46,0,10,0,10
2022-12-22T11:50:26,0,10,0,10
2022-12-22T11:59:51,0,10,0,10
2022-12-22T12:09:15,0,10,0,10
2022-12-22T12:18:40,0,10,0,10
2022-12-22T12:28:05,0,10,0,10
2022-12-22T12:37:31,0,10,0,10
2022-12-22T12:46:57,0,10,0,10
2022-12-22T12:56:22,0,10,0,10
2022-12-22T13:05:46,0,10,0,10
2022-12-22T13:15:12,0,10,0,10
2022-12-22T13:24:37,0,10,0,10
2022-12-22T13:34:03,0,10,0,10
2022-12-22T13:43:29,0,10,0,10
2022-12-22T13:52:54,0,10,0,10
2022-12-22T14:02:22,0,10,0,10
2022-12-22T14:12:00,0,10,0,10
2022-12-22T14:21:27,0,10,0,10
2022-12-22T14:30:58,0,10,0,10
2022-12-22T14:40:29,0,10,0,10
2022-12-22T14:50:03,0,10,0,10
2022-12-22T14:59:36,0,10,0,10
2022-12-22T15:09:09,0,10,0,10
2022-12-22T15:18:43,0,10,0,10
2022-12-22T15:28:15,0,10,0,10
2022-12-22T15:37:48,0,10,0,10
2022-12-22T15:47:22,0,10,0,10
2022-12-22T15:56:55,0,10,0,10
2022-12-22T16:06:36,0,10,0,10
2022-12-22T16:16:06,0,10,0,10
2022-12-22T16:25:34,0,10,0,10
2022-12-22T16:35:00,0,10,0,10
2022-12-22T16:44:27,0,10,0,10
2022-12-22T16:53:52,0,10,0,10
2022-12-22T17:03:18,0,10,0,10
2022-12-22T17:12:44,0,10,0,10
2022-12-22T17:22:10,0,10,0,10
2022-12-22T17:31:37,0,10,0,10
2022-12-22T17:41:03,0,10,0,10
2022-12-22T17:50:29,0,10,0,10
2022-12-22T17:59:55,0,10,0,10
2022-12-22T18:09:21,0,10,0,10
2022-12-22T18:18:46,0,10,0,10
2022-12-22T18:28:12,0,10,0,10
2022-12-22T18:37:39,0,10,0,10
2022-12-22T18:47:05,0,10,0,10
2022-12-22T18:56:31,0,10,0,10
2022-12-22T19:05:59,0,10,0,10
2022-12-22T19:15:26,0,10,0,10
2022-12-22T19:25:04,0,10,0,10
2022-12-22T19:34:29,0,10,0,10
2022-12-22T19:43:54,0,10,0,10
2022-12-22T19:53:20,0,10,0,10
2022-12-22T20:02:47,0,10,0,10
2022-12-22T20:12:13,0,10,0,10
2022-12-22T20:21:39,0,10,0,10
2022-12-22T20:31:04,0,10,0,10
2022-12-22T20:40:30,0,10,0,10
2022-12-22T20:49:55,0,10,0,10
2022-12-22T20:59:20,0,10,0,10
2022-12-22T21:08:46,0,10,0,10
2022-12-22T21:18:12,0,10,0,10
2022-12-22T21:27:38,0,10,0,10
2022-12-22T21:37:03,0,10,0,10
2022-12-22T21:46:30,0,10,0,10
2022-12-22T21:55:56,0,10,0,10
2022-12-22T22:05:22,0,10,0,10
2022-12-22T22:14:48,0,10,0,10
2022-12-22T22:24:14,0,10,0,10
2022-12-22T22:33:40,0,10,0,10
2022-12-22T22:43:06,0,10,0,10
2022-12-22T22:52:31,0,10,0,10
2022-12-22T23:01:57,0,10,0,10
2022-12-22T23:11:25,0,10,0,10
2022-12-22T23:20:51,0,10,0,10
2022-12-22T23:30:17,0,10,0,10
2022-12-22T23:39:44,0,10,0,10
2022-12-22T23:49:10,0,10,0,10
2022-12-22T23:58:47,0,10,0,10
2022-12-23T00:08:13,0,10,0,10
2022-12-23T00:17:40,0,10,0,10
2022-12-23T00:27:06,0,10,0,10
2022-12-23T00:36:33,0,10,0,10
2022-12-23T00:46:01,0,10,0,10
2022-12-23T00:55:28,0,10,0,10
2022-12-23T01:04:56,0,10,0,10
2022-12-23T01:14:25,0,10,0,10
2022-12-23T01:23:53,0,10,0,10
2022-12-23T01:33:22,0,10,0,10
2022-12-23T01:42:48,0,10,0,10
2022-12-23T01:52:16,0,10,0,10
2022-12-23T02:01:46,0,10,0,10
2022-12-23T02:11:12,0,10,0,10
2022-12-23T02:20:38,0,10,0,10
2022-12-23T02:30:06,0,10,0,10
2022-12-23T02:39:34,0,10,0,10
2022-12-23T02:49:00,0,10,0,10
2022-12-23T02:58:27,0,10,0,10
2022-12-23T03:07:53,0,10,0,10
2022-12-23T03:17:17,0,10,0,10
2022-12-23T03:26:42,0,10,0,10
2022-12-23T03:36:08,0,10,0,10
2022-12-23T03:45:35,0,10,0,10
2022-12-23T03:55:02,0,10,0,10
2022-12-23T04:04:30,0,10,0,10
2022-12-23T04:13:57,0,10,0,10
2022-12-23T04:22:50,0,10,0,10
2022-12-23T04:32:19,0,10,0,10
2022-12-23T04:43:06,0,10,0,10
2022-12-23T04:52:52,0,10,0,10
2022-12-23T05:02:19,0,10,0,10
2022-12-23T05:11:42,0,10,0,10
2022-12-23T05:21:06,0,10,0,10
2022-12-23T05:30:30,0,10,0,10
2022-12-23T05:39:53,0,10,0,10
2022-12-23T05:49:18,0,10,0,10
2022-12-23T05:58:46,0,10,0,10
2022-12-23T06:08:14,0,10,0,10
2022-12-23T06:17:41,0,10,0,10
2022-12-23T06:27:08,0,10,0,10
2022-12-23T06:36:33,0,10,0,10
2022-12-23T06:45:59,0,10,0,10
2022-12-23T06:55:26,0,10,0,10
2022-12-23T07:04:52,0,10,0,10
2022-12-23T07:14:18,0,10,0,10
2022-12-23T07:23:44,0,10,0,10
2022-12-23T07:33:10,0,10,0,10
2022-12-23T07:42:37,0,10,0,10
2022-12-23T07:52:03,0,10,0,10
2022-12-23T08:01:28,0,10,0,10
2022-12-23T08:10:54,0,10,0,10
2022-12-23T08:20:20,0,10,0,10
2022-12-23T08:29:46,0,10,0,10
2022-12-23T08:39:13,0,10,0,10
2022-12-23T08:48:39,0,10,0,10
2022-12-23T08:58:05,0,10,0,10
2022-12-23T09:07:31,0,10,0,10
2022-12-23T09:16:57,0,10,0,10
2022-12-23T09:26:23,0,10,0,10
2022-12-23T09:35:49,0,10,0,10
2022-12-23T09:45:13,0,10,0,10
2022-12-23T09:54:38,0,10,0,10
2022-12-23T10:04:04,0,10,0,10
2022-12-23T10:13:29,0,10,0,10
2022-12-23T10:22:54,0,10,0,10
2022-12-23T10:32:19,0,10,0,10
2022-12-23T10:41:44,0,10,0,10
2022-12-23T10:51:09,0,10,0,10
2022-12-23T11:00:34,0,10,0,10
2022-12-23T11:10:00,0,10,0,10
2022-12-23T11:19:25,0,10,0,10
2022-12-23T11:28:51,0,10,0,10
2022-12-23T11:38:16,0,10,0,10
2022-12-23T11:47:41,0,10,0,10
2022-12-23T11:57:06,0,10,0,10
2022-12-23T12:06:41,0,10,0,10
2022-12-23T12:16:07,0,10,0,10
2022-12-23T12:25:32,0,10,0,10
2022-12-23T12:34:58,0,10,0,10
2022-12-23T12:44:23,0,10,0,10
2022-12-23T12:53:48,0,10,0,10
2022-12-23T13:03:13,0,10,0,10
2022-12-23T13:12:38,0,10,0,10
2022-12-23T13:22:04,0,10,0,10
2022-12-23T13:31:29,0,10,0,10
2022-12-23T13:40:53,0,10,0,10
2022-12-23T13:50:18,0,10,0,10
2022-12-23T13:59:44,0,10,0,10
2022-12-23T14:09:09,0,10,0,10
2022-12-23T14:18:34,0,10,0,10
2022-12-23T14:28:02,0,10,0,10
2022-12-23T14:37:27,0,10,0,10
2022-12-23T14:46:51,0,10,0,10
2022-12-23T14:56:28,0,10,0,10
2022-12-23T15:05:53,0,10,0,10
2022-12-23T15:15:18,0,10,0,10
2022-12-23T15:24:43,0,10,0,10
2022-12-23T15:34:11,0,10,0,10
2022-12-23T15:43:38,0,10,0,10
2022-12-23T15:53:03,0,10,0,10
2022-12-23T16:02:27,0,10,0,10
2022-12-23T16:11:52,0,10,0,10
2022-12-23T16:21:16,0,10,0,10
2022-12-23T16:30:42,0,10,0,10
2022-12-23T16:40:07,0,10,0,10
2022-12-23T16:49:32,0,10,0,10
2022-12-23T16:59:06,0,10,0,10
2022-12-23T17:08:32,0,10,0,10
2022-12-23T17:17:57,0,10,0,10
2022-12-23T17:27:23,0,10,0,10
2022-12-23T17:36:48,0,10,0,10
2022-12-23T17:46:12,0,10,0,10
2022-12-23T17:55:37,0,10,0,10
2022-12-23T18:05:03,0,10,0,10
2022-12-23T18:14:28,0,10,0,10
2022-12-23T18:23:53,0,10,0,10
2022-12-23T18:33:19,0,10,0,10
2022-12-23T18:42:43,0,10,0,10
2022-12-23T18:52:06,0,10,0,10
2022-12-23T19:01:33,0,10,0,10
2022-12-23T19:10:58,0,10,0,10
2022-12-23T19:20:23,0,10,0,10
2022-12-23T19:29:58,0,10,0,10
2022-12-23T19:39:21,0,10,0,10
2022-12-23T19:48:44,0,10,0,10
2022-12-23T19:58:07,0,10,0,10
2022-12-23T20:07:33,0,10,0,10
2022-12-23T20:16:58,0,10,0,10
2022-12-23T20:26:21,0,10,0,10
2022-12-23T20:35:45,0,10,0,10
2022-12-23T20:45:10,0,10,0,10
2022-12-23T20:54:33,0,10,0,10
2022-12-23T21:03:57,0,10,0,10
2022-12-23T21:13:19,0,10,0,10
2022-12-23T21:22:43,0,10,0,10
2022-12-23T21:32:07,0,10,0,10
2022-12-23T21:41:30,0,10,0,10
2022-12-23T21:50:53,0,10,0,10
2022-12-23T22:00:16,0,10,0,10
2022-12-23T22:09:41,0,10,0,10
2022-12-23T22:19:15,0,10,0,10
2022-12-23T22:28:38,0,10,0,10
2022-12-23T22:38:02,0,10,0,10
2022-12-23T22:47:24,0,10,0,10
2022-12-23T22:56:49,0,10,0,10
2022-12-23T23:06:13,0,10,0,10
2022-12-23T23:15:37,0,10,0,10
2022-12-23T23:25:00,0,10,0,10
2022-12-23T23:34:24,0,10,0,10
2022-12-23T23:43:48,0,10,0,10
2022-12-23T23:53:12,0,10,0,10
2022-12-24T00:02:35,0,10,0,10
2022-12-24T00:12:02,0,10,0,10
2022-12-24T00:21:29,0,10,0,10
2022-12-24T00:30:53,0,10,0,10
2022-12-24T00:40:18,0,10,0,10
2022-12-24T00:49:45,0,10,0,10
2022-12-24T00:59:10,0,10,0,10
2022-12-24T01:08:36,0,10,0,10
2022-12-24T01:18:02,0,10,0,10
2022-12-24T01:27:28,0,10,0,10
2022-12-24T01:36:52,0,10,0,10
2022-12-24T01:46:15,0,10,0,10
2022-12-24T01:55:40,0,10,0,10
2022-12-24T02:05:07,0,10,0,10
2022-12-24T02:14:33,0,10,0,10
2022-12-24T02:23:58,0,10,0,10
2022-12-24T02:33:24,0,10,0,10
2022-12-24T02:42:48,0,10,0,10
2022-12-24T02:52:13,0,10,0,10
2022-12-24T03:01:38,0,10,0,10
2022-12-24T03:11:02,0,10,0,10
2022-12-24T03:20:27,0,10,0,10
2022-12-24T03:29:52,0,10,0,10
2022-12-24T03:39:19,0,10,0,10
2022-12-24T03:48:45,0,10,0,10
2022-12-24T03:58:13,0,10,0,10
2022-12-24T04:07:42,0,10,0,10
2022-12-24T04:28:28,0,10,0,10
2022-12-24T04:39:08,0,10,0,10
2022-12-24T04:48:51,0,10,0,10
2022-12-24T04:58:17,0,10,0,10
2022-12-24T05:07:43,0,10,0,10
2022-12-24T05:17:07,0,10,0,10
2022-12-24T05:26:31,0,10,0,10
2022-12-24T05:35:56,0,10,0,10
2022-12-24T05:45:20,0,10,0,10
2022-12-24T05:54:47,0,10,0,10
2022-12-24T06:04:15,0,10,0,10
2022-12-24T06:13:42,0,10,0,10
2022-12-24T06:23:09,0,10,0,10
2022-12-24T06:32:35,0,10,0,10
2022-12-24T06:42:00,0,10,0,10
2022-12-24T06:51:25,0,10,0,10
2022-12-24T07:00:50,0,10,0,10
2022-12-24T07:10:15,0,10,0,10
2022-12-24T07:19:41,0,10,0,10
2022-12-24T07:29:07,0,10,0,10
2022-12-24T07:38:33,0,10,0,10
2022-12-24T07:47:59,0,10,0,10
2022-12-24T07:57:25,0,10,0,10
2022-12-24T08:06:50,0,10,0,10
2022-12-24T08:16:16,0,10,0,10
2022-12-24T08:25:45,0,10,0,10
2022-12-24T08:35:11,0,10,0,10
2022-12-24T08:44:36,0,10,0,10
2022-12-24T08:54:01,0,10,0,10
2022-12-24T09:03:27,0,10,0,10
2022-12-24T09:12:52,0,10,0,10
2022-12-24T09:22:18,0,10,0,10
2022-12-24T09:31:44,0,10,0,10
2022-12-24T09:41:09,0,10,0,10
2022-12-24T09:50:34,0,10,0,10
2022-12-24T09:59:59,0,10,0,10
2022-12-24T10:09:32,0,10,0,10
2022-12-24T10:18:57,0,10,0,10
2022-12-24T10:28:22,0,10,0,10
2022-12-24T10:37:49,0,10,0,10
2022-12-24T10:47:15,0,10,0,10
2022-12-24T10:56:40,0,10,0,10
2022-12-24T11:06:04,0,10,0,10
2022-12-24T11:15:29,0,10,0,10
2022-12-24T11:24:53,0,10,0,10
2022-12-24T11:34:19,0,10,0,10
2022-12-24T11:43:44,0,10,0,10
2022-12-24T11:53:09,0,10,0,10
2022-12-24T12:02:33,0,10,0,10
2022-12-24T12:11:57,0,10,0,10
2022-12-24T12:21:22,0,10,0,10
2022-12-24T12:30:47,0,10,0,10
2022-12-24T12:40:12,0,10,0,10
2022-12-24T12:49:47,0,10,0,10
2022-12-24T12:59:11,0,10,0,10
2022-12-24T13:08:35,0,10,0,10
2022-12-24T13:18:00,0,10,0,10
2022-12-24T13:27:26,0,10,0,10
2022-12-24T13:36:52,0,10,0,10
2022-12-24T13:46:18,0,10,0,10
2022-12-24T13:55:42,0,10,0,10
2022-12-24T14:05:06,0,10,0,10
2022-12-24T14:14:31,0,10,0,10
2022-12-24T14:23:56,0,10,0,10
2022-12-24T14:33:20,0,10,0,10
2022-12-24T14:42:45,0,10,0,10
2022-12-24T14:52:10,0,10,0,10
2022-12-24T15:01:34,0,10,0,10
2022-12-24T15:10:58,0,10,0,10
2022-12-24T15:20:22,0,10,0,10
2022-12-24T15:29:48,0,10,0,10
2022-12-24T15:39:13,0,10,0,10
2022-12-24T15:48:48,0,10,0,10
2022-12-24T15:58:14,0,10,0,10
2022-12-24T16:07:40,0,10,0,10
2022-12-24T16:17:07,0,10,0,10
2022-12-24T16:26:31,0,10,0,10
2022-12-24T16:35:55,0,10,0,10
2022-12-24T16:45:20,0,10,0,10
2022-12-24T16:54:47,0,10,0,10
2022-12-24T17:04:11,0,10,0,10
2022-12-24T17:13:36,0,10,0,10
2022-12-24T17:23:01,0,10,0,10
2022-12-24T17:32:25,0,10,0,10
2022-12-24T17:41:50,0,10,0,10
2022-12-24T17:51:14,0,10,0,10
2022-12-24T18:00:38,0,10,0,10
2022-12-24T18:10:01,0,10,0,10
2022-12-24T18:19:24,0,10,0,10
2022-12-24T18:29:00,0,10,0,10
2022-12-24T18:38:23,0,10,0,10
2022-12-24T18:47:47,0,10,0,10
2022-12-24T18:57:11,0,10,0,10
2022-12-24T19:06:34,0,10,0,10
2022-12-24T19:15:58,0,10,0,10
2022-12-24T19:25:21,0,10,0,10
2022-12-24T19:34:45,0,10,0,10
2022-12-24T19:44:08,0,10,0,10
2022-12-24T19:53:31,0,10,0,10
2022-12-24T20:02:54,0,10,0,10
2022-12-24T20:12:17,0,10,0,10
2022-12-24T20:21:39,0,10,0,10
2022-12-24T20:31:03,0,10,0,10
2022-12-24T20:40:26,0,10,0,10
2022-12-24T20:49:49,0,10,0,10
2022-12-24T20:59:11,0,10,0,10
2022-12-24T21:08:35,0,10,0,10
2022-12-24T21:17:57,0,10,0,10
2022-12-24T21:27:30,0,10,0,10
2022-12-24T21:36:53,0,10,0,10
2022-12-24T21:46:17,0,10,0,10
2022-12-24T21:55:40,0,10,0,10
2022-12-24T22:05:05,0,10,0,10
2022-12-24T22:14:29,0,10,0,10
2022-12-24T22:23:52,0,10,0,10
2022-12-24T22:33:15,0,10,0,10
2022-12-24T22:42:40,0,10,0,10
2022-12-24T22:52:03,0,10,0,10
2022-12-24T23:01:27,0,10,0,10
2022-12-24T23:10:52,0,10,0,10
2022-12-24T23:20:16,0,10,0,10
2022-12-24T23:29:40,0,10,0,10
2022-12-24T23:39:06,0,10,0,10
2022-12-24T23:48:30,0,10,0,10
2022-12-24T23:57:54,0,10,0,10
2022-12-25T00:07:18,0,10,0,10
2022-12-25T00:16:45,0,10,0,10
2022-12-25T00:26:10,0,10,0,10
2022-12-25T00:35:37,0,10,0,10
2022-12-25T00:45:03,0,10,0,10
2022-12-25T00:54:28,0,10,0,10
2022-12-25T01:03:54,0,10,0,10
2022-12-25T01:13:19,0,10,0,10
2022-12-25T01:22:43,0,10,0,10
2022-12-25T01:32:09,0,10,0,10
2022-12-25T01:41:44,0,10,0,10
2022-12-25T01:51:09,0,10,0,10
2022-12-25T02:00:37,0,10,0,10
2022-12-25T02:10:04,0,10,0,10
2022-12-25T02:19:32,0,10,0,10
2022-12-25T02:28:58,0,10,0,10
2022-12-25T02:38:23,0,10,0,10
2022-12-25T02:47:46,0,10,0,10
2022-12-25T02:57:11,0,10,0,10
2022-12-25T03:06:36,0,10,0,10
2022-12-25T03:16:02,0,10,0,10
2022-12-25T03:25:28,0,10,0,10
2022-12-25T03:34:54,0,10,0,10
2022-12-25T03:44:22,0,10,0,10
2022-12-25T03:53:50,0,10,0,10
2022-12-25T04:03:17,0,10,0,10
2022-12-25T04:12:44,0,10,0,10
2022-12-25T04:22:41,0,10,0,10
2022-12-25T04:32:09,0,10,0,10
2022-12-25T04:42:45,0,10,0,10
2022-12-25T04:52:27,0,10,0,10
2022-12-25T05:01:53,0,10,0,10
2022-12-25T05:11:17,0,10,0,10
2022-12-25T05:20:42,0,10,0,10
2022-12-25T05:30:06,0,10,0,10
2022-12-25T05:39:30,0,10,0,10
2022-12-25T05:48:54,0,10,0,10
2022-12-25T05:58:21,0,10,0,10
2022-12-25T06:07:50,0,10,0,10
2022-12-25T06:17:20,0,10,0,10
2022-12-25T06:26:46,0,10,0,10
2022-12-25T06:36:11,0,10,0,10
2022-12-25T06:45:36,0,10,0,10
2022-12-25T06:55:00,0,10,0,10
2022-12-25T07:04:26,0,10,0,10
2022-12-25T07:13:52,0,10,0,10
2022-12-25T07:23:19,0,10,0,10
2022-12-25T07:32:44,0,10,0,10
2022-12-25T07:42:11,0,10,0,10
2022-12-25T07:51:37,0,10,0,10
2022-12-25T08:01:02,0,10,0,10
2022-12-25T08:10:28,0,10,0,10
2022-12-25T08:19:55,0,10,0,10
2022-12-25T08:29:23,0,10,0,10
2022-12-25T08:38:50,0,10,0,10
2022-12-25T08:48:20,0,10,0,10
2022-12-25T08:57:45,0,10,0,10
2022-12-25T09:07:10,0,10,0,10
2022-12-25T09:16:37,0,10,0,10
2022-12-25T09:26:02,0,10,0,10
2022-12-25T09:35:27,0,10,0,10
2022-12-25T09:44:52,0,10,0,10
2022-12-25T09:54:18,0,10,0,10
2022-12-25T10:03:43,0,10,0,10
2022-12-25T10:13:07,0,10,0,10
2022-12-25T10:22:32,0,10,0,10
2022-12-25T10:31:58,0,10,0,10
2022-12-25T10:41:24,0,10,0,10
2022-12-25T10:50:50,0,10,0,10
2022-12-25T11:00:23,0,10,0,10
2022-12-25T11:09:48,0,10,0,10
2022-12-25T11:19:13,0,10,0,10
2022-12-25T11:28:38,0,10,0,10
2022-12-25T11:34:27,0,10,0,10
2022-12-25T11:43:55,0,10,0,10
2022-12-25T11:53:22,0,10,0,10
2022-12-25T12:02:48,0,10,0,10
2022-12-25T12:12:15,0,10,0,10
2022-12-25T12:21:41,0,10,0,10
2022-12-25T12:31:06,0,10,0,10
2022-12-25T12:40:33,0,10,0,10
2022-12-25T12:49:59,0,10,0,10
2022-12-25T12:59:25,0,10,0,10
2022-12-25T13:08:50,0,10,0,10
2022-12-25T13:18:16,0,10,0,10
2022-12-25T13:27:41,0,10,0,10
2022-12-25T13:37:07,0,10,0,10
2022-12-25T13:46:33,0,10,0,10
2022-12-25T13:55:58,0,10,0,10
2022-12-25T14:05:24,0,10,0,10
2022-12-25T14:14:50,0,10,0,10
2022-12-25T14:24:15,0,10,0,10
2022-12-25T14:33:41,0,10,0,10
2022-12-25T14:43:06,0,10,0,10
2022-12-25T14:52:32,0,10,0,10
2022-12-25T15:01:59,0,10,0,10
2022-12-25T15:11:26,0,10,0,10
2022-12-25T15:21:06,0,10,0,10
2022-12-25T15:30:32,0,10,0,10
2022-12-25T15:39:58,0,10,0,10
2022-12-25T15:49:30,0,10,0,10
2022-12-25T15:59:03,0,10,0,10
2022-12-25T16:08:37,0,10,0,10
2022-12-25T16:18:11,0,10,0,10
2022-12-25T16:27:44,0,10,0,10
2022-12-25T16:37:18,0,10,0,10
2022-12-25T16:46:51,0,10,0,10
2022-12-25T16:56:24,0,10,0,10
2022-12-25T17:05:57,0,10,0,10
2022-12-25T17:15:28,0,10,0,10
2022-12-25T17:24:57,0,10,0,10
2022-12-25T17:34:25,0,10,0,10
2022-12-25T17:43:53,0,10,0,10
2022-12-25T17:53:18,0,10,0,10
2022-12-25T18:02:44,0,10,0,10
2022-12-25T18:12:10,0,10,0,10
2022-12-25T18:21:36,0,10,0,10
2022-12-25T18:31:02,0,10,0,10
2022-12-25T18:40:30,0,10,0,10
2022-12-25T18:49:57,0,10,0,10
2022-12-25T18:59:23,0,10,0,10
2022-12-25T19:08:54,0,10,0,10
2022-12-25T19:18:21,0,10,0,10
2022-12-25T19:27:47,0,10,0,10
2022-12-25T19:37:12,0,10,0,10
2022-12-25T19:46:48,0,10,0,10
2022-12-25T19:56:14,0,10,0,10
2022-12-25T20:05:39,0,10,0,10
2022-12-25T20:15:05,0,10,0,10
2022-12-25T20:24:31,0,10,0,10
2022-12-25T20:33:57,0,10,0,10
2022-12-25T20:43:23,0,10,0,10
2022-12-25T20:52:48,0,10,0,10
2022-12-25T21:02:14,0,10,0,10
2022-12-25T21:11:41,0,10,0,10
2022-12-25T21:21:08,0,10,0,10
2022-12-25T21:30:36,0,10,0,10
2022-12-25T21:40:03,0,10,0,10
2022-12-25T21:49:30,0,10,0,10
2022-12-25T21:58:57,0,10,0,10
2022-12-25T22:08:24,0,10,0,10
2022-12-25T22:17:50,0,10,0,10
2022-12-25T22:27:16,0,10,0,10
2022-12-25T22:36:42,0,10,0,10
2022-12-25T22:46:07,0,10,0,10
2022-12-25T22:55:31,0,10,0,10
2022-12-25T23:04:56,0,10,0,10
2022-12-25T23:14:22,0,10,0,10
2022-12-25T23:23:57,0,10,0,10
2022-12-25T23:33:22,0,10,0,10
2022-12-25T23:42:46,0,10,0,10
2022-12-25T23:52:10,0,10,0,10
2022-12-26T00:01:35,0,10,0,10
2022-12-26T00:11:00,0,10,0,10
2022-12-26T00:20:34,0,10,0,10
2022-12-26T00:30:02,0,10,0,10
2022-12-26T00:39:30,0,10,0,10
2022-12-26T00:48:59,0,10,0,10
2022-12-26T00:58:26,0,10,0,10
2022-12-26T01:07:51,0,10,0,10
2022-12-26T01:17:21,0,10,0,10
2022-12-26T01:26:52,0,10,0,10
2022-12-26T01:36:19,0,10,0,10
2022-12-26T01:45:47,0,10,0,10
2022-12-26T01:55:14,0,10,0,10
2022-12-26T02:04:41,0,10,0,10
2022-12-26T02:14:09,0,10,0,10
2022-12-26T02:23:36,0,10,0,10
2022-12-26T02:33:02,0,10,0,10
2022-12-26T02:42:27,0,10,0,10
2022-12-26T02:51:53,0,10,0,10
2022-12-26T03:01:18,0,10,0,10
2022-12-26T03:10:44,0,10,0,10
2022-12-26T03:20:10,0,10,0,10
2022-12-26T03:29:35,0,10,0,10
2022-12-26T03:39:03,0,10,0,10
2022-12-26T03:48:30,0,10,0,10
2022-12-26T03:57:58,0,10,0,10
2022-12-26T04:07:25,0,10,0,10
2022-12-26T04:19:15,0,10,0,10
2022-12-26T04:28:45,0,10,0,10
2022-12-26T04:38:12,0,10,0,10
2022-12-26T04:48:51,0,10,0,10
2022-12-26T04:58:33,0,10,0,10
2022-12-26T05:07:58,0,10,0,10
2022-12-26T05:17:22,0,10,0,10
2022-12-26T05:26:49,0,10,0,10
2022-12-26T05:36:14,0,10,0,10
2022-12-26T05:45:38,0,10,0,10
2022-12-26T05:55:05,0,10,0,10
2022-12-26T06:04:34,0,10,0,10
2022-12-26T06:14:02,0,10,0,10
2022-12-26T06:23:30,0,10,0,10
2022-12-26T06:32:56,0,10,0,10
2022-12-26T06:42:21,0,10,0,10
2022-12-26T06:51:47,0,10,0,10
2022-12-26T07:01:12,0,10,0,10
2022-12-26T07:10:39,0,10,0,10
2022-12-26T07:20:05,0,10,0,10
2022-12-26T07:29:32,0,10,0,10
2022-12-26T07:38:59,0,10,0,10
2022-12-26T07:48:26,0,10,0,10
2022-12-26T07:57:53,0,10,0,10
2022-12-26T08:07:20,0,10,0,10
2022-12-26T08:16:46,0,10,0,10
2022-12-26T08:26:13,0,10,0,10
2022-12-26T08:35:39,0,10,0,10
2022-12-26T08:45:05,0,10,0,10
2022-12-26T08:54:32,0,10,0,10
2022-12-26T09:03:58,0,10,0,10
2022-12-26T09:13:24,0,10,0,10
2022-12-26T09:22:50,0,10,0,10
2022-12-26T09:32:16,0,10,0,10
2022-12-26T09:41:45,0,10,0,10
2022-12-26T09:51:11,0,10,0,10
2022-12-26T10:00:37,0,10,0,10
2022-12-26T10:10:03,0,10,0,10
2022-12-26T10:19:28,0,10,0,10
2022-12-26T10:28:54,0,10,0,10
2022-12-26T10:38:20,0,10,0,10
2022-12-26T10:47:46,0,10,0,10
2022-12-26T10:57:12,0,10,0,10
2022-12-26T11:06:39,0,10,0,10
2022-12-26T11:16:06,0,10,0,10
2022-12-26T11:25:33,0,10,0,10
2022-12-26T11:34:58,0,10,0,10
2022-12-26T11:44:25,0,10,0,10
2022-12-26T11:53:51,0,10,0,10
2022-12-26T12:03:25,0,10,0,10
2022-12-26T12:12:51,0,10,0,10
2022-12-26T12:22:17,0,10,0,10
2022-12-26T12:31:43,0,10,0,10
2022-12-26T12:41:10,0,10,0,10
2022-12-26T12:50:36,0,10,0,10
2022-12-26T13:00:03,0,10,0,10
2022-12-26T13:09:29,0,10,0,10
2022-12-26T13:18:55,0,10,0,10
2022-12-26T13:28:21,0,10,0,10
2022-12-26T13:37:48,0,10,0,10
2022-12-26T13:47:16,0,10,0,10
2022-12-26T13:56:42,0,10,0,10
2022-12-26T14:06:10,0,10,0,10
2022-12-26T14:15:35,0,10,0,10
2022-12-26T14:25:01,0,10,0,10
2022-12-26T14:34:26,0,10,0,10
2022-12-26T14:43:52,0,10,0,10
2022-12-26T14:53:18,0,10,0,10
2022-12-26T15:02:44,0,10,0,10
2022-12-26T15:12:10,0,10,0,10
2022-12-26T15:21:36,0,10,0,10
2022-12-26T15:31:11,0,10,0,10
2022-12-26T15:40:37,0,10,0,10
2022-12-26T15:50:03,0,10,0,10
2022-12-26T15:59:29,0,10,0,10
2022-12-26T16:08:55,0,10,0,10
2022-12-26T16:18:21,0,10,0,10
2022-12-26T16:27:47,0,10,0,10
2022-12-26T16:37:13,0,10,0,10
2022-12-26T16:46:38,0,10,0,10
2022-12-26T16:56:03,0,10,0,10
2022-12-26T17:05:29,0,10,0,10
2022-12-26T17:14:55,0,10,0,10
2022-12-26T17:24:20,0,10,0,10
2022-12-26T17:33:46,0,10,0,10
2022-12-26T17:43:12,0,10,0,10
2022-12-26T17:52:39,0,10,0,10
2022-12-26T18:02:05,0,10,0,10
2022-12-26T18:11:31,0,10,0,10
2022-12-26T18:20:57,0,10,0,10
2022-12-26T18:30:22,0,10,0,10
2022-12-26T18:39:46,0,10,0,10
2022-12-26T18:49:10,0,10,0,10
2022-12-26T18:58:34,0,10,0,10
2022-12-26T19:08:09,0,10,0,10
2022-12-26T19:17:33,0,10,0,10
2022-12-26T19:26:58,0,10,0,10
2022-12-26T19:36:22,0,10,0,10
2022-12-26T19:45:46,0,10,0,10
2022-12-26T19:55:10,0,10,0,10
2022-12-26T20:04:34,0,10,0,10
2022-12-26T20:13:58,0,10,0,10
2022-12-26T20:23:22,0,10,0,10
2022-12-26T20:32:47,0,10,0,10
2022-12-26T20:42:11,0,10,0,10
2022-12-26T20:51:35,0,10,0,10
2022-12-26T21:00:59,0,10,0,10
2022-12-26T21:10:25,0,10,0,10
2022-12-26T21:19:49,0,10,0,10
2022-12-26T21:29:14,0,10,0,10
2022-12-26T21:38:39,0,10,0,10
2022-12-26T21:48:03,0,10,0,10
2022-12-26T21:57:27,0,10,0,10
2022-12-26T22:06:52,0,10,0,10
2022-12-26T22:16:17,0,10,0,10
2022-12-26T22:25:53,0,10,0,10
2022-12-26T22:35:19,0,10,0,10
2022-12-26T22:44:44,0,10,0,10
2022-12-26T22:54:08,0,10,0,10
2022-12-26T23:03:32,0,10,0,10
2022-12-26T23:12:57,0,10,0,10
2022-12-26T23:22:22,0,10,0,10
2022-12-26T23:31:47,0,10,0,10
2022-12-26T23:41:12,0,10,0,10
2022-12-26T23:50:37,0,10,0,10
2022-12-27T00:00:01,0,10,0,10
2022-12-27T00:09:26,0,10,0,10
2022-12-27T00:18:52,0,10,0,10
2022-12-27T00:28:17,0,10,0,10
2022-12-27T00:37:43,0,10,0,10
2022-12-27T00:47:09,0,10,0,10
2022-12-27T00:56:38,0,10,0,10
2022-12-27T01:06:05,0,10,0,10
2022-12-27T01:15:32,0,10,0,10
2022-12-27T01:25:00,0,10,0,10
2022-12-27T01:34:27,0,10,0,10
2022-12-27T01:43:52,0,10,0,10
2022-12-27T01:53:16,0,10,0,10
2022-12-27T02:02:43,0,10,0,10
2022-12-27T02:12:10,0,10,0,10
2022-12-27T02:21:36,0,10,0,10
2022-12-27T02:31:02,0,10,0,10
2022-12-27T02:40:28,0,10,0,10
2022-12-27T02:49:53,0,10,0,10
2022-12-27T02:59:19,0,10,0,10
2022-12-27T03:08:45,0,10,0,10
2022-12-27T03:18:11,0,10,0,10
2022-12-27T03:27:37,0,10,0,10
2022-12-27T03:37:04,0,10,0,10
2022-12-27T03:46:32,0,10,0,10
2022-12-27T03:55:59,0,10,0,10
2022-12-27T04:13:15,0,10,0,10
2022-12-27T04:22:45,0,10,0,10
2022-12-27T04:32:13,0,10,0,10
2022-12-27T04:42:55,0,10,0,10
2022-12-27T04:52:39,0,10,0,10
2022-12-27T05:02:04,0,10,0,10
2022-12-27T05:11:31,0,10,0,10
2022-12-27T05:20:55,0,10,0,10
2022-12-27T05:30:19,0,10,0,10
2022-12-27T05:39:44,0,10,0,10
2022-12-27T05:49:10,0,10,0,10
2022-12-27T05:58:37,0,10,0,10
2022-12-27T06:08:06,0,10,0,10
2022-12-27T06:17:34,0,10,0,10
2022-12-27T06:27:02,0,10,0,10
2022-12-27T06:36:28,0,10,0,10
2022-12-27T06:45:53,0,10,0,10
2022-12-27T06:55:19,0,10,0,10
2022-12-27T07:04:45,0,10,0,10
2022-12-27T07:14:12,0,10,0,10
2022-12-27T07:23:39,0,10,0,10
2022-12-27T07:33:06,0,10,0,10
2022-12-27T07:42:33,0,10,0,10
2022-12-27T07:52:00,0,10,0,10
2022-12-27T08:01:27,0,10,0,10
2022-12-27T08:10:54,0,10,0,10
2022-12-27T08:20:20,0,10,0,10
2022-12-27T08:29:48,0,10,0,10
2022-12-27T08:39:14,0,10,0,10
2022-12-27T08:48:41,0,10,0,10
2022-12-27T08:58:08,0,10,0,10
2022-12-27T09:07:38,0,10,0,10
2022-12-27T09:17:05,0,10,0,10
2022-12-27T09:26:32,0,10,0,10
2022-12-27T09:35:58,0,10,0,10
2022-12-27T09:45:24,0,10,0,10
2022-12-27T09:54:59,0,10,0,10
2022-12-27T10:04:25,0,10,0,10
2022-12-27T10:13:51,0,10,0,10
2022-12-27T10:23:20,0,10,0,10
2022-12-27T10:32:48,0,10,0,10
2022-12-27T10:42:18,0,10,0,10
2022-12-27T10:51:52,0,10,0,10
2022-12-27T11:01:19,0,10,0,10
2022-12-27T11:10:45,0,10,0,10
2022-12-27T11:20:11,0,10,0,10
2022-12-27T11:29:38,0,10,0,10
2022-12-27T11:39:04,0,10,0,10
2022-12-27T11:48:31,0,10,0,10
2022-12-27T11:57:58,0,10,0,10
2022-12-27T12:07:34,0,10,0,10
2022-12-27T12:17:00,0,10,0,10
2022-12-27T12:26:26,0,10,0,10
2022-12-27T12:35:53,0,10,0,10
2022-12-27T12:45:19,0,10,0,10
2022-12-27T12:54:48,0,10,0,10
2022-12-27T13:04:15,0,10,0,10
2022-12-27T13:13:41,0,10,0,10
2022-12-27T13:23:08,0,10,0,10
2022-12-27T13:32:34,0,10,0,10
2022-12-27T13:42:01,0,10,0,10
2022-12-27T13:51:27,0,10,0,10
2022-12-27T14:00:54,0,10,0,10
2022-12-27T14:10:20,0,10,0,10
2022-12-27T14:19:46,0,10,0,10
2022-12-27T14:29:13,0,10,0,10
2022-12-27T14:38:39,0,10,0,10
2022-12-27T14:48:06,0,10,0,10
2022-12-27T14:57:42,0,10,0,10
2022-12-27T15:07:09,0,10,0,10
2022-12-27T15:16:35,0,10,0,10
2022-12-27T15:26:02,0,10,0,10
2022-12-27T15:35:29,0,10,0,10
2022-12-27T15:44:55,0,10,0,10
2022-12-27T15:54:22,0,10,0,10
2022-12-27T16:03:49,0,10,0,10
2022-12-27T16:13:16,0,10,0,10
2022-12-27T16:22:42,0,10,0,10
2022-12-27T16:32:09,0,10,0,10
2022-12-27T16:41:35,0,10,0,10
2022-12-27T16:51:02,0,10,0,10
2022-12-27T17:00:28,0,10,0,10
2022-12-27T17:09:55,0,10,0,10
2022-12-27T17:19:24,0,10,0,10
2022-12-27T17:29:02,0,10,0,10
2022-12-27T17:38:28,0,10,0,10
2022-12-27T17:47:55,0,10,0,10
2022-12-27T17:57:21,0,10,0,10
2022-12-27T18:06:47,0,10,0,10
2022-12-27T18:16:14,0,10,0,10
2022-12-27T18:25:40,0,10,0,10
2022-12-27T18:35:06,0,10,0,10
2022-12-27T18:44:33,0,10,0,10
2022-12-27T18:53:59,0,10,0,10
2022-12-27T19:03:25,0,10,0,10
2022-12-27T19:12:52,0,10,0,10
2022-12-27T19:22:18,0,10,0,10
2022-12-27T19:31:45,0,10,0,10
2022-12-27T19:41:11,0,10,0,10
2022-12-27T19:50:37,0,10,0,10
2022-12-27T20:00:03,0,10,0,10
2022-12-27T20:09:32,0,10,0,10
2022-12-27T20:19:09,0,10,0,10
2022-12-27T20:28:36,0,10,0,10
2022-12-27T20:38:02,0,10,0,10
2022-12-27T20:47:28,0,10,0,10
2022-12-27T20:56:54,0,10,0,10
2022-12-27T21:06:20,0,10,0,10
2022-12-27T21:15:46,0,10,0,10
2022-12-27T21:25:12,0,10,0,10
2022-12-27T21:34:39,0,10,0,10
2022-12-27T21:44:05,0,10,0,10
2022-12-27T21:53:31,0,10,0,10
2022-12-27T22:02:57,0,10,0,10
2022-12-27T22:12:24,0,10,0,10
2022-12-27T22:21:51,0,10,0,10
2022-12-27T22:31:18,0,10,0,10
2022-12-27T22:40:44,0,10,0,10
2022-12-27T22:50:10,0,10,0,10
2022-12-27T22:59:37,0,10,0,10
2022-12-27T23:09:03,0,10,0,10
2022-12-27T23:18:27,0,10,0,10
2022-12-27T23:27:52,0,10,0,10
2022-12-27T23:37:17,0,10,0,10
2022-12-27T23:46:41,0,10,0,10
2022-12-27T23:56:07,0,10,0,10
2022-12-28T00:05:43,0,10,0,10
2022-12-28T00:15:10,0,10,0,10
2022-12-28T00:24:38,0,10,0,10
2022-12-28T00:34:05,0,10,0,10
2022-12-28T00:43:32,0,10,0,10
2022-12-28T00:53:01,0,10,0,10
2022-12-28T01:02:30,0,10,0,10
2022-12-28T01:11:59,0,10,0,10
2022-12-28T01:21:26,0,10,0,10
2022-12-28T01:30:54,0,10,0,10
2022-12-28T01:40:22,0,10,0,10
2022-12-28T01:49:47,0,10,0,10
2022-12-28T01:59:15,0,10,0,10
2022-12-28T02:08:42,0,10,0,10
2022-12-28T02:18:09,0,10,0,10
2022-12-28T02:27:35,0,10,0,10
2022-12-28T02:37:01,0,10,0,10
2022-12-28T02:46:26,0,10,0,10
2022-12-28T02:55:52,0,10,0,10
2022-12-28T03:05:18,0,10,0,10
2022-12-28T03:14:44,0,10,0,10
2022-12-28T03:24:10,0,10,0,10
2022-12-28T03:33:37,0,10,0,10
2022-12-28T03:43:05,0,10,0,10
2022-12-28T03:52:32,0,10,0,10
2022-12-28T04:02:01,0,10,0,10
2022-12-28T04:14:55,0,10,0,10
2022-12-28T04:25:38,0,10,0,10
2022-12-28T04:35:22,0,10,0,10
2022-12-28T04:44:50,0,10,0,10
2022-12-28T04:54:16,0,10,0,10
2022-12-28T05:03:41,0,10,0,10
2022-12-28T05:13:05,0,10,0,10
2022-12-28T05:22:29,0,10,0,10
2022-12-28T05:31:53,0,10,0,10
2022-12-28T05:41:17,0,10,0,10
2022-12-28T05:50:43,0,10,0,10
2022-12-28T06:00:10,0,10,0,10
2022-12-28T06:09:41,0,10,0,10
2022-12-28T06:19:09,0,10,0,10
2022-12-28T06:28:37,0,10,0,10
2022-12-28T06:38:03,0,10,0,10
2022-12-28T06:47:29,0,10,0,10
2022-12-28T06:56:55,0,10,0,10
2022-12-28T07:06:22,0,10,0,10
2022-12-28T07:15:49,0,10,0,10
2022-12-28T07:25:16,0,10,0,10
2022-12-28T07:34:43,0,10,0,10
2022-12-28T07:44:11,0,10,0,10
2022-12-28T07:53:38,0,10,0,10
2022-12-28T08:03:05,0,10,0,10
2022-12-28T08:12:32,0,10,0,10
2022-12-28T08:21:58,0,10,0,10
2022-12-28T08:31:26,0,10,0,10
2022-12-28T08:40:53,0,10,0,10
2022-12-28T08:50:19,0,10,0,10
2022-12-28T08:59:46,0,10,0,10
2022-12-28T09:09:13,0,10,0,10
2022-12-28T09:18:42,0,10,0,10
2022-12-28T09:28:08,0,10,0,10
2022-12-28T09:37:34,0,10,0,10
2022-12-28T09:47:00,0,10,0,10
2022-12-28T09:56:27,0,10,0,10
2022-12-28T10:05:53,0,10,0,10
2022-12-28T10:15:19,0,10,0,10
2022-12-28T10:24:45,0,10,0,10
2022-12-28T10:34:12,0,10,0,10
2022-12-28T10:43:38,0,10,0,10
2022-12-28T10:53:13,0,10,0,10
2022-12-28T11:02:40,0,10,0,10
2022-12-28T11:12:06,0,10,0,10
2022-12-28T11:21:33,0,10,0,10
2022-12-28T11:30:59,0,10,0,10
2022-12-28T11:40:24,0,10,0,10
2022-12-28T11:49:51,0,10,0,10
2022-12-28T11:59:16,0,10,0,10
2022-12-28T12:08:44,0,10,0,10
2022-12-28T12:18:10,0,10,0,10
2022-12-28T12:27:36,0,10,0,10
2022-12-28T12:37:03,0,10,0,10
2022-12-28T12:46:29,0,10,0,10
2022-12-28T12:55:55,0,10,0,10
2022-12-28T13:05:21,0,10,0,10
2022-12-28T13:14:49,0,10,0,10
2022-12-28T13:24:15,0,10,0,10
2022-12-28T13:33:53,0,10,0,10
2022-12-28T13:43:20,0,10,0,10
2022-12-28T13:52:46,0,10,0,10
2022-12-28T14:02:13,0,10,0,10
2022-12-28T14:11:39,0,10,0,10
2022-12-28T14:21:06,0,10,0,10
2022-12-28T14:30:32,0,10,0,10
2022-12-28T14:39:58,0,10,0,10
2022-12-28T14:49:25,0,10,0,10
2022-12-28T14:58:51,0,10,0,10
2022-12-28T15:08:18,0,10,0,10
2022-12-28T15:17:44,0,10,0,10
2022-12-28T15:27:11,0,10,0,10
2022-12-28T15:36:37,0,10,0,10
2022-12-28T15:46:05,0,10,0,10
2022-12-28T15:55:31,0,10,0,10
2022-12-28T16:04:58,0,10,0,10
2022-12-28T16:14:25,0,10,0,10
2022-12-28T16:23:51,0,10,0,10
2022-12-28T16:33:28,0,10,0,10
2022-12-28T16:42:54,0,10,0,10
2022-12-28T16:52:21,0,10,0,10
2022-12-28T17:01:47,0,10,0,10
2022-12-28T17:11:15,0,10,0,10
2022-12-28T17:20:41,0,10,0,10
2022-12-28T17:30:07,0,10,0,10
2022-12-28T17:39:34,0,10,0,10
2022-12-28T17:49:00,0,10,0,10
2022-12-28T17:58:27,0,10,0,10
2022-12-28T18:07:53,0,10,0,10
2022-12-28T18:17:19,0,10,0,10
2022-12-28T18:26:46,0,10,0,10
2022-12-28T18:36:12,0,10,0,10
2022-12-28T18:45:38,0,10,0,10
2022-12-28T18:55:03,0,10,0,10
2022-12-28T19:04:28,0,10,0,10
2022-12-28T19:13:53,0,10,0,10
2022-12-28T19:23:18,0,10,0,10
2022-12-28T19:32:44,0,10,0,10
2022-12-28T19:42:21,0,10,0,10
2022-12-28T19:51:46,0,10,0,10
2022-12-28T20:01:11,0,10,0,10
2022-12-28T20:10:36,0,10,0,10
2022-12-28T20:20:01,0,10,0,10
2022-12-28T20:29:25,0,10,0,10
2022-12-28T20:38:50,0,10,0,10
2022-12-28T20:48:14,0,10,0,10
2022-12-28T20:57:39,0,10,0,10
2022-12-28T21:07:03,0,10,0,10
2022-12-28T21:16:28,0,10,0,10
2022-12-28T21:25:52,0,10,0,10
2022-12-28T21:35:16,0,10,0,10
2022-12-28T21:44:41,0,10,0,10
2022-12-28T21:54:05,0,10,0,10
2022-12-28T22:03:30,0,10,0,10
2022-12-28T22:12:55,0,10,0,10
2022-12-28T22:22:20,0,10,0,10
2022-12-28T22:31:45,0,10,0,10
2022-12-28T22:41:09,0,10,0,10
2022-12-28T22:50:33,0,10,0,10
2022-12-28T22:59:57,0,10,0,10
2022-12-28T23:09:23,0,10,0,10
2022-12-28T23:18:59,0,10,0,10
2022-12-28T23:28:24,0,10,0,10
2022-12-28T23:37:49,0,10,0,10
2022-12-28T23:47:15,0,10,0,10
2022-12-28T23:56:40,0,10,0,10
2022-12-29T00:06:05,0,10,0,10
2022-12-29T00:15:31,0,10,0,10
2022-12-29T00:24:58,0,10,0,10
2022-12-29T00:34:25,0,10,0,10
2022-12-29T00:43:53,0,10,0,10
2022-12-29T00:53:20,0,10,0,10
2022-12-29T01:02:47,0,10,0,10
2022-12-29T01:12:14,0,10,0,10
2022-12-29T01:21:40,0,10,0,10
2022-12-29T01:31:10,0,10,0,10
2022-12-29T01:40:37,0,10,0,10
2022-12-29T01:50:03,0,10,0,10
2022-12-29T01:59:31,0,10,0,10
2022-12-29T02:08:59,0,10,0,10
2022-12-29T02:18:26,0,10,0,10
2022-12-29T02:27:53,0,10,0,10
2022-12-29T02:37:20,0,10,0,10
2022-12-29T02:46:46,0,10,0,10
2022-12-29T02:56:12,0,10,0,10
2022-12-29T03:05:37,0,10,0,10
2022-12-29T03:15:03,0,10,0,10
2022-12-29T03:24:29,0,10,0,10
2022-12-29T03:33:56,0,10,0,10
2022-12-29T03:43:23,0,10,0,10
2022-12-29T03:52:51,0,10,0,10
2022-12-29T04:02:18,0,10,0,10
2022-12-29T04:11:46,0,10,0,10
2022-12-29T04:27:23,0,10,0,10
2022-12-29T04:38:05,0,10,0,10
2022-12-29T04:47:34,0,10,0,10
2022-12-29T04:57:02,0,10,0,10
2022-12-29T05:06:29,0,10,0,10
2022-12-29T05:15:53,0,10,0,10
2022-12-29T05:25:17,0,10,0,10
2022-12-29T05:34:40,0,10,0,10
2022-12-29T05:44:05,0,10,0,10
2022-12-29T05:53:31,0,10,0,10
2022-12-29T06:02:59,0,10,0,10
2022-12-29T06:12:27,0,10,0,10
2022-12-29T06:21:55,0,10,0,10
2022-12-29T06:31:22,0,10,0,10
2022-12-29T06:40:48,0,10,0,10
2022-12-29T06:50:13,0,10,0,10
2022-12-29T06:59:39,0,10,0,10
2022-12-29T07:09:05,0,10,0,10
2022-12-29T07:18:32,0,10,0,10
2022-12-29T07:27:58,0,10,0,10
2022-12-29T07:37:26,0,10,0,10
2022-12-29T07:46:53,0,10,0,10
2022-12-29T07:56:20,0,10,0,10
2022-12-29T08:05:47,0,10,0,10
2022-12-29T08:15:14,0,10,0,10
2022-12-29T08:24:42,0,10,0,10
2022-12-29T08:34:09,0,10,0,10
2022-12-29T08:43:36,0,10,0,10
2022-12-29T08:53:02,0,10,0,10
2022-12-29T09:02:28,0,10,0,10
2022-12-29T09:11:57,0,10,0,10
2022-12-29T09:21:24,0,10,0,10
2022-12-29T09:30:51,0,10,0,10
2022-12-29T09:40:18,0,10,0,10
2022-12-29T09:49:45,0,10,0,10
2022-12-29T09:59:11,0,10,0,10
2022-12-29T10:08:37,0,10,0,10
2022-12-29T10:18:03,0,10,0,10
2022-12-29T10:27:29,0,10,0,10
2022-12-29T10:36:55,0,10,0,10
2022-12-29T10:46:21,0,10,0,10
2022-12-29T10:55:47,0,10,0,10
2022-12-29T11:05:14,0,10,0,10
2022-12-29T11:14:42,0,10,0,10
2022-12-29T11:24:08,0,10,0,10
2022-12-29T11:33:34,0,10,0,10
2022-12-29T11:43:00,0,10,0,10
2022-12-29T11:52:38,0,10,0,10
2022-12-29T12:02:04,0,10,0,10
2022-12-29T12:11:30,0,10,0,10
2022-12-29T12:20:56,0,10,0,10
2022-12-29T12:30:23,0,10,0,10
2022-12-29T12:39:48,0,10,0,10
2022-12-29T12:49:14,0,10,0,10
2022-12-29T12:58:41,0,10,0,10
2022-12-29T13:08:07,0,10,0,10
2022-12-29T13:17:33,0,10,0,10
2022-12-29T13:26:59,0,10,0,10
2022-12-29T13:36:25,0,10,0,10
2022-12-29T13:45:51,0,10,0,10
2022-12-29T13:55:17,0,10,0,10
2022-12-29T14:04:43,0,10,0,10
2022-12-29T14:14:09,0,10,0,10
2022-12-29T14:23:35,0,10,0,10
2022-12-29T14:33:01,0,10,0,10
2022-12-29T14:42:37,0,10,0,10
2022-12-29T14:52:03,0,10,0,10
2022-12-29T15:01:29,0,10,0,10
2022-12-29T15:10:55,0,10,0,10
2022-12-29T15:20:20,0,10,0,10
2022-12-29T15:29:46,0,10,0,10
2022-12-29T15:39:13,0,10,0,10
2022-12-29T15:48:39,0,10,0,10
2022-12-29T15:58:05,0,10,0,10
2022-12-29T16:07:31,0,10,0,10
2022-12-29T16:16:57,0,10,0,10
2022-12-29T16:26:23,0,10,0,10
2022-12-29T16:35:49,0,10,0,10
2022-12-29T16:45:16,0,10,0,10
2022-12-29T16:54:42,0,10,0,10
2022-12-29T17:04:09,0,10,0,10
2022-12-29T17:13:36,0,10,0,10
2022-12-29T17:23:02,0,10,0,10
2022-12-29T17:32:28,0,10,0,10
2022-12-29T17:41:54,0,10,0,10
2022-12-29T17:51:20,0,10,0,10
2022-12-29T18:00:46,0,10,0,10
2022-12-29T18:10:10,0,10,0,10
2022-12-29T18:19:34,0,10,0,10
2022-12-29T18:29:10,0,10,0,10
2022-12-29T18:38:35,0,10,0,10
2022-12-29T18:47:59,0,10,0,10
2022-12-29T18:57:24,0,10,0,10
2022-12-29T19:06:48,0,10,0,10
2022-12-29T19:16:13,0,10,0,10
2022-12-29T19:25:38,0,10,0,10
2022-12-29T19:35:06,0,10,0,10
2022-12-29T19:44:39,0,10,0,10
2022-12-29T19:54:12,0,10,0,10
2022-12-29T20:03:53,0,10,0,10
2022-12-29T20:13:31,0,10,0,10
2022-12-29T20:23:08,0,10,0,10
2022-12-29T20:32:49,0,10,0,10
2022-12-29T20:42:36,0,10,0,10
2022-12-29T20:52:17,0,10,0,10
2022-12-29T21:02:05,0,10,0,10
2022-12-29T21:11:44,0,10,0,10
2022-12-29T21:21:15,0,10,0,10
2022-12-29T21:30:50,0,10,0,10
2022-12-29T21:40:26,0,10,0,10
2022-12-29T21:50:00,0,10,0,10
2022-12-29T21:59:34,0,10,0,10
2022-12-29T22:09:09,0,10,0,10
2022-12-29T22:18:44,0,10,0,10
2022-12-29T22:28:18,0,10,0,10
2022-12-29T22:37:53,0,10,0,10
2022-12-29T22:47:26,0,10,0,10
2022-12-29T22:57:00,0,10,0,10
2022-12-29T23:06:30,0,10,0,10
2022-12-29T23:16:00,0,10,0,10
2022-12-29T23:25:30,0,10,0,10
2022-12-29T23:35:06,0,10,0,10
2022-12-29T23:44:30,0,10,0,10
2022-12-29T23:53:55,0,10,0,10
2022-12-30T00:03:20,0,10,0,10
2022-12-30T00:12:45,0,10,0,10
2022-12-30T00:22:13,0,10,0,10
2022-12-30T00:31:39,0,10,0,10
2022-12-30T00:41:06,0,10,0,10
2022-12-30T00:50:36,0,10,0,10
2022-12-30T01:00:04,0,10,0,10
2022-12-30T01:09:31,0,10,0,10
2022-12-30T01:18:58,0,10,0,10
2022-12-30T01:28:27,0,10,0,10
2022-12-30T01:37:55,0,10,0,10
2022-12-30T01:47:22,0,10,0,10
2022-12-30T01:56:47,0,10,0,10
2022-12-30T02:06:12,0,10,0,10
2022-12-30T02:15:37,0,10,0,10
2022-12-30T02:25:01,0,10,0,10
2022-12-30T02:34:25,0,10,0,10
2022-12-30T02:43:49,0,10,0,10
2022-12-30T02:53:13,0,10,0,10
2022-12-30T03:02:39,0,10,0,10
2022-12-30T03:12:06,0,10,0,10
2022-12-30T03:21:33,0,10,0,10
2022-12-30T03:31:01,0,10,0,10
2022-12-30T03:40:30,0,10,0,10
2022-12-30T03:49:57,0,10,0,10
2022-12-30T03:59:27,0,10,0,10
2022-12-30T04:08:55,0,10,0,10
2022-12-30T04:18:22,0,10,0,10
2022-12-30T04:26:50,0,10,0,10
2022-12-30T04:36:44,0,10,0,10
2022-12-30T04:46:17,0,10,0,10
2022-12-30T04:55:46,0,10,0,10
2022-12-30T05:05:14,0,10,0,10
2022-12-30T05:14:41,0,10,0,10
2022-12-30T05:24:08,0,10,0,10
2022-12-30T05:33:36,0,10,0,10
2022-12-30T05:43:04,0,10,0,10
2022-12-30T05:52:32,0,10,0,10
2022-12-30T06:02:02,0,10,0,10
2022-12-30T06:11:32,0,10,0,10
2022-12-30T06:21:03,0,10,0,10
2022-12-30T06:30:31,0,10,0,10
2022-12-30T06:39:59,0,10,0,10
2022-12-30T06:49:27,0,10,0,10
2022-12-30T06:58:56,0,10,0,10
2022-12-30T07:08:29,0,10,0,10
2022-12-30T07:17:59,0,10,0,10
2022-12-30T07:27:28,0,10,0,10
2022-12-30T07:36:58,0,10,0,10
2022-12-30T07:46:28,0,10,0,10
2022-12-30T07:55:55,0,10,0,10
2022-12-30T08:05:22,0,10,0,10
2022-12-30T08:14:49,0,10,0,10
2022-12-30T08:24:15,0,10,0,10
2022-12-30T08:33:42,0,10,0,10
2022-12-30T08:43:09,0,10,0,10
2022-12-30T08:52:35,0,10,0,10
2022-12-30T09:02:02,0,10,0,10
2022-12-30T09:11:28,0,10,0,10
2022-12-30T09:20:54,0,10,0,10
2022-12-30T09:30:20,0,10,0,10
2022-12-30T09:39:46,0,10,0,10
2022-12-30T09:49:13,0,10,0,10
2022-12-30T09:58:39,0,10,0,10
2022-12-30T10:08:06,0,10,0,10
2022-12-30T10:17:32,0,10,0,10
2022-12-30T10:26:59,0,10,0,10
2022-12-30T10:36:25,0,10,0,10
2022-12-30T10:45:51,0,10,0,10
2022-12-30T10:55:17,0,10,0,10
2022-12-30T11:04:43,0,10,0,10
2022-12-30T11:14:09,0,10,0,10
2022-12-30T11:23:46,0,10,0,10
2022-12-30T11:33:12,0,10,0,10
2022-12-30T11:42:38,0,10,0,10
2022-12-30T11:52:04,0,10,0,10
2022-12-30T12:01:31,0,10,0,10
2022-12-30T12:10:57,0,10,0,10
2022-12-30T12:20:23,0,10,0,10
2022-12-30T12:29:50,0,10,0,10
2022-12-30T12:39:16,0,10,0,10
2022-12-30T12:48:42,0,10,0,10
2022-12-30T12:58:09,0,10,0,10
2022-12-30T13:07:36,0,10,0,10
2022-12-30T13:17:01,0,10,0,10
2022-12-30T13:26:28,0,10,0,10
2022-12-30T13:35:54,0,10,0,10
2022-12-30T13:45:21,0,10,0,10
2022-12-30T13:54:48,0,10,0,10
2022-12-30T14:04:16,0,10,0,10
2022-12-30T14:13:42,0,10,0,10
2022-12-30T14:23:08,0,10,0,10
2022-12-30T14:32:34,0,10,0,10
2022-12-30T14:42:00,0,10,0,10
2022-12-30T14:52:35,0,10,0,10
2022-12-30T15:02:01,0,10,0,10
2022-12-30T15:22:01,0,10,0,10
2022-12-30T15:31:28,0,10,0,10
2022-12-30T15:40:55,0,10,0,10
2022-12-30T15:50:22,0,10,0,10
2022-12-30T15:59:49,0,10,0,10
2022-12-30T16:09:16,0,10,0,10
2022-12-30T16:18:43,0,10,0,10
2022-12-30T16:28:09,0,10,0,10
2022-12-30T16:37:37,0,10,0,10
2022-12-30T16:47:03,0,10,0,10
2022-12-30T16:56:30,0,10,0,10
2022-12-30T17:05:57,0,10,0,10
2022-12-30T17:15:23,0,10,0,10
2022-12-30T17:24:51,0,10,0,10
2022-12-30T17:34:27,0,10,0,10
2022-12-30T17:43:53,0,10,0,10
2022-12-30T17:53:20,0,10,0,10
2022-12-30T18:02:47,0,10,0,10
2022-12-30T18:12:12,0,10,0,10
2022-12-30T18:21:38,0,10,0,10
2022-12-30T18:31:03,0,10,0,10
2022-12-30T18:40:29,0,10,0,10
2022-12-30T18:49:56,0,10,0,10
2022-12-30T18:59:21,0,10,0,10
2022-12-30T19:08:47,0,10,0,10
2022-12-30T19:18:12,0,10,0,10
2022-12-30T19:27:37,0,10,0,10
2022-12-30T19:37:03,0,10,0,10
2022-12-30T19:46:28,0,10,0,10
2022-12-30T19:55:53,0,10,0,10
2022-12-30T20:05:17,0,10,0,10
2022-12-30T20:14:42,0,10,0,10
2022-12-30T20:24:08,0,10,0,10
2022-12-30T20:33:44,0,10,0,10
2022-12-30T20:43:09,0,10,0,10
2022-12-30T20:52:34,0,10,0,10
2022-12-30T21:02:00,0,10,0,10
2022-12-30T21:11:24,0,10,0,10
2022-12-30T21:20:49,0,10,0,10
2022-12-30T21:30:14,0,10,0,10
2022-12-30T21:39:39,0,10,0,10
2022-12-30T21:49:03,0,10,0,10
2022-12-30T21:58:28,0,10,0,10
2022-12-30T22:07:54,0,10,0,10
2022-12-30T22:17:19,0,10,0,10
2022-12-30T22:26:44,0,10,0,10
2022-12-30T22:36:09,0,10,0,10
2022-12-30T22:45:34,0,10,0,10
2022-12-30T22:54:59,0,10,0,10
2022-12-30T23:04:25,0,10,0,10
2022-12-30T23:13:51,0,10,0,10
2022-12-30T23:23:16,0,10,0,10
2022-12-30T23:32:41,0,10,0,10
2022-12-30T23:42:06,0,10,0,10
2022-12-30T23:51:31,0,10,0,10
2022-12-31T00:00:56,0,10,0,10
2022-12-31T00:10:22,0,10,0,10
2022-12-31T00:19:51,0,10,0,10
2022-12-31T00:29:18,0,10,0,10
2022-12-31T00:38:54,0,10,0,10
2022-12-31T00:48:19,0,10,0,10
2022-12-31T00:57:43,0,10,0,10
2022-12-31T01:07:09,0,10,0,10
2022-12-31T01:16:33,0,10,0,10
2022-12-31T01:25:58,0,10,0,10
2022-12-31T01:35:23,0,10,0,10
2022-12-31T01:44:48,0,10,0,10
2022-12-31T01:54:13,0,10,0,10
2022-12-31T02:03:40,0,10,0,10
2022-12-31T02:13:05,0,10,0,10
2022-12-31T02:22:35,0,10,0,10
2022-12-31T02:32:04,0,10,0,10
2022-12-31T02:41:35,0,10,0,10
2022-12-31T02:51:08,0,10,0,10
2022-12-31T03:00:37,0,10,0,10
2022-12-31T03:10:08,0,10,0,10
2022-12-31T03:19:37,0,10,0,10
2022-12-31T03:29:05,0,10,0,10
2022-12-31T03:38:34,0,10,0,10
2022-12-31T03:48:02,0,10,0,10
2022-12-31T03:57:30,0,10,0,10
2022-12-31T04:14:43,0,10,0,10
2022-12-31T04:24:37,0,10,0,10
2022-12-31T04:34:06,0,10,0,10
2022-12-31T04:43:36,0,10,0,10
2022-12-31T04:53:05,0,10,0,10
2022-12-31T05:02:32,0,10,0,10
2022-12-31T05:12:03,0,10,0,10
2022-12-31T05:21:30,0,10,0,10
2022-12-31T05:30:57,0,10,0,10
2022-12-31T05:40:26,0,10,0,10
2022-12-31T05:49:56,0,10,0,10
2022-12-31T05:59:25,0,10,0,10
2022-12-31T06:08:55,0,10,0,10
2022-12-31T06:18:24,0,10,0,10
2022-12-31T06:27:53,0,10,0,10
2022-12-31T06:37:21,0,10,0,10
2022-12-31T06:46:48,0,10,0,10
2022-12-31T06:56:15,0,10,0,10
2022-12-31T07:05:41,0,10,0,10
2022-12-31T07:15:09,0,10,0,10
2022-12-31T07:24:36,0,10,0,10
2022-12-31T07:34:04,0,10,0,10
2022-12-31T07:43:31,0,10,0,10
2022-12-31T07:52:59,0,10,0,10
2022-12-31T08:02:27,0,10,0,10
2022-12-31T08:11:53,0,10,0,10
2022-12-31T08:21:20,0,10,0,10
2022-12-31T08:30:50,0,10,0,10
2022-12-31T08:40:18,0,10,0,10
2022-12-31T08:49:46,0,10,0,10
2022-12-31T08:59:16,0,10,0,10
2022-12-31T09:08:45,0,10,0,10
2022-12-31T09:18:30,0,10,0,10
2022-12-31T09:28:01,0,10,0,10
2022-12-31T09:37:30,0,10,0,10
2022-12-31T09:47:00,0,10,0,10
2022-12-31T09:56:30,0,10,0,10
2022-12-31T10:06:00,0,10,0,10
2022-12-31T10:15:28,0,10,0,10
2022-12-31T10:24:56,0,10,0,10
2022-12-31T10:34:24,0,10,0,10
2022-12-31T10:43:53,0,10,0,10
2022-12-31T10:53:20,0,10,0,10
2022-12-31T11:02:48,0,10,0,10
2022-12-31T11:12:15,0,10,0,10
2022-12-31T11:21:42,0,10,0,10
2022-12-31T11:31:10,0,10,0,10
2022-12-31T11:40:37,0,10,0,10
2022-12-31T11:50:05,0,10,0,10
2022-12-31T11:59:31,0,10,0,10
2022-12-31T12:08:59,0,10,0,10
2022-12-31T12:18:25,0,10,0,10
2022-12-31T12:27:53,0,10,0,10
2022-12-31T12:37:30,0,10,0,10
2022-12-31T12:46:57,0,10,0,10
2022-12-31T12:56:24,0,10,0,10
2022-12-31T13:05:51,0,10,0,10
2022-12-31T13:15:20,0,10,0,10
2022-12-31T13:24:47,0,10,0,10
2022-12-31T13:34:14,0,10,0,10
2022-12-31T13:43:40,0,10,0,10
2022-12-31T13:53:08,0,10,0,10
2022-12-31T14:02:35,0,10,0,10
2022-12-31T14:12:02,0,10,0,10
2022-12-31T14:21:29,0,10,0,10
2022-12-31T14:30:55,0,10,0,10
2022-12-31T14:40:23,0,10,0,10
2022-12-31T14:49:50,0,10,0,10
2022-12-31T14:59:20,0,10,0,10
2022-12-31T15:09:03,0,10,0,10
2022-12-31T15:18:30,0,10,0,10
2022-12-31T15:27:56,0,10,0,10
2022-12-31T15:37:23,0,10,0,10
2022-12-31T15:46:51,0,10,0,10
2022-12-31T15:56:17,0,10,0,10
2022-12-31T16:05:44,0,10,0,10
2022-12-31T16:15:11,0,10,0,10
2022-12-31T16:24:38,0,10,0,10
2022-12-31T16:34:05,0,10,0,10
2022-12-31T16:43:32,0,10,0,10
2022-12-31T16:52:59,0,10,0,10
2022-12-31T17:02:26,0,10,0,10
2022-12-31T17:11:54,0,10,0,10
2022-12-31T17:21:21,0,10,0,10
2022-12-31T17:30:48,0,10,0,10
2022-12-31T17:40:15,0,10,0,10
2022-12-31T17:49:51,0,10,0,10
2022-12-31T17:59:19,0,10,0,10
2022-12-31T18:08:46,0,10,0,10
2022-12-31T18:18:12,0,10,0,10
2022-12-31T18:27:39,0,10,0,10
2022-12-31T18:37:06,0,10,0,10
2022-12-31T18:46:32,0,10,0,10
2022-12-31T18:55:58,0,10,0,10
2022-12-31T19:05:24,0,10,0,10
2022-12-31T19:14:50,0,10,0,10
2022-12-31T19:24:16,0,10,0,10
2022-12-31T19:25:35,0,10,0,10
2022-12-31T19:33:29,0,10,0,10
2022-12-31T19:45:19,0,10,0,10
2022-12-31T19:45:41,0,10,0,10
2022-12-31T19:55:09,0,10,0,10
2022-12-31T20:04:36,0,10,0,10
2022-12-31T20:14:08,0,10,0,10
2022-12-31T20:23:33,0,10,0,10
2022-12-31T20:32:58,0,10,0,10
2022-12-31T20:42:24,0,10,0,10
2022-12-31T20:51:49,0,10,0,10
2022-12-31T21:01:14,0,10,0,10
2022-12-31T21:10:39,0,10,0,10
2022-12-31T21:20:05,0,10,0,10
2022-12-31T21:29:30,0,10,0,10
2022-12-31T21:38:56,0,10,0,10
2022-12-31T21:48:23,0,10,0,10
2022-12-31T21:57:49,0,10,0,10
2022-12-31T22:07:18,0,10,0,10
2022-12-31T22:16:48,0,10,0,10
2022-12-31T22:26:20,0,10,0,10
2022-12-31T22:35:50,0,10,0,10
2022-12-31T22:45:17,0,10,0,10
2022-12-31T22:54:42,0,10,0,10
2022-12-31T23:04:09,0,10,0,10
2022-12-31T23:13:35,0,10,0,10
2022-12-31T23:23:03,0,10,0,10
2022-12-31T23:32:29,0,10,0,10
2022-12-31T23:41:55,0,10,0,10
2022-12-31T23:51:22,0,10,0,10
2023-01-01T00:00:47,0,10,0,10
2023-01-01T00:10:13,0,10,0,10
2023-01-01T00:19:51,0,10,0,10
2023-01-01T00:29:21,0,10,0,10
2023-01-01T00:38:51,0,10,0,10
2023-01-01T00:48:19,0,10,0,10
2023-01-01T00:57:49,0,10,0,10
2023-01-01T01:07:17,0,10,0,10
2023-01-01T01:16:49,0,10,0,10
2023-01-01T01:26:20,0,10,0,10
2023-01-01T01:35:48,0,10,0,10
2023-01-01T01:45:33,0,10,0,10
2023-01-01T01:55:02,0,10,0,10
2023-01-01T02:04:31,0,10,0,10
2023-01-01T02:14:00,0,10,0,10
2023-01-01T02:23:29,0,10,0,10
2023-01-01T02:32:59,0,10,0,10
2023-01-01T02:42:26,0,10,0,10
2023-01-01T02:51:52,0,10,0,10
2023-01-01T03:01:18,0,10,0,10
2023-01-01T03:10:44,0,10,0,10
2023-01-01T03:20:11,0,10,0,10
2023-01-01T03:29:38,0,10,0,10
2023-01-01T03:39:07,0,10,0,10
2023-01-01T03:48:35,0,10,0,10
2023-01-01T03:58:04,0,10,0,10
2023-01-01T04:07:34,0,10,0,10
2023-01-01T04:23:10,0,10,0,10
2023-01-01T04:32:41,0,10,0,10
2023-01-01T04:42:53,0,10,0,10
2023-01-01T04:53:09,0,10,0,10
2023-01-01T05:02:36,0,10,0,10
2023-01-01T05:12:02,0,10,0,10
2023-01-01T05:21:27,0,10,0,10
2023-01-01T05:30:52,0,10,0,10
2023-01-01T05:40:17,0,10,0,10
2023-01-01T05:49:43,0,10,0,10
2023-01-01T05:59:11,0,10,0,10
2023-01-01T06:08:40,0,10,0,10
2023-01-01T06:18:09,0,10,0,10
2023-01-01T06:27:39,0,10,0,10
2023-01-01T06:37:12,0,10,0,10
2023-01-01T06:46:41,0,10,0,10
2023-01-01T06:56:11,0,10,0,10
2023-01-01T07:05:38,0,10,0,10
2023-01-01T07:15:06,0,10,0,10
2023-01-01T07:24:34,0,10,0,10
2023-01-01T07:34:03,0,10,0,10
2023-01-01T07:43:34,0,10,0,10
2023-01-01T07:53:04,0,10,0,10
2023-01-01T08:02:33,0,10,0,10
2023-01-01T08:12:01,0,10,0,10
2023-01-01T08:21:30,0,10,0,10
2023-01-01T08:31:02,0,10,0,10
2023-01-01T08:40:29,0,10,0,10
2023-01-01T08:49:57,0,10,0,10
2023-01-01T08:59:23,0,10,0,10
2023-01-01T09:08:50,0,10,0,10
2023-01-01T09:18:18,0,10,0,10
2023-01-01T09:27:45,0,10,0,10
2023-01-01T09:37:12,0,10,0,10
2023-01-01T09:46:39,0,10,0,10
2023-01-01T09:56:07,0,10,0,10
2023-01-01T10:05:34,0,10,0,10
2023-01-01T10:15:01,0,10,0,10
2023-01-01T10:24:28,0,10,0,10
2023-01-01T10:33:56,0,10,0,10
2023-01-01T10:43:23,0,10,0,10
2023-01-01T10:52:50,0,10,0,10
2023-01-01T11:02:17,0,10,0,10
2023-01-01T11:11:47,0,10,0,10
2023-01-01T11:21:14,0,10,0,10
2023-01-01T11:30:41,0,10,0,10
2023-01-01T11:40:10,0,10,0,10
2023-01-01T11:49:37,0,10,0,10
2023-01-01T11:59:04,0,10,0,10
2023-01-01T12:08:48,0,10,0,10
2023-01-01T12:18:16,0,10,0,10
2023-01-01T12:27:43,0,10,0,10
2023-01-01T12:37:12,0,10,0,10
2023-01-01T12:46:41,0,10,0,10
2023-01-01T12:56:11,0,10,0,10
2023-01-01T13:05:39,0,10,0,10
2023-01-01T13:15:07,0,10,0,10
2023-01-01T13:24:36,0,10,0,10
2023-01-01T13:34:05,0,10,0,10
2023-01-01T13:43:34,0,10,0,10
2023-01-01T13:53:03,0,10,0,10
2023-01-01T14:02:32,0,10,0,10
2023-01-01T14:12:01,0,10,0,10
2023-01-01T14:21:29,0,10,0,10
2023-01-01T14:30:57,0,10,0,10
2023-01-01T14:40:27,0,10,0,10
2023-01-01T14:49:55,0,10,0,10
2023-01-01T14:59:23,0,10,0,10
2023-01-01T15:08:51,0,10,0,10
2023-01-01T15:18:18,0,10,0,10
2023-01-01T15:27:46,0,10,0,10
2023-01-01T15:37:15,0,10,0,10
2023-01-01T15:46:53,0,10,0,10
2023-01-01T15:56:20,0,10,0,10
2023-01-01T16:05:48,0,10,0,10
2023-01-01T16:15:17,0,10,0,10
2023-01-01T16:24:45,0,10,0,10
2023-01-01T16:34:13,0,10,0,10
2023-01-01T16:43:41,0,10,0,10
2023-01-01T16:53:08,0,10,0,10
2023-01-01T17:02:36,0,10,0,10
2023-01-01T17:12:04,0,10,0,10
2023-01-01T17:21:31,0,10,0,10
2023-01-01T17:31:00,0,10,0,10
2023-01-01T17:40:28,0,10,0,10
2023-01-01T17:49:55,0,10,0,10
2023-01-01T17:59:24,0,10,0,10
2023-01-01T18:08:51,0,10,0,10
2023-01-01T18:18:19,0,10,0,10
2023-01-01T18:27:46,0,10,0,10
2023-01-01T18:37:13,0,10,0,10
2023-01-01T18:46:41,0,10,0,10
2023-01-01T18:56:08,0,10,0,10
2023-01-01T19:05:39,0,10,0,10
2023-01-01T19:15:16,0,10,0,10
2023-01-01T19:24:44,0,10,0,10
2023-01-01T19:34:11,0,10,0,10
2023-01-01T19:43:39,0,10,0,10
2023-01-01T19:53:06,0,10,0,10
2023-01-01T20:02:33,0,10,0,10
2023-01-01T20:12:00,0,10,0,10
2023-01-01T20:21:28,0,10,0,10
2023-01-01T20:30:56,0,10,0,10
2023-01-01T20:40:23,0,10,0,10
2023-01-01T20:49:50,0,10,0,10
2023-01-01T20:59:17,0,10,0,10
2023-01-01T21:08:44,0,10,0,10
2023-01-01T21:18:12,0,10,0,10
2023-01-01T21:27:39,0,10,0,10
2023-01-01T21:37:25,0,10,0,10
2023-01-01T21:46:51,0,10,0,10
2023-01-01T21:56:18,0,10,0,10
2023-01-01T22:05:46,0,10,0,10
2023-01-01T22:15:14,0,10,0,10
2023-01-01T22:24:42,0,10,0,10
2023-01-01T22:34:09,0,10,0,10
2023-01-01T22:43:37,0,10,0,10
2023-01-01T22:53:04,0,10,0,10
2023-01-01T23:02:31,0,10,0,10
2023-01-01T23:11:59,0,10,0,10
2023-01-01T23:21:26,0,10,0,10
2023-01-01T23:30:52,0,10,0,10
2023-01-01T23:40:17,0,10,0,10
2023-01-01T23:49:44,0,10,0,10
2023-01-01T23:59:10,0,10,0,10
2023-01-02T00:08:38,0,10,0,10
2023-01-02T00:18:11,0,10,0,10
2023-01-02T00:27:51,0,10,0,10
2023-01-02T00:37:23,0,10,0,10
2023-01-02T00:46:56,0,10,0,10
2023-01-02T00:56:26,0,10,0,10
2023-01-02T01:05:52,0,10,0,10
2023-01-02T01:15:17,0,10,0,10
2023-01-02T01:24:42,0,10,0,10
2023-01-02T01:34:07,0,10,0,10
2023-01-02T01:43:47,0,10,0,10
2023-01-02T01:53:17,0,10,0,10
2023-01-02T02:02:52,0,10,0,10
2023-01-02T02:12:21,0,10,0,10
2023-01-02T02:21:52,0,10,0,10
2023-01-02T02:31:19,0,10,0,10
2023-01-02T02:40:48,0,10,0,10
2023-01-02T02:50:15,0,10,0,10
2023-01-02T02:59:41,0,10,0,10
2023-01-02T03:09:08,0,10,0,10
2023-01-02T03:18:34,0,10,0,10
2023-01-02T03:28:02,0,10,0,10
2023-01-02T03:37:30,0,10,0,10
2023-01-02T03:46:58,0,10,0,10
2023-01-02T03:56:27,0,10,0,10
2023-01-02T04:13:08,0,10,0,10
2023-01-02T04:22:39,0,10,0,10
2023-01-02T04:33:30,0,10,0,10
2023-01-02T04:43:20,0,10,0,10
2023-01-02T04:52:48,0,10,0,10
2023-01-02T05:02:14,0,10,0,10
2023-01-02T05:11:40,0,10,0,10
2023-01-02T05:21:05,0,10,0,10
2023-01-02T05:30:30,0,10,0,10
2023-01-02T05:39:55,0,10,0,10
2023-01-02T05:49:22,0,10,0,10
2023-01-02T05:58:52,0,10,0,10
2023-01-02T06:08:22,0,10,0,10
2023-01-02T06:17:51,0,10,0,10
2023-01-02T06:27:21,0,10,0,10
2023-01-02T06:36:48,0,10,0,10
2023-01-02T06:46:16,0,10,0,10
2023-01-02T06:55:43,0,10,0,10
2023-01-02T07:05:10,0,10,0,10
2023-01-02T07:14:38,0,10,0,10
2023-01-02T07:24:07,0,10,0,10
2023-01-02T07:33:36,0,10,0,10
2023-01-02T07:43:04,0,10,0,10
2023-01-02T07:52:32,0,10,0,10
2023-01-02T08:02:00,0,10,0,10
2023-01-02T08:11:28,0,10,0,10
2023-01-02T08:20:56,0,10,0,10
2023-01-02T08:30:25,0,10,0,10
2023-01-02T08:39:52,0,10,0,10
2023-01-02T08:49:24,0,10,0,10
2023-01-02T08:58:51,0,10,0,10
2023-01-02T09:08:18,0,10,0,10
2023-01-02T09:17:46,0,10,0,10
2023-01-02T09:27:13,0,10,0,10
2023-01-02T09:36:40,0,10,0,10
2023-01-02T09:46:08,0,10,0,10
2023-01-02T09:55:37,0,10,0,10
2023-01-02T10:05:12,0,10,0,10
2023-01-02T10:14:40,0,10,0,10
2023-01-02T10:24:07,0,10,0,10
2023-01-02T10:33:34,0,10,0,10
2023-01-02T10:43:02,0,10,0,10
2023-01-02T10:52:30,0,10,0,10
2023-01-02T11:01:57,0,10,0,10
2023-01-02T11:11:25,0,10,0,10
2023-01-02T11:20:53,0,10,0,10
2023-01-02T11:30:23,0,10,0,10
2023-01-02T11:39:51,0,10,0,10
2023-01-02T11:49:21,0,10,0,10
2023-01-02T11:58:48,0,10,0,10
2023-01-02T12:08:22,0,10,0,10
2023-01-02T12:17:51,0,10,0,10
2023-01-02T12:27:30,0,10,0,10
2023-01-02T12:37:04,0,10,0,10
2023-01-02T12:46:31,0,10,0,10
2023-01-02T12:56:00,0,10,0,10
2023-01-02T13:05:28,0,10,0,10
2023-01-02T13:14:55,0,10,0,10
2023-01-02T13:24:23,0,10,0,10
2023-01-02T13:33:52,0,10,0,10
2023-01-02T13:43:26,0,10,0,10
2023-01-02T13:52:55,0,10,0,10
2023-01-02T14:02:26,0,10,0,10
2023-01-02T14:11:59,0,10,0,10
2023-01-02T14:21:35,0,10,0,10
2023-01-02T14:31:15,0,10,0,10
2023-01-02T14:40:43,0,10,0,10
2023-01-02T14:50:10,0,10,0,10
2023-01-02T14:59:37,0,10,0,10
2023-01-02T15:09:05,0,10,0,10
2023-01-02T15:18:37,0,10,0,10
2023-01-02T15:28:09,0,10,0,10
2023-01-02T15:37:37,0,10,0,10
2023-01-02T15:47:04,0,10,0,10
2023-01-02T15:56:32,0,10,0,10
2023-01-02T16:06:10,0,10,0,10
2023-01-02T16:15:37,0,10,0,10
2023-01-02T16:25:04,0,10,0,10
2023-01-02T16:34:32,0,10,0,10
2023-01-02T16:44:00,0,10,0,10
2023-01-02T16:53:27,0,10,0,10
2023-01-02T17:02:54,0,10,0,10
2023-01-02T17:12:24,0,10,0,10
2023-01-02T17:21:54,0,10,0,10
2023-01-02T17:31:22,0,10,0,10
2023-01-02T17:40:51,0,10,0,10
2023-01-02T17:50:19,0,10,0,10
2023-01-02T17:59:46,0,10,0,10
2023-01-02T18:09:14,0,10,0,10
2023-01-02T18:18:51,0,10,0,10
2023-01-02T18:28:19,0,10,0,10
2023-01-02T18:37:47,0,10,0,10
2023-01-02T18:47:14,0,10,0,10
2023-01-02T18:56:42,0,10,0,10
2023-01-02T19:06:11,0,10,0,10
2023-01-02T19:15:38,0,10,0,10
2023-01-02T19:25:05,0,10,0,10
2023-01-02T19:34:31,0,10,0,10
2023-01-02T19:43:56,0,10,0,10
2023-01-02T19:53:22,0,10,0,10
2023-01-02T20:02:48,0,10,0,10
2023-01-02T20:12:14,0,10,0,10
2023-01-02T20:21:45,0,10,0,10
2023-01-02T20:31:12,0,10,0,10
2023-01-02T20:40:48,0,10,0,10
2023-01-02T20:50:14,0,10,0,10
2023-01-02T20:59:39,0,10,0,10
2023-01-02T21:09:05,0,10,0,10
2023-01-02T21:18:31,0,10,0,10
2023-01-02T21:27:57,0,10,0,10
2023-01-02T21:37:22,0,10,0,10
2023-01-02T21:46:47,0,10,0,10
2023-01-02T21:56:13,0,10,0,10
2023-01-02T22:05:39,0,10,0,10
2023-01-02T22:15:06,0,10,0,10
2023-01-02T22:24:33,0,10,0,10
2023-01-02T22:33:59,0,10,0,10
2023-01-02T22:43:25,0,10,0,10
2023-01-02T22:52:50,0,10,0,10
2023-01-02T23:02:16,0,10,0,10
2023-01-02T23:11:54,0,10,0,10
2023-01-02T23:21:21,0,10,0,10
2023-01-02T23:30:48,0,10,0,10
2023-01-02T23:40:15,0,10,0,10
2023-01-02T23:49:41,0,10,0,10
2023-01-02T23:59:07,0,10,0,10
2023-01-03T00:08:35,0,10,0,10
2023-01-03T00:18:06,0,10,0,10
2023-01-03T00:27:33,0,10,0,10
2023-01-03T00:37:02,0,10,0,10
2023-01-03T00:46:30,0,10,0,10
2023-01-03T00:55:56,0,10,0,10
2023-01-03T01:05:24,0,10,0,10
2023-01-03T01:14:52,0,10,0,10
2023-01-03T01:24:20,0,10,0,10
2023-01-03T01:33:58,0,10,0,10
2023-01-03T01:43:24,0,10,0,10
2023-01-03T01:52:50,0,10,0,10
2023-01-03T02:02:18,0,10,0,10
2023-01-03T02:11:47,0,10,0,10
2023-01-03T02:21:14,0,10,0,10
2023-01-03T02:30:41,0,10,0,10
2023-01-03T02:40:08,0,10,0,10
2023-01-03T02:49:35,0,10,0,10
2023-01-03T02:59:02,0,10,0,10
2023-01-03T03:08:28,0,10,0,10
2023-01-03T03:17:56,0,10,0,10
2023-01-03T03:27:23,0,10,0,10
2023-01-03T03:36:51,0,10,0,10
2023-01-03T03:46:20,0,10,0,10
2023-01-03T03:55:48,0,10,0,10
2023-01-03T04:05:16,0,10,0,10
2023-01-03T04:16:57,0,10,0,10
2023-01-03T04:27:42,0,10,0,10
2023-01-03T04:37:28,0,10,0,10
2023-01-03T04:47:00,0,10,0,10
2023-01-03T04:56:29,0,10,0,10
2023-01-03T05:05:57,0,10,0,10
2023-01-03T05:15:23,0,10,0,10
2023-01-03T05:24:49,0,10,0,10
2023-01-03T05:34:15,0,10,0,10
2023-01-03T05:43:42,0,10,0,10
2023-01-03T05:53:10,0,10,0,10
2023-01-03T06:02:40,0,10,0,10
2023-01-03T06:12:09,0,10,0,10
2023-01-03T06:21:49,0,10,0,10
2023-01-03T06:31:23,0,10,0,10
2023-01-03T06:40:56,0,10,0,10
2023-01-03T06:50:34,0,10,0,10
2023-01-03T07:00:02,0,10,0,10
2023-01-03T07:09:30,0,10,0,10
2023-01-03T07:18:58,0,10,0,10
2023-01-03T07:28:26,0,10,0,10
2023-01-03T07:37:56,0,10,0,10
2023-01-03T07:47:25,0,10,0,10
2023-01-03T07:56:53,0,10,0,10
2023-01-03T08:06:41,0,10,0,10
2023-01-03T08:16:12,0,10,0,10
2023-01-03T08:25:42,0,10,0,10
2023-01-03T08:35:12,0,10,0,10
2023-01-03T08:44:44,0,10,0,10
2023-01-03T08:54:13,0,10,0,10
2023-01-03T09:03:43,0,10,0,10
2023-01-03T09:13:15,0,10,0,10
2023-01-03T09:22:45,0,10,0,10
2023-01-03T09:32:25,0,10,0,10
2023-01-03T09:41:56,0,20,0,20
2023-01-03T09:51:25,0,20,0,20
2023-01-03T10:01:00,0,20,0,20
2023-01-03T10:10:38,0,20,0,20
2023-01-03T10:20:14,0,20,0,20
2023-01-03T10:29:55,0,20,0,20
2023-01-03T10:39:34,0,20,0,20
2023-01-03T10:49:11,0,20,0,20
2023-01-03T10:58:47,0,20,0,20
2023-01-03T11:08:25,0,20,0,20
2023-01-03T11:18:14,0,20,0,20
2023-01-03T11:27:57,0,20,0,20
2023-01-03T11:37:30,0,20,0,20
2023-01-03T11:47:03,0,20,0,20
2023-01-03T11:56:36,0,20,0,20
2023-01-03T12:06:05,0,20,0,20
2023-01-03T12:15:34,0,20,0,20
2023-01-03T12:25:03,0,20,0,20
2023-01-03T12:34:32,0,20,0,20
2023-01-03T12:44:12,0,20,0,20
2023-01-03T12:53:41,0,20,0,20
2023-01-03T13:03:11,0,20,0,20
2023-01-03T13:12:40,0,20,0,20
2023-01-03T13:22:13,0,20,0,20
2023-01-03T13:31:44,0,20,0,20
2023-01-03T13:41:16,0,20,0,20
2023-01-03T13:50:45,0,20,0,20
2023-01-03T14:00:20,0,20,0,20
2023-01-03T14:10:02,0,20,0,20
2023-01-03T14:19:32,0,20,0,20
2023-01-03T14:29:02,0,20,0,20
2023-01-03T14:38:32,0,20,0,20
2023-01-03T14:48:02,0,20,0,20
2023-01-03T14:57:32,0,20,0,20
2023-01-03T15:07:02,0,20,0,20
2023-01-03T15:16:38,0,20,0,20
2023-01-03T15:26:08,0,20,0,20
2023-01-03T15:35:38,0,20,0,20
2023-01-03T15:45:08,0,20,0,20
2023-01-03T15:54:47,0,20,0,20
2023-01-03T16:04:16,0,20,0,20
2023-01-03T16:13:45,0,20,0,20
2023-01-03T16:23:15,0,20,0,20
2023-01-03T16:32:45,0,20,0,20
2023-01-03T16:42:14,0,20,0,20
2023-01-03T16:51:43,0,20,0,20
2023-01-03T17:01:12,0,20,0,20
2023-01-03T17:10:43,0,20,0,20
2023-01-03T17:20:11,0,20,0,20
2023-01-03T17:29:49,0,20,0,20
2023-01-03T17:39:19,0,20,0,20
2023-01-03T17:48:46,0,20,0,20
2023-01-03T17:58:15,0,20,0,20
2023-01-03T18:07:44,0,20,0,20
2023-01-03T18:17:11,0,20,0,20
2023-01-03T18:26:41,0,20,0,20
2023-01-03T18:36:10,0,20,0,20
2023-01-03T18:45:37,0,20,0,20
2023-01-03T18:55:05,0,20,0,20
2023-01-03T19:04:34,0,20,0,20
2023-01-03T19:14:12,0,20,0,20
2023-01-03T19:23:41,0,20,0,20
2023-01-03T19:33:09,0,20,0,20
2023-01-03T19:42:38,0,20,0,20
2023-01-03T19:52:08,0,20,0,20
2023-01-03T20:01:36,0,20,0,20
2023-01-03T20:11:05,0,20,0,20
2023-01-03T20:20:34,0,20,0,20
2023-01-03T20:30:02,0,20,0,20
2023-01-03T20:39:30,0,20,0,20
2023-01-03T20:48:58,0,20,0,20
2023-01-03T20:58:26,0,20,0,20
2023-01-03T21:07:53,0,20,0,20
2023-01-03T21:17:21,0,20,0,20
2023-01-03T21:27:02,0,20,0,20
2023-01-03T21:36:29,0,20,0,20
2023-01-03T21:45:53,0,20,0,20
2023-01-03T21:55:18,0,20,0,20
2023-01-03T22:04:44,0,20,0,20
2023-01-03T22:14:09,0,20,0,20
2023-01-03T22:23:41,0,20,0,20
2023-01-03T22:33:08,0,20,0,20
2023-01-03T22:42:35,0,20,0,20
2023-01-03T22:52:00,0,20,0,20
2023-01-03T23:01:28,0,20,0,20
2023-01-03T23:11:00,0,20,0,20
2023-01-03T23:20:30,0,20,0,20
2023-01-03T23:29:58,0,20,0,20
2023-01-03T23:39:24,0,20,0,20
2023-01-03T23:49:01,0,20,0,20
2023-01-03T23:58:27,0,20,0,20
2023-01-04T00:07:54,0,20,0,20
2023-01-04T00:17:25,0,20,0,20
2023-01-04T00:26:54,0,20,0,20
2023-01-04T00:36:23,0,20,0,20
2023-01-04T00:45:54,0,20,0,20
2023-01-04T00:55:25,0,20,0,20
2023-01-04T01:04:59,0,20,0,20
2023-01-04T01:14:32,0,20,0,20
2023-01-04T01:24:01,0,20,0,20
2023-01-04T01:33:30,0,20,0,20
2023-01-04T01:42:58,0,20,0,20
2023-01-04T01:52:26,0,20,0,20
2023-01-04T02:01:54,0,20,0,20
2023-01-04T02:11:21,0,20,0,20
2023-01-04T02:20:50,0,20,0,20
2023-01-04T02:30:20,0,20,0,20
2023-01-04T02:39:49,0,20,0,20
2023-01-04T02:49:17,0,20,0,20
2023-01-04T02:58:44,0,20,0,20
2023-01-04T03:08:12,0,20,0,20
2023-01-04T03:17:42,0,20,0,20
2023-01-04T03:27:09,0,20,0,20
2023-01-04T03:36:37,0,20,0,20
2023-01-04T03:46:06,0,20,0,20
2023-01-04T03:55:35,0,20,0,20
2023-01-04T04:05:09,0,20,0,20
2023-01-04T04:17:09,0,20,0,20
2023-01-04T04:26:41,0,20,0,20
2023-01-04T04:36:12,0,20,0,20
2023-01-04T04:46:12,0,20,0,20
2023-01-04T04:56:36,0,20,0,20
2023-01-04T05:06:03,0,20,0,20
2023-01-04T05:15:31,0,20,0,20
2023-01-04T05:25:00,0,20,0,20
2023-01-04T05:34:30,0,20,0,20
2023-01-04T05:43:59,0,20,0,20
2023-01-04T05:53:29,0,20,0,20
2023-01-04T06:03:02,0,20,0,20
2023-01-04T06:12:32,0,20,0,20
2023-01-04T06:22:01,0,20,0,20
2023-01-04T06:31:31,0,20,0,20
2023-01-04T06:41:05,0,20,0,20
2023-01-04T06:50:36,0,20,0,20
2023-01-04T07:00:07,0,20,0,20
2023-01-04T07:09:39,0,20,0,20
2023-01-04T07:19:09,0,20,0,20
2023-01-04T07:28:40,0,20,0,20
2023-01-04T07:38:10,0,20,0,20
2023-01-04T07:47:39,0,20,0,20
2023-01-04T07:57:08,0,20,0,20
2023-01-04T08:06:37,0,20,0,20
2023-01-04T08:16:09,0,20,0,20
2023-01-04T08:25:39,0,20,0,20
2023-01-04T08:35:09,0,20,0,20
2023-01-04T08:44:40,0,20,0,20
2023-01-04T08:54:10,0,20,0,20
2023-01-04T09:03:41,0,20,0,20
2023-01-04T09:13:10,0,20,0,20
2023-01-04T09:22:40,0,20,0,20
2023-01-04T09:32:10,0,20,0,20
2023-01-04T09:41:39,0,20,0,20
2023-01-04T09:51:18,0,20,0,20
2023-01-04T10:00:49,0,20,0,20
2023-01-04T10:10:20,0,20,0,20
2023-01-04T10:19:50,0,20,0,20
2023-01-04T10:29:21,0,20,0,20
2023-01-04T10:38:53,0,20,0,20
2023-01-04T10:48:24,0,20,0,20
2023-01-04T10:57:56,0,20,0,20
2023-01-04T11:07:27,0,20,0,20
2023-01-04T11:17:00,0,20,0,20
2023-01-04T11:26:51,0,20,0,20
2023-01-04T11:36:24,0,20,0,20
2023-01-04T11:46:00,0,20,0,20
2023-01-04T11:55:31,0,20,0,20
2023-01-04T12:05:09,0,20,0,20
2023-01-04T12:14:45,0,20,0,20
2023-01-04T12:24:16,0,20,0,20
2023-01-04T12:33:50,0,20,0,20
2023-01-04T12:43:34,0,20,0,20
2023-01-04T12:53:08,0,20,0,20
2023-01-04T13:02:40,0,20,0,20
2023-01-04T13:12:11,0,20,0,20
2023-01-04T13:21:42,0,20,0,20
2023-01-04T13:31:13,0,20,0,20
2023-01-04T13:40:44,0,20,0,20
2023-01-04T13:50:16,0,20,0,20
2023-01-04T13:59:57,0,20,0,20
2023-01-04T14:09:28,0,20,0,20
2023-01-04T14:19:00,0,20,0,20
2023-01-04T14:28:32,0,20,0,20
2023-01-04T14:38:09,0,20,0,20
2023-01-04T14:47:50,0,20,0,20
2023-01-04T14:57:24,0,20,0,20
2023-01-04T15:06:56,0,20,0,20
2023-01-04T15:16:28,0,20,0,20
2023-01-04T15:25:59,0,20,0,20
2023-01-04T15:35:30,0,20,0,20
2023-01-04T15:45:02,0,20,0,20
2023-01-04T15:54:33,0,20,0,20
2023-01-04T16:04:17,0,20,0,20
2023-01-04T16:13:48,0,20,0,20
2023-01-04T16:23:18,0,20,0,20
2023-01-04T16:32:48,0,20,0,20
2023-01-04T16:42:17,0,20,0,20
2023-01-04T16:51:47,0,20,0,20
2023-01-04T17:01:16,0,20,0,20
2023-01-04T17:10:55,0,20,0,20
2023-01-04T17:20:25,0,20,0,20
2023-01-04T17:29:54,0,20,0,20
2023-01-04T17:39:22,0,20,0,20
2023-01-04T17:48:51,0,20,0,20
2023-01-04T17:58:19,0,20,0,20
2023-01-04T18:07:48,0,20,0,20
2023-01-04T18:17:16,0,20,0,20
2023-01-04T18:26:45,0,20,0,20
2023-01-04T18:36:14,0,20,0,20
2023-01-04T18:45:42,0,20,0,20
2023-01-04T18:55:10,0,20,0,20
2023-01-04T19:04:40,0,20,0,20
2023-01-04T19:14:19,0,20,0,20
2023-01-04T19:23:47,0,20,0,20
2023-01-04T19:33:15,0,20,0,20
2023-01-04T19:42:44,0,20,0,20
2023-01-04T19:52:12,0,20,0,20
2023-01-04T20:01:40,0,20,0,20
2023-01-04T20:11:08,0,20,0,20
2023-01-04T20:20:36,0,20,0,20
2023-01-04T20:30:05,0,20,0,20
2023-01-04T20:39:32,0,20,0,20
2023-01-04T20:48:59,0,20,0,20
2023-01-04T20:58:42,0,20,0,20
2023-01-04T21:08:09,0,20,0,20
2023-01-04T21:17:35,0,20,0,20
2023-01-04T21:27:01,0,20,0,20
2023-01-04T21:36:27,0,20,0,20
2023-01-04T21:45:53,0,20,0,20
2023-01-04T21:55:18,0,20,0,20
2023-01-04T22:04:46,0,20,0,20
2023-01-04T22:14:13,0,20,0,20
2023-01-04T22:23:40,0,20,0,20
2023-01-04T22:33:06,0,20,0,20
2023-01-04T22:42:32,0,20,0,20
2023-01-04T22:51:57,0,20,0,20
2023-01-04T23:01:33,0,20,0,20
2023-01-04T23:10:59,0,20,0,20
2023-01-04T23:20:25,0,20,0,20
2023-01-04T23:29:51,0,20,0,20
2023-01-04T23:39:17,0,20,0,20
2023-01-04T23:48:42,0,20,0,20
2023-01-04T23:58:08,0,20,0,20
2023-01-05T00:07:36,0,20,0,20
2023-01-05T00:17:05,0,20,0,20
2023-01-05T00:26:34,0,20,0,20
2023-01-05T00:36:04,0,20,0,20
2023-01-05T00:45:34,0,20,0,20
2023-01-05T00:55:03,0,20,0,20
2023-01-05T01:04:32,0,20,0,20
2023-01-05T01:14:01,0,20,0,20
2023-01-05T01:23:29,0,20,0,20
2023-01-05T01:32:56,0,20,0,20
2023-01-05T01:42:25,0,20,0,20
2023-01-05T01:51:53,0,20,0,20
2023-01-05T02:01:21,0,20,0,20
2023-01-05T02:10:48,0,20,0,20
2023-01-05T02:20:15,0,20,0,20
2023-01-05T02:29:40,0,20,0,20
2023-01-05T02:39:05,0,20,0,20
2023-01-05T02:48:30,0,20,0,20
2023-01-05T02:57:55,0,20,0,20
2023-01-05T03:07:43,0,20,0,20
2023-01-05T03:17:08,0,20,0,20
2023-01-05T03:26:34,0,20,0,20
2023-01-05T03:35:59,0,20,0,20
2023-01-05T03:45:27,0,20,0,20
2023-01-05T03:54:55,0,20,0,20
2023-01-05T04:04:23,0,20,0,20
2023-01-05T04:13:51,0,20,0,20
2023-01-05T04:22:52,0,20,0,20
2023-01-05T04:32:41,0,20,0,20
2023-01-05T04:42:11,0,20,0,20
2023-01-05T04:51:38,0,20,0,20
2023-01-05T05:01:05,0,20,0,20
2023-01-05T05:10:31,0,20,0,20
2023-01-05T05:19:57,0,20,0,20
2023-01-05T05:29:22,0,20,0,20
2023-01-05T05:38:47,0,20,0,20
2023-01-05T05:48:13,0,20,0,20
2023-01-05T05:57:41,0,20,0,20
2023-01-05T06:07:19,0,20,0,20
2023-01-05T06:16:54,0,20,0,20
2023-01-05T06:26:25,0,20,0,20
2023-01-05T06:35:58,0,20,0,20
2023-01-05T06:45:30,0,20,0,20
2023-01-05T06:55:01,0,20,0,20
2023-01-05T07:04:36,0,20,0,20
2023-01-05T07:14:08,0,20,0,20
2023-01-05T07:23:37,0,20,0,20
2023-01-05T07:33:07,0,20,0,20
2023-01-05T07:42:39,0,20,0,20
2023-01-05T07:52:10,0,20,0,20
2023-01-05T08:01:42,0,20,0,20
2023-01-05T08:11:12,0,20,0,20
2023-01-05T08:20:43,0,20,0,20
2023-01-05T08:30:14,0,20,0,20
2023-01-05T08:39:44,0,20,0,20
2023-01-05T08:49:14,0,20,0,20
2023-01-05T08:58:43,0,20,0,20
2023-01-05T09:08:12,0,20,0,20
2023-01-05T09:17:46,0,20,0,20
2023-01-05T09:27:16,0,20,0,20
2023-01-05T09:36:45,0,20,0,20
2023-01-05T09:46:14,0,20,0,20
2023-01-05T09:55:53,0,20,0,20
2023-01-05T10:05:23,0,20,0,20
2023-01-05T10:15:02,0,20,0,20
2023-01-05T10:24:32,0,20,0,20
2023-01-05T10:34:01,0,20,0,20
2023-01-05T10:43:33,0,20,0,20
2023-01-05T10:53:03,0,20,0,20
2023-01-05T11:02:33,0,20,0,20
2023-01-05T11:12:05,0,20,0,20
2023-01-05T11:21:35,0,20,0,20
2023-01-05T11:31:05,0,20,0,20
2023-01-05T11:40:36,0,20,0,20
2023-01-05T11:50:17,0,20,0,20
2023-01-05T11:59:47,0,20,0,20
2023-01-05T12:09:17,0,20,0,20
2023-01-05T12:18:47,0,20,0,20
2023-01-05T12:28:18,0,20,0,20
2023-01-05T12:37:48,0,20,0,20
2023-01-05T12:47:17,0,20,0,20
2023-01-05T12:56:47,0,20,0,20
2023-01-05T13:06:17,0,20,0,20
2023-01-05T13:15:50,0,20,0,20
2023-01-05T13:25:34,0,20,0,20
2023-01-05T13:35:10,0,20,0,20
2023-01-05T13:44:41,0,20,0,20
2023-01-05T13:54:14,0,20,0,20
2023-01-05T14:03:46,0,20,0,20
2023-01-05T14:13:16,0,20,0,20
2023-01-05T14:22:46,0,20,0,20
2023-01-05T14:32:16,0,20,0,20
2023-01-05T14:41:57,0,20,0,20
2023-01-05T14:51:26,0,20,0,20
2023-01-05T15:00:58,0,20,0,20
2023-01-05T15:10:28,0,20,0,20
2023-01-05T15:19:59,0,20,0,20
2023-01-05T15:29:29,0,20,0,20
2023-01-05T15:38:59,0,20,0,20
2023-01-05T15:48:42,0,20,0,20
2023-01-05T15:58:12,0,20,0,20
2023-01-05T16:07:42,0,20,0,20
2023-01-05T16:17:13,0,20,0,20
2023-01-05T16:26:43,0,20,0,20
2023-01-05T16:36:13,0,20,0,20
2023-01-05T16:45:42,0,20,0,20
2023-01-05T16:55:13,0,20,0,20
2023-01-05T17:04:43,0,20,0,20
2023-01-05T17:14:13,0,20,0,20
2023-01-05T17:23:52,0,20,0,20
2023-01-05T17:33:21,0,20,0,20
2023-01-05T17:42:50,0,20,0,20
2023-01-05T17:52:18,0,20,0,20
2023-01-05T18:01:47,0,20,0,20
2023-01-05T18:11:16,0,20,0,20
2023-01-05T18:20:44,0,20,0,20
2023-01-05T18:30:12,0,20,0,20
2023-01-05T18:39:40,0,20,0,20
2023-01-05T18:49:09,0,20,0,20
2023-01-05T18:58:47,0,20,0,20
2023-01-05T19:08:16,0,20,0,20
2023-01-05T19:17:45,0,20,0,20
2023-01-05T19:27:14,0,20,0,20
2023-01-05T19:36:42,0,20,0,20
2023-01-05T19:46:10,0,20,0,20
2023-01-05T19:55:37,0,20,0,20
2023-01-05T20:05:04,0,20,0,20
2023-01-05T20:14:31,0,20,0,20
2023-01-05T20:23:59,0,20,0,20
2023-01-05T20:33:25,0,20,0,20
2023-01-05T20:43:02,0,20,0,20
2023-01-05T20:52:29,0,20,0,20
2023-01-05T21:01:56,0,20,0,20
2023-01-05T21:11:23,0,20,0,20
2023-01-05T21:20:50,0,20,0,20
2023-01-05T21:30:17,0,20,0,20
2023-01-05T21:39:44,0,20,0,20
2023-01-05T21:49:11,0,20,0,20
2023-01-05T21:58:38,0,20,0,20
2023-01-05T22:08:05,0,20,0,20
2023-01-05T22:17:32,0,20,0,20
2023-01-05T22:26:59,0,20,0,20
2023-01-05T22:36:36,0,20,0,20
2023-01-05T22:46:03,0,20,0,20
2023-01-05T22:55:29,0,20,0,20
2023-01-05T23:04:57,0,20,0,20
2023-01-05T23:14:24,0,20,0,20
2023-01-05T23:23:51,0,20,0,20
2023-01-05T23:33:19,0,20,0,20
2023-01-05T23:42:46,0,20,0,20
2023-01-05T23:52:14,0,20,0,20
2023-01-06T00:01:41,0,20,0,20
2023-01-06T00:11:10,0,20,0,20
2023-01-06T00:20:41,0,20,0,20
2023-01-06T00:30:11,0,20,0,20
2023-01-06T00:39:41,0,20,0,20
2023-01-06T00:49:11,0,20,0,20
2023-01-06T00:58:43,0,20,0,20
2023-01-06T01:08:12,0,20,0,20
2023-01-06T01:17:54,0,20,0,20
2023-01-06T01:27:24,0,20,0,20
2023-01-06T01:36:58,0,20,0,20
2023-01-06T01:46:27,0,20,0,20
2023-01-06T01:55:56,0,20,0,20
2023-01-06T02:05:25,0,20,0,20
2023-01-06T02:14:54,0,20,0,20
2023-01-06T02:24:24,0,20,0,20
2023-01-06T02:33:53,0,20,0,20
2023-01-06T02:43:23,0,20,0,20
2023-01-06T02:52:53,0,20,0,20
2023-01-06T03:02:23,0,20,0,20
2023-01-06T03:11:54,0,20,0,20
2023-01-06T03:21:25,0,20,0,20
2023-01-06T03:30:55,0,20,0,20
2023-01-06T03:40:26,0,20,0,20
2023-01-06T03:49:57,0,20,0,20
2023-01-06T03:59:28,0,20,0,20
2023-01-06T04:08:58,0,20,0,20
2023-01-06T04:22:21,0,20,0,20
2023-01-06T04:33:06,0,20,0,20
2023-01-06T04:42:57,0,20,0,20
2023-01-06T04:52:29,0,20,0,20
2023-01-06T05:01:59,0,20,0,20
2023-01-06T05:11:28,0,20,0,20
2023-01-06T05:20:59,0,20,0,20
2023-01-06T05:30:26,0,20,0,20
2023-01-06T05:39:53,0,20,0,20
2023-01-06T05:49:21,0,20,0,20
2023-01-06T05:58:50,0,20,0,20
2023-01-06T06:08:22,0,20,0,20
2023-01-06T06:17:52,0,20,0,20
2023-01-06T06:27:24,0,20,0,20
2023-01-06T06:36:51,0,20,0,20
2023-01-06T06:46:19,0,20,0,20
2023-01-06T06:55:47,0,20,0,20
2023-01-06T07:05:16,0,20,0,20
2023-01-06T07:14:46,0,20,0,20
2023-01-06T07:24:16,0,20,0,20
2023-01-06T07:33:46,0,20,0,20
2023-01-06T07:43:17,0,20,0,20
2023-01-06T07:52:46,0,20,0,20
2023-01-06T08:02:16,0,20,0,20
2023-01-06T08:11:45,0,20,0,20
2023-01-06T08:21:15,0,20,0,20
2023-01-06T08:30:45,0,20,0,20
2023-01-06T08:40:15,0,20,0,20
2023-01-06T08:49:47,0,20,0,20
2023-01-06T08:59:17,0,20,0,20
2023-01-06T09:08:46,0,20,0,20
2023-01-06T09:18:16,0,20,0,20
2023-01-06T09:27:48,0,20,0,20
2023-01-06T09:37:18,0,20,0,20
2023-01-06T09:46:48,0,20,0,20
2023-01-06T09:56:17,0,20,0,20
2023-01-06T10:05:48,0,20,0,20
2023-01-06T10:15:18,0,20,0,20
2023-01-06T10:24:48,0,20,0,20
2023-01-06T10:34:31,0,20,0,20
2023-01-06T10:44:02,0,20,0,20
2023-01-06T10:53:34,0,20,0,20
2023-01-06T11:03:06,0,20,0,20
2023-01-06T11:12:36,0,20,0,20
2023-01-06T11:22:07,0,20,0,20
2023-01-06T11:31:39,0,20,0,20
2023-01-06T11:41:08,0,20,0,20
2023-01-06T11:50:39,0,20,0,20
2023-01-06T12:00:16,0,20,0,20
2023-01-06T12:09:48,0,20,0,20
2023-01-06T12:19:18,0,20,0,20
2023-01-06T12:28:59,0,20,0,20
2023-01-06T12:38:30,0,20,0,20
2023-01-06T12:48:01,0,20,0,20
2023-01-06T12:57:31,0,20,0,20
2023-01-06T13:07:01,0,20,0,20
2023-01-06T13:16:31,0,20,0,20
2023-01-06T13:26:00,0,20,0,20
2023-01-06T13:35:31,0,20,0,20
2023-01-06T13:45:02,0,20,0,20
2023-01-06T13:54:45,0,20,0,20
2023-01-06T14:04:16,0,20,0,20
2023-01-06T14:13:47,0,20,0,20
2023-01-06T14:23:18,0,20,0,20
2023-01-06T14:32:49,0,20,0,20
2023-01-06T14:42:21,0,20,0,20
2023-01-06T14:51:51,0,20,0,20
2023-01-06T15:01:21,0,20,0,20
2023-01-06T15:11:02,0,20,0,20
2023-01-06T15:20:31,0,20,0,20
2023-01-06T15:30:01,0,20,0,20
2023-01-06T15:39:31,0,20,0,20
2023-01-06T15:49:04,0,20,0,20
2023-01-06T15:58:38,0,20,0,20
2023-01-06T16:08:07,0,20,0,20
2023-01-06T16:17:39,0,20,0,20
2023-01-06T16:27:09,0,20,0,20
2023-01-06T16:36:38,0,20,0,20
2023-01-06T16:46:08,0,20,0,20
2023-01-06T16:55:48,0,20,0,20
2023-01-06T17:05:17,0,20,0,20
2023-01-06T17:14:48,0,20,0,20
2023-01-06T17:24:16,0,20,0,20
2023-01-06T17:33:46,0,20,0,20
2023-01-06T17:43:17,0,20,0,20
2023-01-06T17:52:51,0,20,0,20
2023-01-06T18:02:21,0,20,0,20
2023-01-06T18:11:59,0,20,0,20
2023-01-06T18:21:28,0,20,0,20
2023-01-06T18:30:57,0,20,0,20
2023-01-06T18:40:25,0,20,0,20
2023-01-06T18:49:54,0,20,0,20
2023-01-06T18:59:22,0,20,0,20
2023-01-06T19:08:50,0,20,0,20
2023-01-06T19:18:19,0,20,0,20
2023-01-06T19:27:47,0,20,0,20
2023-01-06T19:37:19,0,20,0,20
2023-01-06T19:46:52,0,20,0,20
2023-01-06T19:56:20,0,20,0,20
2023-01-06T20:06:01,0,20,0,20
2023-01-06T20:15:30,0,20,0,20
2023-01-06T20:25:04,0,20,0,20
2023-01-06T20:34:35,0,20,0,20
2023-01-06T20:44:07,0,20,0,20
2023-01-06T20:53:34,0,20,0,20
2023-01-06T21:03:03,0,20,0,20
2023-01-06T21:12:31,0,20,0,20
2023-01-06T21:21:59,0,20,0,20
2023-01-06T21:31:28,0,20,0,20
2023-01-06T21:41:01,0,20,0,20
2023-01-06T21:50:30,0,20,0,20
2023-01-06T22:00:01,0,20,0,20
2023-01-06T22:09:29,0,20,0,20
2023-01-06T22:19:08,0,20,0,20
2023-01-06T22:28:38,0,20,0,20
2023-01-06T22:38:10,0,20,0,20
2023-01-06T22:47:39,0,20,0,20
2023-01-06T22:57:07,0,20,0,20
2023-01-06T23:06:37,0,20,0,20
2023-01-06T23:16:13,0,20,0,20
2023-01-06T23:25:47,0,20,0,20
2023-01-06T23:35:15,0,20,0,20
2023-01-06T23:44:43,0,20,0,20
2023-01-06T23:54:11,0,20,0,20
2023-01-07T00:03:54,0,20,0,20
2023-01-07T00:13:26,0,20,0,20
2023-01-07T00:22:58,0,20,0,20
2023-01-07T00:32:29,0,20,0,20
2023-01-07T00:41:59,0,20,0,20
2023-01-07T00:51:30,0,20,0,20
2023-01-07T01:01:04,0,20,0,20
2023-01-07T01:10:33,0,20,0,20
2023-01-07T01:20:02,0,20,0,20
2023-01-07T01:29:29,0,20,0,20
2023-01-07T01:38:56,0,20,0,20
2023-01-07T01:48:22,0,20,0,20
2023-01-07T01:57:50,0,20,0,20
2023-01-07T02:07:18,0,20,0,20
2023-01-07T02:16:55,0,20,0,20
2023-01-07T02:26:22,0,20,0,20
2023-01-07T02:35:50,0,20,0,20
2023-01-07T02:45:16,0,20,0,20
2023-01-07T02:54:41,0,20,0,20
2023-01-07T03:04:08,0,20,0,20
2023-01-07T03:13:34,0,20,0,20
2023-01-07T03:23:00,0,20,0,20
2023-01-07T03:32:27,0,20,0,20
2023-01-07T03:41:54,0,20,0,20
2023-01-07T03:51:23,0,20,0,20
2023-01-07T04:00:51,0,20,0,20
2023-01-07T04:12:29,0,20,0,20
2023-01-07T04:22:29,0,20,0,20
2023-01-07T04:32:22,0,20,0,20
2023-01-07T04:41:52,0,20,0,20
2023-01-07T04:51:20,0,20,0,20
2023-01-07T05:00:46,0,20,0,20
2023-01-07T05:10:12,0,20,0,20
2023-01-07T05:19:39,0,20,0,20
2023-01-07T05:29:05,0,20,0,20
2023-01-07T05:38:31,0,20,0,20
2023-01-07T05:47:57,0,20,0,20
2023-01-07T05:57:26,0,20,0,20
2023-01-07T06:06:55,0,20,0,20
2023-01-07T06:16:26,0,20,0,20
2023-01-07T06:26:18,0,20,0,20
2023-01-07T06:35:50,0,20,0,20
2023-01-07T06:45:22,0,20,0,20
2023-01-07T06:54:53,0,20,0,20
2023-01-07T07:04:24,0,20,0,20
2023-01-07T07:13:56,0,20,0,20
2023-01-07T07:23:26,0,20,0,20
2023-01-07T07:32:57,0,20,0,20
2023-01-07T07:42:28,0,20,0,20
2023-01-07T07:52:01,0,20,0,20
2023-01-07T08:01:33,0,20,0,20
2023-01-07T08:11:03,0,20,0,20
2023-01-07T08:20:37,0,20,0,20
2023-01-07T08:30:08,0,20,0,20
2023-01-07T08:39:39,0,20,0,20
2023-01-07T08:49:10,0,20,0,20
2023-01-07T08:58:43,0,20,0,20
2023-01-07T09:08:13,0,20,0,20
2023-01-07T09:17:43,0,20,0,20
2023-01-07T09:27:13,0,20,0,20
2023-01-07T09:36:44,0,20,0,20
2023-01-07T09:46:14,0,20,0,20
2023-01-07T09:55:44,0,20,0,20
2023-01-07T10:05:14,0,20,0,20
2023-01-07T10:14:53,0,20,0,20
2023-01-07T10:24:22,0,20,0,20
2023-01-07T10:33:52,0,20,0,20
2023-01-07T10:43:22,0,20,0,20
2023-01-07T10:52:52,0,20,0,20
2023-01-07T11:02:20,0,20,0,20
2023-01-07T11:11:47,0,20,0,20
2023-01-07T11:21:16,0,20,0,20
2023-01-07T11:30:43,0,20,0,20
2023-01-07T11:40:11,0,20,0,20
2023-01-07T11:49:39,0,20,0,20
2023-01-07T11:59:07,0,20,0,20
2023-01-07T12:08:36,0,20,0,20
2023-01-07T12:18:04,0,20,0,20
2023-01-07T12:27:33,0,20,0,20
2023-01-07T12:37:11,0,20,0,20
2023-01-07T12:46:39,0,20,0,20
2023-01-07T12:56:07,0,20,0,20
2023-01-07T13:05:35,0,20,0,20
2023-01-07T13:15:03,0,20,0,20
2023-01-07T13:24:31,0,20,0,20
2023-01-07T13:33:59,0,20,0,20
2023-01-07T13:43:28,0,20,0,20
2023-01-07T13:52:55,0,20,0,20
2023-01-07T14:02:24,0,20,0,20
2023-01-07T14:11:52,0,20,0,20
2023-01-07T14:21:20,0,20,0,20
2023-01-07T14:30:59,0,20,0,20
2023-01-07T14:40:28,0,20,0,20
2023-01-07T14:49:56,0,20,0,20
2023-01-07T14:59:25,0,20,0,20
2023-01-07T15:08:52,0,20,0,20
2023-01-07T15:18:20,0,20,0,20
2023-01-07T15:27:47,0,20,0,20
2023-01-07T15:37:15,0,20,0,20
2023-01-07T15:46:44,0,20,0,20
2023-01-07T15:56:12,0,20,0,20
2023-01-07T16:05:40,0,20,0,20
2023-01-07T16:15:19,0,20,0,20
2023-01-07T16:24:47,0,20,0,20
2023-01-07T16:34:16,0,20,0,20
2023-01-07T16:43:44,0,20,0,20
2023-01-07T16:53:12,0,20,0,20
2023-01-07T17:02:40,0,20,0,20
2023-01-07T17:12:10,0,20,0,20
2023-01-07T17:21:39,0,20,0,20
2023-01-07T17:31:07,0,20,0,20
2023-01-07T17:40:35,0,20,0,20
2023-01-07T17:50:13,0,20,0,20
2023-01-07T17:59:41,0,20,0,20
2023-01-07T18:09:09,0,20,0,20
2023-01-07T18:18:36,0,20,0,20
2023-01-07T18:28:04,0,20,0,20
2023-01-07T18:37:33,0,20,0,20
2023-01-07T18:47:01,0,20,0,20
2023-01-07T18:56:29,0,20,0,20
2023-01-07T19:05:58,0,20,0,20
2023-01-07T19:15:26,0,20,0,20
2023-01-07T19:25:04,0,20,0,20
2023-01-07T19:34:32,0,20,0,20
2023-01-07T19:44:00,0,20,0,20
2023-01-07T19:53:27,0,20,0,20
2023-01-07T20:02:54,0,20,0,20
2023-01-07T20:12:21,0,20,0,20
2023-01-07T20:21:48,0,20,0,20
2023-01-07T20:31:15,0,20,0,20
2023-01-07T20:40:42,0,20,0,20
2023-01-07T20:50:09,0,20,0,20
2023-01-07T20:59:35,0,20,0,20
2023-01-07T21:09:11,0,20,0,20
2023-01-07T21:18:37,0,20,0,20
2023-01-07T21:28:04,0,20,0,20
2023-01-07T21:37:30,0,20,0,20
2023-01-07T21:46:56,0,20,0,20
2023-01-07T21:56:23,0,20,0,20
2023-01-07T22:05:49,0,20,0,20
2023-01-07T22:15:15,0,20,0,20
2023-01-07T22:24:42,0,20,0,20
2023-01-07T22:34:09,0,20,0,20
2023-01-07T22:43:36,0,20,0,20
2023-01-07T22:53:13,0,20,0,20
2023-01-07T23:02:40,0,20,0,20
2023-01-07T23:12:07,0,20,0,20
2023-01-07T23:21:33,0,20,0,20
2023-01-07T23:31:00,0,20,0,20
2023-01-07T23:40:26,0,20,0,20
2023-01-07T23:49:52,0,20,0,20
2023-01-07T23:59:18,0,20,0,20
2023-01-08T00:08:45,0,20,0,20
2023-01-08T00:18:16,0,20,0,20
2023-01-08T00:27:47,0,20,0,20
2023-01-08T00:37:14,0,20,0,20
2023-01-08T00:46:40,0,20,0,20
2023-01-08T00:56:05,0,20,0,20
2023-01-08T01:05:32,0,20,0,20
2023-01-08T01:14:57,0,20,0,20
2023-01-08T01:24:34,0,20,0,20
2023-01-08T01:34:01,0,20,0,20
2023-01-08T01:43:27,0,20,0,20
2023-01-08T01:52:54,0,20,0,20
2023-01-08T02:02:21,0,20,0,20
2023-01-08T02:11:47,0,20,0,20
2023-01-08T02:21:13,0,20,0,20
2023-01-08T02:30:42,0,20,0,20
2023-01-08T02:40:11,0,20,0,20
2023-01-08T02:49:43,0,20,0,20
2023-01-08T02:59:15,0,20,0,20
2023-01-08T03:08:50,0,20,0,20
2023-01-08T03:18:20,0,20,0,20
2023-01-08T03:27:49,0,20,0,20
2023-01-08T03:37:21,0,20,0,20
2023-01-08T03:46:52,0,20,0,20
2023-01-08T03:56:21,0,20,0,20
2023-01-08T04:05:50,0,20,0,20
2023-01-08T04:20:42,0,20,0,20
2023-01-08T04:30:37,0,20,0,20
2023-01-08T04:40:09,0,20,0,20
2023-01-08T04:49:40,0,20,0,20
2023-01-08T04:59:10,0,20,0,20
2023-01-08T05:08:40,0,20,0,20
2023-01-08T05:18:08,0,20,0,20
2023-01-08T05:27:36,0,20,0,20
2023-01-08T05:37:05,0,20,0,20
2023-01-08T05:46:33,0,20,0,20
2023-01-08T05:56:01,0,20,0,20
2023-01-08T06:05:32,0,20,0,20
2023-01-08T06:15:01,0,20,0,20
2023-01-08T06:24:32,0,20,0,20
2023-01-08T06:34:01,0,20,0,20
2023-01-08T06:43:28,0,20,0,20
2023-01-08T06:52:56,0,20,0,20
2023-01-08T07:02:24,0,20,0,20
2023-01-08T07:11:55,0,20,0,20
2023-01-08T07:21:23,0,20,0,20
2023-01-08T07:30:53,0,20,0,20
2023-01-08T07:40:23,0,20,0,20
2023-01-08T07:49:55,0,20,0,20
2023-01-08T07:59:30,0,20,0,20
2023-01-08T08:09:01,0,20,0,20
2023-01-08T08:18:31,0,20,0,20
2023-01-08T08:28:02,0,20,0,20
2023-01-08T08:37:32,0,20,0,20
2023-01-08T08:47:00,0,20,0,20
2023-01-08T08:56:29,0,20,0,20
2023-01-08T09:05:59,0,20,0,20
2023-01-08T09:15:33,0,20,0,20
2023-01-08T09:25:13,0,20,0,20
2023-01-08T09:34:43,0,20,0,20
2023-01-08T09:44:12,0,20,0,20
2023-01-08T09:53:43,0,20,0,20
2023-01-08T10:03:14,0,20,0,20
2023-01-08T10:12:46,0,20,0,20
2023-01-08T10:22:21,0,20,0,20
2023-01-08T10:31:57,0,20,0,20
2023-01-08T10:41:27,0,20,0,20
2023-01-08T10:50:56,0,20,0,20
2023-01-08T11:00:34,0,20,0,20
2023-01-08T11:10:02,0,20,0,20
2023-01-08T11:19:46,0,20,0,20
2023-01-08T11:29:15,0,20,0,20
2023-01-08T11:38:46,0,20,0,20
2023-01-08T11:48:16,0,20,0,20
2023-01-08T11:57:47,0,20,0,20
2023-01-08T12:07:16,0,20,0,20
2023-01-08T12:16:58,0,20,0,20
2023-01-08T12:26:27,0,20,0,20
2023-01-08T12:35:56,0,20,0,20
2023-01-08T12:45:24,0,20,0,20
2023-01-08T12:54:53,0,20,0,20
2023-01-08T13:04:22,0,20,0,20
2023-01-08T13:13:52,0,20,0,20
2023-01-08T13:23:32,0,20,0,20
2023-01-08T13:33:01,0,20,0,20
2023-01-08T13:42:29,0,20,0,20
2023-01-08T13:51:58,0,20,0,20
2023-01-08T14:01:27,0,20,0,20
2023-01-08T14:10:55,0,20,0,20
2023-01-08T14:20:34,0,20,0,20
2023-01-08T14:30:03,0,20,0,20
2023-01-08T14:39:32,0,20,0,20
2023-01-08T14:49:01,0,20,0,20
2023-01-08T14:58:33,0,20,0,20
2023-01-08T15:08:12,0,20,0,20
2023-01-08T15:17:40,0,20,0,20
2023-01-08T15:27:09,0,20,0,20
2023-01-08T15:36:38,0,20,0,20
2023-01-08T15:46:07,0,20,0,20
2023-01-08T15:55:46,0,20,0,20
2023-01-08T16:05:16,0,20,0,20
2023-01-08T16:14:46,0,20,0,20
2023-01-08T16:24:16,0,20,0,20
2023-01-08T16:33:46,0,20,0,20
2023-01-08T16:43:25,0,20,0,20
2023-01-08T16:52:54,0,20,0,20
2023-01-08T17:02:23,0,20,0,20
2023-01-08T17:11:52,0,20,0,20
2023-01-08T17:21:22,0,20,0,20
2023-01-08T17:31:01,0,20,0,20
2023-01-08T17:40:31,0,20,0,20
2023-01-08T17:50:01,0,20,0,20
2023-01-08T17:59:31,0,20,0,20
2023-01-08T18:09:11,0,20,0,20
2023-01-08T18:18:41,0,20,0,20
2023-01-08T18:28:11,0,20,0,20
2023-01-08T18:37:41,0,20,0,20
2023-01-08T18:47:10,0,20,0,20
2023-01-08T18:56:39,0,20,0,20
2023-01-08T19:06:19,0,20,0,20
2023-01-08T19:15:49,0,20,0,20
2023-01-08T19:25:19,0,20,0,20
2023-01-08T19:34:48,0,20,0,20
2023-01-08T19:44:29,0,20,0,20
2023-01-08T19:54:00,0,20,0,20
2023-01-08T20:03:30,0,20,0,20
2023-01-08T20:13:00,0,20,0,20
2023-01-08T20:22:30,0,20,0,20
2023-01-08T20:32:10,0,20,0,20
2023-01-08T20:41:40,0,20,0,20
2023-01-08T20:51:09,0,20,0,20
2023-01-08T21:00:39,0,20,0,20
2023-01-08T21:10:20,0,20,0,20
2023-01-08T21:19:50,0,20,0,20
2023-01-08T21:29:20,0,20,0,20
2023-01-08T21:38:51,0,20,0,20
2023-01-08T21:48:30,0,20,0,20
2023-01-08T21:57:59,0,20,0,20
2023-01-08T22:07:30,0,20,0,20
2023-01-08T22:17:00,0,20,0,20
2023-01-08T22:26:40,0,20,0,20
2023-01-08T22:36:10,0,20,0,20
2023-01-08T22:45:40,0,20,0,20
2023-01-08T22:55:10,0,20,0,20
2023-01-08T23:04:51,0,20,0,20
2023-01-08T23:14:22,0,20,0,20
2023-01-08T23:23:54,0,20,0,20
2023-01-08T23:33:28,0,20,0,20
2023-01-08T23:43:07,0,20,0,20
2023-01-08T23:52:35,0,20,0,20
2023-01-09T00:02:21,0,20,0,20
2023-01-09T00:11:58,0,20,0,20
2023-01-09T00:21:32,0,20,0,20
2023-01-09T00:31:20,0,20,0,20
2023-01-09T00:40:57,0,20,0,20
2023-01-09T00:50:28,0,20,0,20
2023-01-09T01:00:00,0,20,0,20
2023-01-09T01:09:40,0,20,0,20
2023-01-09T01:19:06,0,20,0,20
2023-01-09T01:28:44,0,20,0,20
2023-01-09T01:38:22,0,20,0,20
2023-01-09T01:47:59,0,20,0,20
2023-01-09T01:57:37,0,20,0,20
2023-01-09T02:07:15,0,20,0,20
2023-01-09T02:16:54,0,20,0,20
2023-01-09T02:26:30,0,20,0,20
2023-01-09T02:36:06,0,20,0,20
2023-01-09T02:45:56,0,20,0,20
2023-01-09T02:55:31,0,20,0,20
2023-01-09T03:05:02,0,20,0,20
2023-01-09T03:14:32,0,20,0,20
2023-01-09T03:24:04,0,20,0,20
2023-01-09T03:33:32,0,20,0,20
2023-01-09T03:43:01,0,20,0,20
2023-01-09T03:52:30,0,20,0,20
2023-01-09T04:01:58,0,20,0,20
2023-01-09T04:11:27,0,20,0,20
2023-01-09T04:21:26,0,20,0,20
2023-01-09T04:32:11,0,20,0,20
2023-01-09T04:41:59,0,20,0,20
2023-01-09T04:51:30,0,20,0,20
2023-01-09T05:00:57,0,20,0,20
2023-01-09T05:10:24,0,20,0,20
2023-01-09T05:19:50,0,20,0,20
2023-01-09T05:29:16,0,20,0,20
2023-01-09T05:38:42,0,20,0,20
2023-01-09T05:48:08,0,20,0,20
2023-01-09T05:57:37,0,20,0,20
2023-01-09T06:07:08,0,20,0,20
2023-01-09T06:16:37,0,20,0,20
2023-01-09T06:26:07,0,20,0,20
2023-01-09T06:35:35,0,20,0,20
2023-01-09T06:45:03,0,20,0,20
2023-01-09T06:54:34,0,20,0,20
2023-01-09T07:04:04,0,20,0,20
2023-01-09T07:13:34,0,20,0,20
2023-01-09T07:23:04,0,20,0,20
2023-01-09T07:32:35,0,20,0,20
2023-01-09T07:42:08,0,20,0,20
2023-01-09T07:51:49,0,20,0,20
2023-01-09T08:01:28,0,20,0,20
2023-01-09T08:11:05,0,20,0,20
2023-01-09T08:20:38,0,20,0,20
2023-01-09T08:30:25,0,20,0,20
2023-01-09T08:39:58,0,20,0,20
2023-01-09T08:49:32,0,20,0,20
2023-01-09T08:59:18,0,20,0,20
2023-01-09T09:08:53,0,20,0,20
2023-01-09T09:18:28,0,20,0,20
2023-01-09T09:28:12,0,20,0,20
2023-01-09T09:37:47,0,20,0,20
2023-01-09T09:47:33,0,20,0,20
2023-01-09T09:57:08,0,20,0,20
2023-01-09T10:06:56,0,20,0,20
2023-01-09T10:16:32,0,20,0,20
2023-01-09T10:26:27,0,20,0,20
2023-01-09T10:36:03,0,20,0,20
2023-01-09T10:45:50,0,20,0,20
2023-01-09T10:55:26,0,20,0,20
2023-01-09T11:05:13,0,20,0,20
2023-01-09T11:14:48,0,20,0,20
2023-01-09T11:24:22,0,20,0,20
2023-01-09T11:34:07,0,20,0,20
2023-01-09T11:43:41,0,20,0,20
2023-01-09T11:53:28,0,20,0,20
2023-01-09T12:03:05,0,20,0,20
2023-01-09T12:12:39,0,20,0,20
2023-01-09T12:22:24,0,20,0,20
2023-01-09T12:31:57,0,20,0,20
2023-01-09T12:41:40,0,20,0,20
2023-01-09T12:51:14,0,20,0,20
2023-01-09T13:00:48,0,20,0,20
2023-01-09T13:10:34,0,20,0,20
2023-01-09T13:20:08,0,20,0,20
2023-01-09T13:29:42,0,20,0,20
2023-01-09T13:39:27,0,20,0,20
2023-01-09T13:49:02,0,20,0,20
2023-01-09T13:58:48,0,20,0,20
2023-01-09T14:07:10,0,20,0,20
2023-01-09T14:16:44,0,20,0,20
2023-01-09T14:26:28,0,20,0,20
2023-01-09T14:36:02,0,20,0,20
2023-01-09T14:45:35,0,20,0,20
2023-01-09T14:55:21,0,20,0,20
2023-01-09T15:04:55,0,20,0,20
2023-01-09T15:14:38,0,20,0,20
2023-01-09T15:24:11,0,20,0,20
2023-01-09T15:33:43,0,20,0,20
2023-01-09T15:43:26,0,20,0,20
2023-01-09T15:52:59,0,20,0,20
2023-01-09T16:02:43,0,20,0,20
2023-01-09T16:12:15,0,20,0,20
2023-01-09T16:21:47,0,20,0,20
2023-01-09T16:31:19,0,20,0,20
2023-01-09T16:41:01,0,20,0,20
2023-01-09T16:50:32,0,20,0,20
2023-01-09T17:00:02,0,20,0,20
2023-01-09T17:09:45,0,20,0,20
2023-01-09T17:19:17,0,20,0,20
2023-01-09T17:28:47,0,20,0,20
2023-01-09T17:38:28,0,20,0,20
2023-01-09T17:47:59,0,20,0,20
2023-01-09T17:57:28,0,20,0,20
2023-01-09T18:07:00,0,20,0,20
2023-01-09T18:16:40,0,20,0,20
2023-01-09T18:26:11,0,20,0,20
2023-01-09T18:35:41,0,20,0,20
2023-01-09T18:45:21,0,20,0,20
2023-01-09T18:54:51,0,20,0,20
2023-01-09T19:04:23,0,20,0,20
2023-01-09T19:13:55,0,20,0,20
2023-01-09T19:23:25,0,20,0,20
2023-01-09T19:33:05,0,20,0,20
2023-01-09T19:42:34,0,20,0,20
2023-01-09T19:52:03,0,20,0,20
2023-01-09T20:01:31,0,20,0,20
2023-01-09T20:11:10,0,20,0,20
2023-01-09T20:20:38,0,20,0,20
2023-01-09T20:30:07,0,20,0,20
2023-01-09T20:39:35,0,20,0,20
2023-01-09T20:49:04,0,20,0,20
2023-01-09T20:58:33,0,20,0,20
2023-01-09T21:08:13,0,20,0,20
2023-01-09T21:17:42,0,20,0,20
2023-01-09T21:27:09,0,20,0,20
2023-01-09T21:36:38,0,20,0,20
2023-01-09T21:46:06,0,20,0,20
2023-01-09T21:55:35,0,20,0,20
2023-01-09T22:05:14,0,20,0,20
2023-01-09T22:14:43,0,20,0,20
2023-01-09T22:24:11,0,20,0,20
2023-01-09T22:33:40,0,20,0,20
2023-01-09T22:43:20,0,20,0,20
2023-01-09T22:52:48,0,20,0,20
2023-01-09T23:02:16,0,20,0,20
2023-01-09T23:11:45,0,20,0,20
2023-01-09T23:21:13,0,20,0,20
2023-01-09T23:30:41,0,20,0,20
2023-01-09T23:40:20,0,20,0,20
2023-01-09T23:49:47,0,20,0,20
2023-01-09T23:59:14,0,20,0,20
2023-01-10T00:08:44,0,20,0,20
2023-01-10T00:18:17,0,20,0,20
2023-01-10T00:27:47,0,20,0,20
2023-01-10T00:37:18,0,20,0,20
2023-01-10T00:46:49,0,20,0,20
2023-01-10T00:56:19,0,20,0,20
2023-01-10T01:05:48,0,20,0,20
2023-01-10T01:15:30,0,20,0,20
2023-01-10T01:24:59,0,20,0,20
2023-01-10T01:34:27,0,20,0,20
2023-01-10T01:43:55,0,20,0,20
2023-01-10T01:53:23,0,20,0,20
2023-01-10T02:02:51,0,20,0,20
2023-01-10T02:12:19,0,20,0,20
2023-01-10T02:21:47,0,20,0,20
2023-01-10T02:31:14,0,20,0,20
2023-01-10T02:40:41,0,20,0,20
2023-01-10T02:50:08,0,20,0,20
2023-01-10T02:59:35,0,20,0,20
2023-01-10T03:09:01,0,20,0,20
2023-01-10T03:18:28,0,20,0,20
2023-01-10T03:27:55,0,20,0,20
2023-01-10T03:37:26,0,20,0,20
2023-01-10T03:46:55,0,20,0,20
2023-01-10T03:56:26,0,20,0,20
2023-01-10T04:07:55,0,20,0,20
2023-01-10T04:17:48,0,20,0,20
2023-01-10T04:31:46,0,20,0,20
2023-01-10T04:41:38,0,20,0,20
2023-01-10T04:51:08,0,20,0,20
2023-01-10T05:00:38,0,20,0,20
2023-01-10T05:10:10,0,20,0,20
2023-01-10T05:19:38,0,20,0,20
2023-01-10T05:29:07,0,20,0,20
2023-01-10T05:38:36,0,20,0,20
2023-01-10T05:48:06,0,20,0,20
2023-01-10T05:57:36,0,20,0,20
2023-01-10T06:07:07,0,20,0,20
2023-01-10T06:16:37,0,20,0,20
2023-01-10T06:26:07,0,20,0,20
2023-01-10T06:35:36,0,20,0,20
2023-01-10T06:45:05,0,20,0,20
2023-01-10T06:54:36,0,20,0,20
2023-01-10T07:04:06,0,20,0,20
2023-01-10T07:13:35,0,20,0,20
2023-01-10T07:23:05,0,20,0,20
2023-01-10T07:32:37,0,20,0,20
2023-01-10T07:42:09,0,20,0,20
2023-01-10T07:51:41,0,20,0,20
2023-01-10T08:01:13,0,20,0,20
2023-01-10T08:10:54,0,20,0,20
2023-01-10T08:20:35,0,20,0,20
2023-01-10T08:30:08,0,20,0,20
2023-01-10T08:39:40,0,20,0,20
2023-01-10T08:49:13,0,20,0,20
2023-01-10T08:58:47,0,20,0,20
2023-01-10T09:08:39,0,20,0,20
2023-01-10T09:18:15,0,20,0,20
2023-01-10T09:27:50,0,20,0,20
2023-01-10T09:37:26,0,20,0,20
2023-01-10T09:47:11,0,20,0,20
2023-01-10T09:56:45,0,20,0,20
2023-01-10T10:06:21,0,20,0,20
2023-01-10T10:16:05,0,20,0,20
2023-01-10T10:25:40,0,20,0,20
2023-01-10T10:35:15,0,20,0,20
2023-01-10T10:45:08,0,20,0,20
2023-01-10T10:54:42,0,20,0,20
2023-01-10T11:04:17,0,20,0,20
2023-01-10T11:14:02,0,20,0,20
2023-01-10T11:23:37,0,20,0,20
2023-01-10T11:33:24,0,20,0,20
2023-01-10T11:42:58,0,20,0,20
2023-01-10T11:52:41,0,20,0,20
2023-01-10T12:02:15,0,20,0,20
2023-01-10T12:11:49,0,20,0,20
2023-01-10T12:21:41,0,20,0,20
2023-01-10T12:31:16,0,20,0,20
2023-01-10T12:40:49,0,20,0,20
2023-01-10T12:50:32,0,20,0,20
2023-01-10T13:00:28,0,20,0,20
2023-01-10T13:10:05,0,20,0,20
2023-01-10T13:19:50,0,20,0,20
2023-01-10T13:29:26,0,20,0,20
2023-01-10T13:39:19,0,20,0,20
2023-01-10T13:48:53,0,20,0,20
2023-01-10T13:58:28,0,20,0,20
2023-01-10T14:08:12,0,20,0,20
2023-01-10T14:17:45,0,20,0,20
2023-01-10T14:27:29,0,20,0,20
2023-01-10T14:37:02,0,20,0,20
2023-01-10T14:46:36,0,20,0,20
2023-01-10T14:56:26,0,20,0,20
2023-01-10T15:06:00,0,20,0,20
2023-01-10T15:15:41,0,20,0,20
2023-01-10T15:25:15,0,20,0,20
2023-01-10T15:34:58,0,20,0,20
2023-01-10T15:44:30,0,20,0,20
2023-01-10T15:54:01,0,20,0,20
2023-01-10T16:03:43,0,20,0,20
2023-01-10T16:13:14,0,20,0,20
2023-01-10T16:22:46,0,20,0,20
2023-01-10T16:32:36,0,20,0,20
2023-01-10T16:42:08,0,20,0,20
2023-01-10T16:51:40,0,20,0,20
2023-01-10T17:01:11,0,20,0,20
2023-01-10T17:10:53,0,20,0,20
2023-01-10T17:20:24,0,20,0,20
2023-01-10T17:29:54,1,19,0,20
2023-01-10T17:39:24,1,19,0,20
2023-01-10T17:48:54,2,18,0,20
2023-01-10T17:58:34,2,18,0,20
2023-01-10T18:08:03,2,18,0,20
2023-01-10T18:17:32,2,18,0,20
2023-01-10T18:27:02,2,18,0,20
2023-01-10T18:36:32,2,18,0,20
2023-01-10T18:46:20,2,18,0,20
2023-01-10T18:55:49,2,18,0,20
2023-01-10T19:05:18,2,18,0,20
2023-01-10T19:14:47,2,18,0,20
2023-01-10T19:24:16,2,18,0,20
2023-01-10T19:33:45,2,18,0,20
2023-01-10T19:43:14,2,18,0,20
2023-01-10T19:52:54,2,18,0,20
2023-01-10T20:02:23,2,18,0,20
2023-01-10T20:11:52,2,18,0,20
2023-01-10T20:21:20,2,18,0,20
2023-01-10T20:30:49,2,18,0,20
2023-01-10T20:40:17,2,18,0,20
2023-01-10T20:50:05,2,18,0,20
2023-01-10T20:59:33,2,18,0,20
2023-01-10T21:09:02,2,18,0,20
2023-01-10T21:18:31,2,18,0,20
2023-01-10T21:28:00,2,18,0,20
2023-01-10T21:37:30,2,18,0,20
2023-01-10T21:47:09,2,18,0,20
2023-01-10T21:56:39,2,18,0,20
2023-01-10T22:06:08,2,18,0,20
2023-01-10T22:15:36,2,18,0,20
2023-01-10T22:25:05,2,18,0,20
2023-01-10T22:34:35,2,18,0,20
2023-01-10T22:44:04,2,18,0,20
2023-01-10T22:53:43,2,18,0,20
2023-01-10T23:03:12,2,18,0,20
2023-01-10T23:12:41,2,18,0,20
2023-01-10T23:22:11,2,18,0,20
2023-01-10T23:31:40,2,18,0,20
2023-01-10T23:41:09,2,18,0,20
2023-01-10T23:50:37,2,18,0,20
2023-01-11T00:00:05,2,18,0,20
2023-01-11T00:09:36,2,18,0,20
2023-01-11T00:19:07,2,18,0,20
2023-01-11T00:28:47,2,18,0,20
2023-01-11T00:38:20,2,18,0,20
2023-01-11T00:47:51,2,18,0,20
2023-01-11T00:57:23,2,18,0,20
2023-01-11T01:06:54,2,18,0,20
2023-01-11T01:16:26,2,18,0,20
2023-01-11T01:25:56,2,18,0,20
2023-01-11T01:35:25,2,18,0,20
2023-01-11T01:44:54,2,18,0,20
2023-01-11T01:54:23,2,18,0,20
2023-01-11T02:03:52,2,18,0,20
2023-01-11T02:13:23,2,18,0,20
2023-01-11T02:22:53,2,18,0,20
2023-01-11T02:32:23,2,18,0,20
2023-01-11T02:41:53,2,18,0,20
2023-01-11T02:51:24,2,18,0,20
2023-01-11T03:00:55,2,18,0,20
2023-01-11T03:10:24,2,18,0,20
2023-01-11T03:19:54,2,18,0,20
2023-01-11T03:29:22,2,18,0,20
2023-01-11T03:38:52,2,18,0,20
2023-01-11T03:48:22,2,18,0,20
2023-01-11T03:57:53,2,18,0,20
2023-01-11T04:07:24,2,18,0,20
2023-01-11T04:29:16,2,18,0,20
2023-01-11T04:38:51,2,18,0,20
2023-01-11T04:48:24,2,18,0,20
2023-01-11T04:57:57,2,18,0,20
2023-01-11T05:07:25,2,18,0,20
2023-01-11T05:16:53,2,18,0,20
2023-01-11T05:26:22,2,18,0,20
2023-01-11T05:36:23,2,18,0,20
2023-01-11T05:45:57,2,18,0,20
2023-01-11T05:55:27,2,18,0,20
2023-01-11T06:04:58,2,18,0,20
2023-01-11T06:14:26,2,18,0,20
2023-01-11T06:23:56,2,18,0,20
2023-01-11T06:33:24,2,18,0,20
2023-01-11T06:42:53,2,18,0,20
2023-01-11T06:52:23,2,18,0,20
2023-01-11T07:01:53,2,18,0,20
2023-01-11T07:11:24,2,18,0,20
2023-01-11T07:20:55,2,18,0,20
2023-01-11T07:30:26,2,18,0,20
2023-01-11T07:39:58,2,18,0,20
2023-01-11T07:49:31,2,18,0,20
2023-01-11T07:59:03,2,18,0,20
2023-01-11T08:08:35,2,18,0,20
2023-01-11T08:18:08,2,18,0,20
2023-01-11T08:27:42,2,18,0,20
2023-01-11T08:37:26,2,18,0,20
2023-01-11T08:47:00,2,18,0,20
2023-01-11T09:11:08,2,18,0,20
2023-01-11T09:21:01,2,18,0,20
2023-01-11T09:30:39,2,18,0,20
2023-01-11T09:40:12,2,18,0,20
2023-01-11T09:49:46,2,18,0,20
2023-01-11T09:59:21,2,18,0,20
2023-01-11T10:08:59,3,17,0,20
2023-01-11T10:18:44,3,17,0,20
2023-01-11T10:28:19,3,17,0,20
2023-01-11T10:37:52,3,17,0,20
2023-01-11T10:47:27,3,17,0,20
2023-01-11T11:07:56,3,17,0,20
2023-01-11T11:30:19,3,17,0,20
2023-01-11T12:12:12,3,17,0,20
2023-01-11T12:21:49,3,17,0,20
2023-01-11T12:31:27,3,17,0,20
2023-01-11T12:41:06,3,17,0,20
2023-01-11T12:50:53,3,17,0,20
2023-01-11T13:00:35,3,17,0,20
2023-01-11T13:10:14,3,17,0,20
2023-01-11T13:20:01,3,17,0,20
2023-01-11T13:29:40,3,17,0,20
2023-01-11T13:39:17,3,17,0,20
2023-01-11T13:49:04,3,17,0,20
2023-01-11T13:59:01,3,17,0,20
2023-01-11T14:08:48,3,17,0,20
2023-01-11T14:18:32,3,17,0,20
2023-01-11T14:28:09,3,17,0,20
2023-01-11T14:38:06,3,17,0,20
2023-01-11T14:47:45,3,17,0,20
2023-01-11T14:57:21,3,17,0,20
2023-01-11T15:07:04,3,17,0,20
2023-01-11T15:16:42,3,17,0,20
2023-01-11T15:26:16,3,17,0,20
2023-01-11T15:36:12,3,17,0,20
2023-01-11T15:45:48,3,17,0,20
2023-01-11T15:55:31,3,17,0,20
2023-01-11T16:05:14,3,17,0,20
2023-01-11T16:14:47,3,17,0,20
2023-01-11T16:24:32,3,17,0,20
2023-01-11T16:34:06,3,17,0,20
2023-01-11T16:43:39,3,17,0,20
2023-01-11T16:53:15,3,17,0,20
2023-01-11T17:02:53,3,17,0,20
2023-01-11T17:12:26,3,17,0,20
2023-01-11T17:22:09,3,17,0,20
2023-01-11T17:31:48,3,17,0,20
2023-01-11T17:41:20,3,17,0,20
2023-01-11T17:50:53,3,17,0,20
2023-01-11T18:00:25,3,17,0,20
2023-01-11T18:09:57,3,17,0,20
2023-01-11T18:19:31,3,17,0,20
2023-01-11T18:29:11,3,17,0,20
2023-01-11T18:38:42,3,17,0,20
2023-01-11T18:48:14,3,17,0,20
2023-01-11T18:57:45,3,17,0,20
2023-01-11T19:07:17,3,17,0,20
2023-01-11T19:16:48,3,17,0,20
2023-01-11T19:26:18,3,17,0,20
2023-01-11T19:35:50,3,17,0,20
2023-01-11T19:45:22,3,17,0,20
2023-01-11T19:55:03,3,17,0,20
2023-01-11T20:04:33,3,17,0,20
2023-01-11T20:14:03,3,17,0,20
2023-01-11T20:23:34,3,17,0,20
2023-01-11T20:33:04,3,17,0,20
2023-01-11T20:42:34,3,17,0,20
2023-01-11T20:52:05,3,17,0,20
2023-01-11T21:01:35,3,17,0,20
2023-01-11T21:11:06,3,17,0,20
2023-01-11T21:20:47,3,17,0,20
2023-01-11T21:30:17,3,17,0,20
2023-01-11T21:39:46,3,17,0,20
2023-01-11T21:49:17,3,17,0,20
2023-01-11T21:58:48,3,17,0,20
2023-01-11T22:08:20,3,17,0,20
2023-01-11T22:17:50,3,17,0,20
2023-01-11T22:27:21,3,17,0,20
2023-01-11T22:36:52,3,17,0,20
2023-01-11T22:46:32,3,17,0,20
2023-01-11T22:56:02,3,17,0,20
2023-01-11T23:05:32,3,17,0,20
2023-01-11T23:15:03,3,17,0,20
2023-01-11T23:24:34,3,17,0,20
2023-01-11T23:34:05,3,17,0,20
2023-01-11T23:43:36,3,17,0,20
2023-01-11T23:53:06,3,17,0,20
2023-01-12T00:02:38,3,17,0,20
2023-01-12T00:12:11,3,17,0,20
2023-01-12T00:21:55,3,17,0,20
2023-01-12T00:31:29,3,17,0,20
2023-01-12T00:41:06,3,17,0,20
2023-01-12T00:50:40,3,17,0,20
2023-01-12T01:00:13,3,17,0,20
2023-01-12T01:09:45,3,17,0,20
2023-01-12T01:19:18,3,17,0,20
2023-01-12T01:28:48,3,17,0,20
2023-01-12T01:38:19,3,17,0,20
2023-01-12T01:47:51,3,17,0,20
2023-01-12T01:57:21,3,17,0,20
2023-01-12T02:06:52,3,17,0,20
2023-01-12T02:16:25,3,17,0,20
2023-01-12T02:25:54,3,17,0,20
2023-01-12T02:35:23,3,17,0,20
2023-01-12T02:44:53,3,17,0,20
2023-01-12T02:54:22,3,17,0,20
2023-01-12T03:03:52,3,17,0,20
2023-01-12T03:13:21,3,17,0,20
2023-01-12T03:22:51,3,17,0,20
2023-01-12T03:32:22,3,17,0,20
2023-01-12T03:41:57,3,17,0,20
2023-01-12T03:51:31,3,17,0,20
2023-01-12T04:01:04,3,17,0,20
2023-01-12T04:10:38,3,17,0,20
2023-01-12T04:23:01,3,17,0,20
2023-01-12T04:33:52,3,17,0,20
2023-01-12T04:43:41,3,17,0,20
2023-01-12T04:53:16,3,17,0,20
2023-01-12T05:02:48,3,17,0,20
2023-01-12T05:12:20,3,17,0,20
2023-01-12T05:21:51,3,17,0,20
2023-01-12T05:31:23,3,17,0,20
2023-01-12T05:40:55,3,17,0,20
2023-01-12T05:50:27,3,17,0,20
2023-01-12T06:00:01,3,17,0,20
2023-01-12T06:09:35,3,17,0,20
2023-01-12T06:19:08,3,17,0,20
2023-01-12T06:28:43,3,17,0,20
2023-01-12T06:38:18,3,17,0,20
2023-01-12T06:47:52,3,17,0,20
2023-01-12T06:57:25,3,17,0,20
2023-01-12T07:06:58,3,17,0,20
2023-01-12T07:16:30,3,17,0,20
2023-01-12T07:26:03,3,17,0,20
2023-01-12T07:35:36,3,17,0,20
2023-01-12T07:45:11,3,17,0,20
2023-01-12T07:54:44,3,17,0,20
2023-01-12T08:04:17,3,17,0,20
2023-01-12T08:13:55,3,17,0,20
2023-01-12T08:23:30,3,17,0,20
2023-01-12T08:33:09,3,17,0,20
2023-01-12T08:42:58,3,17,0,20
2023-01-12T08:52:35,3,17,0,20
2023-01-12T09:02:18,3,17,0,20
2023-01-12T09:11:59,3,17,0,20
2023-01-12T09:21:40,3,17,0,20
2023-01-12T09:31:25,3,17,0,20
2023-01-12T09:41:05,3,17,0,20
2023-01-12T09:50:57,3,17,0,20
2023-01-12T10:00:39,3,17,0,20
2023-01-12T10:10:26,3,17,0,20
2023-01-12T10:20:10,3,17,0,20
2023-01-12T10:29:53,3,17,0,20
2023-01-12T10:39:43,3,17,0,20
2023-01-12T10:49:34,3,17,0,20
2023-01-12T10:59:10,3,17,0,20
2023-01-12T11:08:56,3,17,0,20
2023-01-12T11:18:47,3,17,0,20
2023-01-12T11:28:36,3,17,0,20
2023-01-12T11:38:16,3,17,0,20
2023-01-12T11:47:57,3,17,0,20
2023-01-12T11:57:45,3,17,0,20
2023-01-12T12:07:34,3,17,0,20
2023-01-12T12:17:12,3,17,0,20
2023-01-12T12:26:51,3,17,0,20
2023-01-12T12:36:38,3,17,0,20
2023-01-12T12:46:21,3,17,0,20
2023-01-12T12:56:18,3,17,0,20
2023-01-12T13:06:07,3,17,0,20
2023-01-12T13:15:53,3,17,0,20
2023-01-12T13:25:39,3,17,0,20
2023-01-12T13:35:31,3,17,0,20
2023-01-12T13:45:14,3,17,0,20
2023-01-12T13:54:58,3,17,0,20
2023-01-12T14:04:40,3,17,0,20
2023-01-12T14:14:34,3,17,0,20
2023-01-12T14:24:13,3,17,0,20
2023-01-12T14:33:51,3,17,0,20
2023-01-12T14:43:32,3,17,0,20
2023-01-12T14:53:25,3,17,0,20
2023-01-12T15:03:08,3,17,0,20
2023-01-12T15:12:51,3,17,0,20
2023-01-12T15:22:42,3,17,0,20
2023-01-12T15:32:35,3,17,0,20
2023-01-12T15:42:13,3,17,0,20
2023-01-12T15:51:54,3,17,0,20
2023-01-12T16:01:34,3,17,0,20
2023-01-12T16:11:24,3,17,0,20
2023-01-12T16:21:00,3,17,0,20
2023-01-12T16:30:35,3,17,0,20
2023-01-12T16:40:21,3,17,0,20
2023-01-12T16:49:54,3,17,0,20
2023-01-12T16:59:35,3,17,0,20
2023-01-12T17:09:09,3,17,0,20
2023-01-12T17:18:45,3,17,0,20
2023-01-12T17:28:38,3,17,0,20
2023-01-12T17:38:20,3,17,0,20
2023-01-12T17:48:04,3,17,0,20
2023-01-12T17:57:57,3,17,0,20
2023-01-12T18:07:46,3,17,0,20
2023-01-12T18:17:47,3,17,0,20
2023-01-12T18:27:37,3,17,0,20
2023-01-12T18:37:27,3,17,0,20
2023-01-12T18:47:19,3,17,0,20
2023-01-12T18:57:10,3,17,0,20
2023-01-12T19:07:00,3,17,0,20
2023-01-12T19:16:42,3,17,0,20
2023-01-12T19:26:34,3,17,0,20
2023-01-12T19:36:13,3,17,0,20
2023-01-12T19:45:54,3,17,0,20
2023-01-12T19:55:35,3,17,0,20
2023-01-12T20:05:13,3,17,0,20
2023-01-12T20:14:53,3,17,0,20
2023-01-12T20:24:34,3,17,0,20
2023-01-12T20:34:11,3,17,0,20
2023-01-12T20:43:46,3,17,0,20
2023-01-12T20:53:32,3,17,0,20
2023-01-12T21:03:09,3,17,0,20
2023-01-12T21:12:40,3,17,0,20
2023-01-12T21:22:11,3,17,0,20
2023-01-12T21:31:49,3,17,0,20
2023-01-12T21:41:20,3,17,0,20
2023-01-12T21:50:52,3,17,0,20
2023-01-12T22:00:23,3,17,0,20
2023-01-12T22:09:56,3,17,0,20
2023-01-12T22:19:29,3,17,0,20
2023-01-12T22:29:14,3,17,0,20
2023-01-12T22:38:45,3,17,0,20
2023-01-12T22:48:16,3,17,0,20
2023-01-12T22:57:47,3,17,0,20
2023-01-12T23:07:18,3,17,0,20
2023-01-12T23:16:50,3,17,0,20
2023-01-12T23:26:21,3,17,0,20
2023-01-12T23:35:52,3,17,0,20
2023-01-12T23:45:24,3,17,0,20
2023-01-12T23:54:53,3,17,0,20
2023-01-13T00:04:25,3,17,0,20
2023-01-13T00:14:14,3,17,0,20
2023-01-13T00:23:48,3,17,0,20
2023-01-13T00:33:21,3,17,0,20
2023-01-13T00:42:54,3,17,0,20
2023-01-13T00:52:27,3,17,0,20
2023-01-13T01:02:01,3,17,0,20
2023-01-13T01:11:34,3,17,0,20
2023-01-13T01:21:07,3,17,0,20
2023-01-13T01:30:46,3,17,0,20
2023-01-13T01:40:18,3,17,0,20
2023-01-13T01:49:49,3,17,0,20
2023-01-13T01:59:23,3,17,0,20
2023-01-13T02:08:55,3,17,0,20
2023-01-13T02:18:30,3,17,0,20
2023-01-13T02:28:05,3,17,0,20
2023-01-13T02:37:38,3,17,0,20
2023-01-13T02:47:16,3,17,0,20
2023-01-13T02:56:50,3,17,0,20
2023-01-13T03:06:26,3,17,0,20
2023-01-13T03:16:01,3,17,0,20
2023-01-13T03:25:34,3,17,0,20
2023-01-13T03:35:09,3,17,0,20
2023-01-13T03:44:43,3,17,0,20
2023-01-13T03:54:19,3,17,0,20
2023-01-13T04:03:53,3,17,0,20
2023-01-13T04:18:57,3,17,0,20
2023-01-13T04:29:58,3,17,0,20
2023-01-13T04:39:40,3,17,0,20
2023-01-13T04:49:15,3,17,0,20
2023-01-13T04:58:50,3,17,0,20
2023-01-13T05:08:21,3,17,0,20
2023-01-13T05:17:52,3,17,0,20
2023-01-13T05:27:25,3,17,0,20
2023-01-13T05:36:58,3,17,0,20
2023-01-13T05:46:32,3,17,0,20
2023-01-13T05:56:08,3,17,0,20
2023-01-13T06:05:41,3,17,0,20
2023-01-13T06:15:17,3,17,0,20
2023-01-13T06:24:52,3,17,0,20
2023-01-13T06:34:28,3,17,0,20
2023-01-13T06:44:02,3,17,0,20
2023-01-13T06:53:34,3,17,0,20
2023-01-13T07:03:06,3,17,0,20
2023-01-13T07:12:44,3,17,0,20
2023-01-13T07:22:23,3,17,0,20
2023-01-13T07:32:00,3,17,0,20
2023-01-13T07:41:36,3,17,0,20
2023-01-13T07:51:10,3,17,0,20
2023-01-13T08:00:48,3,17,0,20
2023-01-13T08:10:23,3,17,0,20
2023-01-13T08:19:59,3,17,0,20
2023-01-13T08:29:42,3,17,0,20
2023-01-13T08:39:29,3,17,0,20
2023-01-13T08:49:16,3,17,0,20
2023-01-13T08:58:52,3,17,0,20
2023-01-13T09:08:36,3,17,0,20
2023-01-13T09:18:15,3,17,0,20
2023-01-13T09:27:56,3,17,0,20
2023-01-13T09:37:40,3,17,0,20
2023-01-13T09:47:27,3,17,0,20
2023-01-13T09:57:23,3,17,0,20
2023-01-13T10:07:08,3,17,0,20
2023-01-13T10:16:49,3,17,0,20
2023-01-13T10:26:39,3,17,0,20
2023-01-13T10:36:27,3,17,0,20
2023-01-13T10:46:13,3,17,0,20
2023-01-13T10:55:50,3,17,0,20
2023-01-13T11:05:36,3,17,0,20
2023-01-13T11:15:31,3,17,0,20
2023-01-13T11:25:17,3,17,0,20
2023-01-13T11:34:56,3,17,0,20
2023-01-13T11:44:42,3,17,0,20
2023-01-13T11:54:28,3,17,0,20
2023-01-13T12:04:20,3,17,0,20
2023-01-13T12:14:03,3,17,0,20
2023-01-13T12:23:54,3,17,0,20
2023-01-13T12:33:36,3,17,0,20
2023-01-13T12:43:16,3,17,0,20
2023-01-13T12:53:05,3,17,0,20
2023-01-13T13:02:47,3,17,0,20
2023-01-13T13:12:34,3,17,0,20
2023-01-13T13:22:16,3,17,0,20
2023-01-13T13:32:09,3,17,0,20
2023-01-13T13:41:51,3,17,0,20
2023-01-13T13:51:39,3,17,0,20
2023-01-13T14:01:29,3,17,0,20
2023-01-13T14:11:11,3,17,0,20
2023-01-13T14:20:54,3,17,0,20
2023-01-13T14:30:47,3,17,0,20
2023-01-13T14:40:33,3,17,0,20
2023-01-13T14:50:13,3,17,0,20
2023-01-13T14:59:53,3,17,0,20
2023-01-13T15:09:34,3,17,0,20
2023-01-13T15:19:14,3,17,0,20
2023-01-13T15:29:06,3,17,0,20
2023-01-13T15:38:40,3,17,0,20
2023-01-13T15:48:20,3,17,0,20
2023-01-13T15:58:05,3,17,0,20
2023-01-13T16:07:42,3,17,0,20
2023-01-13T16:17:19,3,17,0,20
2023-01-13T16:26:53,3,17,0,20
2023-01-13T16:36:38,3,17,0,20
2023-01-13T16:46:16,3,17,0,20
2023-01-13T16:55:48,3,17,0,20
2023-01-13T17:05:24,3,17,0,20
2023-01-13T17:14:57,3,17,0,20
2023-01-13T17:24:28,3,17,0,20
2023-01-13T17:34:03,3,17,0,20
2023-01-13T17:43:38,3,17,0,20
2023-01-13T17:53:11,3,17,0,20
2023-01-13T18:02:44,3,17,0,20
2023-01-13T18:12:28,3,17,0,20
2023-01-13T18:22:00,3,17,0,20
2023-01-13T18:31:35,3,17,0,20
2023-01-13T18:41:07,3,17,0,20
2023-01-13T18:50:39,3,17,0,20
2023-01-13T19:00:09,3,17,0,20
2023-01-13T19:09:41,3,17,0,20
2023-01-13T19:19:11,3,17,0,20
2023-01-13T19:28:42,3,17,0,20
2023-01-13T19:38:14,3,17,0,20
2023-01-13T19:47:46,3,17,0,20
2023-01-13T19:57:17,3,17,0,20
2023-01-13T20:06:49,3,17,0,20
2023-01-13T20:16:20,3,17,0,20
2023-01-13T20:26:02,3,17,0,20
2023-01-13T20:35:34,3,17,0,20
2023-01-13T20:45:05,3,17,0,20
2023-01-13T20:54:36,3,17,0,20
2023-01-13T21:04:08,3,17,0,20
2023-01-13T21:13:37,3,17,0,20
2023-01-13T21:23:09,3,17,0,20
2023-01-13T21:32:40,3,17,0,20
2023-01-13T21:42:13,3,17,0,20
2023-01-13T21:54:53,3,17,0,20
2023-01-13T21:55:42,3,17,0,20
2023-01-13T22:05:40,3,17,0,20
2023-01-13T22:15:39,3,17,0,20
2023-01-13T22:25:36,3,17,0,20
2023-01-13T22:35:37,3,17,0,20
2023-01-13T22:45:34,3,17,0,20
2023-01-13T22:55:31,3,17,0,20
2023-01-13T23:05:32,3,17,0,20
2023-01-13T23:15:41,3,17,0,20
2023-01-13T23:25:38,3,17,0,20
2023-01-13T23:35:37,3,17,0,20
2023-01-13T23:45:37,3,17,0,20
2023-01-13T23:55:37,3,17,0,20
2023-01-14T00:05:36,3,17,0,20
2023-01-14T00:15:38,3,17,0,20
2023-01-14T00:25:38,3,17,0,20
2023-01-14T00:35:40,3,17,0,20
2023-01-14T00:45:41,3,17,0,20
2023-01-14T00:55:41,3,17,0,20
2023-01-14T01:05:43,3,17,0,20
2023-01-14T01:15:42,3,17,0,20
2023-01-14T01:25:43,3,17,0,20
2023-01-14T01:35:45,3,17,0,20
2023-01-14T01:45:43,3,17,0,20
2023-01-14T01:55:40,3,17,0,20
2023-01-14T02:05:42,3,17,0,20
2023-01-14T02:15:46,3,17,0,20
2023-01-14T02:25:44,3,17,0,20
2023-01-14T02:35:43,3,17,0,20
2023-01-14T02:45:41,3,17,0,20
2023-01-14T02:55:39,3,17,0,20
2023-01-14T03:05:35,3,17,0,20
2023-01-14T03:15:31,3,17,0,20
2023-01-14T03:25:28,3,17,0,20
2023-01-14T03:35:28,3,17,0,20
2023-01-14T03:45:26,3,17,0,20
2023-01-14T03:55:26,3,17,0,20
2023-01-14T04:05:25,3,17,0,20
2023-01-14T04:25:12,3,17,0,20
2023-01-14T04:35:16,3,17,0,20
2023-01-14T04:46:40,3,17,0,20
2023-01-14T04:56:41,3,17,0,20
2023-01-14T05:06:37,3,17,0,20
2023-01-14T05:16:34,3,17,0,20
2023-01-14T05:26:32,3,17,0,20
2023-01-14T05:36:28,3,17,0,20
2023-01-14T05:46:24,3,17,0,20
2023-01-14T05:56:24,3,17,0,20
2023-01-14T06:06:25,3,17,0,20
2023-01-14T06:16:25,3,17,0,20
2023-01-14T06:26:26,3,17,0,20
2023-01-14T06:36:24,3,17,0,20
2023-01-14T06:46:25,3,17,0,20
2023-01-14T06:56:50,3,17,0,20
2023-01-14T07:06:51,3,17,0,20
2023-01-14T07:16:57,3,17,0,20
2023-01-14T07:27:01,3,17,0,20
2023-01-14T07:37:02,3,17,0,20
2023-01-14T07:47:05,3,17,0,20
2023-01-14T07:57:08,3,17,0,20
2023-01-14T08:07:10,3,17,0,20
2023-01-14T08:17:12,3,17,0,20
2023-01-14T08:27:16,3,17,0,20
2023-01-14T08:37:18,3,17,0,20
2023-01-14T08:47:24,3,17,0,20
2023-01-14T08:57:30,3,17,0,20
2023-01-14T09:07:41,3,17,0,20
2023-01-14T09:17:43,3,17,0,20
2023-01-14T09:27:47,3,17,0,20
2023-01-14T09:37:54,3,17,0,20
2023-01-14T09:47:56,3,17,0,20
2023-01-14T09:58:08,3,17,0,20
2023-01-14T10:08:12,3,17,0,20
2023-01-14T10:18:14,3,17,0,20
2023-01-14T10:28:18,3,17,0,20
2023-01-14T10:38:23,3,17,0,20
2023-01-14T10:48:38,3,17,0,20
2023-01-14T10:58:48,3,17,0,20
2023-01-14T11:08:52,3,17,0,20
2023-01-14T11:18:55,3,17,0,20
2023-01-14T11:29:01,3,17,0,20
2023-01-14T11:39:01,3,17,0,20
2023-01-14T11:49:03,3,17,0,20
2023-01-14T11:59:03,3,17,0,20
2023-01-14T12:09:06,3,17,0,20
2023-01-14T12:19:07,3,17,0,20
2023-01-14T12:29:11,3,17,0,20
2023-01-14T12:39:14,3,17,0,20
2023-01-14T12:49:19,3,17,0,20
2023-01-14T12:59:26,3,17,0,20
2023-01-14T13:09:26,3,17,0,20
2023-01-14T13:19:28,3,17,0,20
2023-01-14T13:29:30,3,17,0,20
2023-01-14T13:39:34,3,17,0,20
2023-01-14T13:49:34,3,17,0,20
2023-01-14T13:59:42,3,17,0,20
2023-01-14T14:09:41,3,17,0,20
2023-01-14T14:19:48,3,17,0,20
2023-01-14T14:29:51,3,17,0,20
2023-01-14T14:39:50,3,17,0,20
2023-01-14T14:49:49,3,17,0,20
2023-01-14T14:59:46,3,17,0,20
2023-01-14T15:09:45,3,17,0,20
2023-01-14T15:19:43,3,17,0,20
2023-01-14T15:29:40,3,17,0,20
2023-01-14T15:39:38,3,17,0,20
2023-01-14T15:49:44,3,17,0,20
2023-01-14T15:59:41,3,17,0,20
2023-01-14T16:09:38,3,17,0,20
2023-01-14T16:19:42,3,17,0,20
2023-01-14T16:29:39,3,17,0,20
2023-01-14T16:39:36,3,17,0,20
2023-01-14T16:49:32,3,17,0,20
2023-01-14T16:59:28,3,17,0,20
2023-01-14T17:09:25,3,17,0,20
2023-01-14T17:19:22,3,17,0,20
2023-01-14T17:29:19,3,17,0,20
2023-01-14T17:39:16,3,17,0,20
2023-01-14T17:49:13,3,17,0,20
2023-01-14T17:59:10,3,17,0,20
2023-01-14T18:09:06,3,17,0,20
2023-01-14T18:19:04,3,17,0,20
2023-01-14T18:29:17,3,17,0,20
2023-01-14T18:39:14,3,17,0,20
2023-01-14T18:49:11,3,17,0,20
2023-01-14T18:59:06,3,17,0,20
2023-01-14T19:09:03,3,17,0,20
2023-01-14T19:19:02,3,17,0,20
2023-01-14T19:28:58,3,17,0,20
2023-01-14T19:38:54,3,17,0,20
2023-01-14T19:48:53,3,17,0,20
2023-01-14T19:58:51,3,17,0,20
2023-01-14T20:08:49,3,17,0,20
2023-01-14T20:18:48,3,17,0,20
2023-01-14T20:28:44,3,17,0,20
2023-01-14T20:38:41,3,17,0,20
2023-01-14T20:48:39,3,17,0,20
2023-01-14T20:58:38,3,17,0,20
2023-01-14T21:08:36,3,17,0,20
2023-01-14T21:18:32,3,17,0,20
2023-01-14T21:28:30,3,17,0,20
2023-01-14T21:38:31,3,17,0,20
2023-01-14T21:48:29,3,17,0,20
2023-01-14T21:58:35,3,17,0,20
2023-01-14T22:08:33,3,17,0,20
2023-01-14T22:18:33,3,17,0,20
2023-01-14T22:28:31,3,17,0,20
2023-01-14T22:38:31,3,17,0,20
2023-01-14T22:48:29,3,17,0,20
2023-01-14T22:58:27,3,17,0,20
2023-01-14T23:08:32,3,17,0,20
2023-01-14T23:18:29,3,17,0,20
2023-01-14T23:28:28,3,17,0,20
2023-01-14T23:38:24,3,17,0,20
2023-01-14T23:48:20,3,17,0,20
2023-01-14T23:58:18,3,17,0,20
2023-01-15T00:08:19,3,17,0,20
2023-01-15T00:18:17,3,17,0,20
2023-01-15T00:28:15,3,17,0,20
2023-01-15T00:38:14,3,17,0,20
2023-01-15T01:00:35,3,17,0,20
2023-01-15T01:10:34,3,17,0,20
2023-01-15T01:20:34,3,17,0,20
2023-01-15T01:30:54,3,17,0,20
2023-01-15T01:40:56,3,17,0,20
2023-01-15T01:50:56,3,17,0,20
2023-01-15T02:00:55,3,17,0,20
2023-01-15T02:10:55,3,17,0,20
2023-01-15T02:20:56,3,17,0,20
2023-01-15T02:30:54,3,17,0,20
2023-01-15T02:40:51,3,17,0,20
2023-01-15T02:50:49,3,17,0,20
2023-01-15T03:00:46,3,17,0,20
2023-01-15T03:10:45,3,17,0,20
2023-01-15T03:20:44,3,17,0,20
2023-01-15T03:30:44,3,17,0,20
2023-01-15T03:40:44,3,17,0,20
2023-01-15T03:50:44,3,17,0,20
2023-01-15T04:00:43,3,17,0,20
2023-01-15T04:10:46,3,17,0,20
2023-01-15T04:25:33,3,17,0,20
2023-01-15T04:36:57,3,17,0,20
2023-01-15T04:46:57,3,17,0,20
2023-01-15T04:56:56,3,17,0,20
2023-01-15T05:06:54,3,17,0,20
2023-01-15T05:16:51,3,17,0,20
2023-01-15T05:26:48,3,17,0,20
2023-01-15T05:36:44,3,17,0,20
2023-01-15T05:46:40,3,17,0,20
2023-01-15T05:56:39,3,17,0,20
2023-01-15T06:06:39,3,17,0,20
2023-01-15T06:16:40,3,17,0,20
2023-01-15T06:26:40,3,17,0,20
2023-01-15T06:36:38,3,17,0,20
2023-01-15T06:46:37,3,17,0,20
2023-01-15T06:56:37,3,17,0,20
2023-01-15T07:06:36,3,17,0,20
2023-01-15T07:16:34,3,17,0,20
2023-01-15T07:26:34,3,17,0,20
2023-01-15T07:36:35,3,17,0,20
2023-01-15T07:46:34,3,17,0,20
2023-01-15T07:56:33,3,17,0,20
2023-01-15T08:06:31,3,17,0,20
2023-01-15T08:16:29,3,17,0,20
2023-01-15T08:26:27,3,17,0,20
2023-01-15T08:36:26,3,17,0,20
2023-01-15T08:46:25,3,17,0,20
2023-01-15T08:56:24,3,17,0,20
2023-01-15T09:06:23,3,17,0,20
2023-01-15T09:16:21,3,17,0,20
2023-01-15T09:26:21,3,17,0,20
2023-01-15T09:36:21,3,17,0,20
2023-01-15T09:46:21,3,17,0,20
2023-01-15T09:56:20,3,17,0,20
2023-01-15T10:06:18,3,17,0,20
2023-01-15T10:16:23,3,17,0,20
2023-01-15T10:26:30,3,17,0,20
2023-01-15T10:36:35,3,17,0,20
2023-01-15T10:46:40,3,17,0,20
2023-01-15T10:56:47,3,17,0,20
2023-01-15T11:06:54,3,17,0,20
2023-01-15T11:17:00,3,17,0,20
2023-01-15T11:27:05,3,17,0,20
2023-01-15T11:37:11,3,17,0,20
2023-01-15T11:47:14,3,17,0,20
2023-01-15T11:57:16,3,17,0,20
2023-01-15T12:07:16,3,17,0,20
2023-01-15T12:17:15,3,17,0,20
2023-01-15T12:27:14,3,17,0,20
2023-01-15T12:37:13,3,17,0,20
2023-01-15T12:47:20,3,17,0,20
2023-01-15T12:57:18,3,17,0,20
2023-01-15T13:07:17,3,17,0,20
2023-01-15T13:17:14,3,17,0,20
2023-01-15T13:27:11,3,17,0,20
2023-01-15T13:37:08,3,17,0,20
2023-01-15T13:47:05,3,17,0,20
2023-01-15T13:57:03,3,17,0,20
2023-01-15T14:07:00,3,17,0,20
2023-01-15T14:16:57,3,17,0,20
2023-01-15T14:26:54,3,17,0,20
2023-01-15T14:36:50,3,17,0,20
2023-01-15T14:46:47,3,17,0,20
2023-01-15T14:56:45,3,17,0,20
2023-01-15T15:06:42,3,17,0,20
2023-01-15T15:16:49,3,17,0,20
2023-01-15T15:26:48,3,17,0,20
2023-01-15T15:36:45,3,17,0,20
2023-01-15T15:46:42,3,17,0,20
2023-01-15T15:56:39,3,17,0,20
2023-01-15T16:06:37,3,17,0,20
2023-01-15T16:16:34,3,17,0,20
2023-01-15T16:26:32,3,17,0,20
2023-01-15T16:36:30,3,17,0,20
2023-01-15T16:46:27,3,17,0,20
2023-01-15T16:56:23,3,17,0,20
2023-01-15T17:06:20,3,17,0,20
2023-01-15T17:16:17,3,17,0,20
2023-01-15T17:26:14,3,17,0,20
2023-01-15T17:36:12,3,17,0,20
2023-01-15T17:46:19,3,17,0,20
2023-01-15T17:56:16,3,17,0,20
2023-01-15T18:06:13,3,17,0,20
2023-01-15T18:16:10,3,17,0,20
2023-01-15T18:26:07,3,17,0,20
2023-01-15T18:36:03,3,17,0,20
2023-01-15T18:46:00,3,17,0,20
2023-01-15T18:55:58,3,17,0,20
2023-01-15T19:05:56,3,17,0,20
2023-01-15T19:15:55,3,17,0,20
2023-01-15T19:25:52,3,17,0,20
2023-01-15T19:35:49,3,17,0,20
2023-01-15T19:45:47,3,17,0,20
2023-01-15T19:55:44,3,17,0,20
2023-01-15T20:05:41,3,17,0,20
2023-01-15T20:15:38,3,17,0,20
2023-01-15T20:25:48,3,17,0,20
2023-01-15T20:35:45,3,17,0,20
2023-01-15T20:45:41,3,17,0,20
2023-01-15T20:55:37,3,17,0,20
2023-01-15T21:05:34,3,17,0,20
2023-01-15T21:15:30,3,17,0,20
2023-01-15T21:25:27,3,17,0,20
2023-01-15T21:35:23,3,17,0,20
2023-01-15T21:45:20,3,17,0,20
2023-01-15T21:55:16,3,17,0,20
2023-01-15T22:05:13,3,17,0,20
2023-01-15T22:15:10,3,17,0,20
2023-01-15T22:25:06,3,17,0,20
2023-01-15T22:35:05,3,17,0,20
2023-01-15T22:45:02,3,17,0,20
2023-01-15T22:55:08,3,17,0,20
2023-01-15T23:05:05,3,17,0,20
2023-01-15T23:15:02,3,17,0,20
2023-01-15T23:24:58,3,17,0,20
2023-01-15T23:34:56,3,17,0,20
2023-01-15T23:44:53,3,17,0,20
2023-01-15T23:54:50,3,17,0,20
2023-01-16T00:04:49,3,17,0,20
2023-01-16T00:14:51,3,17,0,20
2023-01-16T00:24:53,3,17,0,20
2023-01-16T00:34:57,3,17,0,20
2023-01-16T00:44:56,3,17,0,20
2023-01-16T00:54:54,3,17,0,20
2023-01-16T01:04:54,3,17,0,20
2023-01-16T01:14:52,3,17,0,20
2023-01-16T01:24:48,3,17,0,20
2023-01-16T01:34:46,3,17,0,20
2023-01-16T01:44:48,3,17,0,20
2023-01-16T01:54:50,3,17,0,20
2023-01-16T02:04:53,3,17,0,20
2023-01-16T02:14:54,3,17,0,20
2023-01-16T02:24:52,3,17,0,20
2023-01-16T02:34:50,3,17,0,20
2023-01-16T02:44:48,3,17,0,20
2023-01-16T02:54:45,3,17,0,20
2023-01-16T03:04:44,3,17,0,20
2023-01-16T03:14:43,3,17,0,20
2023-01-16T03:24:43,3,17,0,20
2023-01-16T03:34:42,3,17,0,20
2023-01-16T03:44:54,3,17,0,20
2023-01-16T03:54:54,3,17,0,20
2023-01-16T04:04:53,3,17,0,20
2023-01-16T04:14:09,3,17,0,20
2023-01-16T04:24:11,3,17,0,20
2023-01-16T04:34:10,3,17,0,20
2023-01-16T04:45:29,3,17,0,20
2023-01-16T04:55:46,3,17,0,20
2023-01-16T05:05:44,3,17,0,20
2023-01-16T05:15:41,3,17,0,20
2023-01-16T05:25:38,3,17,0,20
2023-01-16T05:35:37,3,17,0,20
2023-01-16T05:45:35,3,17,0,20
2023-01-16T05:55:34,3,17,0,20
2023-01-16T06:05:37,3,17,0,20
2023-01-16T06:15:38,3,17,0,20
2023-01-16T06:25:39,3,17,0,20
2023-01-16T06:35:37,3,17,0,20
2023-01-16T06:45:34,3,17,0,20
2023-01-16T06:55:32,3,17,0,20
2023-01-16T07:05:29,3,17,0,20
2023-01-16T07:15:29,3,17,0,20
2023-01-16T07:25:27,3,17,0,20
2023-01-16T07:35:25,3,17,0,20
2023-01-16T07:45:23,3,17,0,20
2023-01-16T07:55:22,3,17,0,20
2023-01-16T08:05:19,3,17,0,20
2023-01-16T08:15:17,3,17,0,20
2023-01-16T08:25:16,3,17,0,20
2023-01-16T08:35:14,3,17,0,20
2023-01-16T08:45:12,3,17,0,20
2023-01-16T08:55:10,3,17,0,20
2023-01-16T09:05:11,3,17,0,20
2023-01-16T09:15:08,3,17,0,20
2023-01-16T09:25:07,3,17,0,20
2023-01-16T09:35:08,3,17,0,20
2023-01-16T09:45:06,3,17,0,20
2023-01-16T09:55:06,3,17,0,20
2023-01-16T10:05:05,3,17,0,20
2023-01-16T10:15:05,3,17,0,20
2023-01-16T10:25:03,3,17,0,20
2023-01-16T10:35:03,3,17,0,20
2023-01-16T10:45:00,3,17,0,20
2023-01-16T10:54:58,3,17,0,20
2023-01-16T11:04:57,3,17,0,20
2023-01-16T11:14:55,3,17,0,20
2023-01-16T11:24:53,3,17,0,20
2023-01-16T11:34:52,3,17,0,20
2023-01-16T11:44:57,3,17,0,20
2023-01-16T11:54:57,3,17,0,20
2023-01-16T12:04:56,3,17,0,20
2023-01-16T12:14:57,3,17,0,20
2023-01-16T12:24:56,3,17,0,20
2023-01-16T12:34:54,3,17,0,20
2023-01-16T12:44:53,3,17,0,20
2023-01-16T12:54:52,3,17,0,20
2023-01-16T13:04:50,3,17,0,20
2023-01-16T13:14:49,3,17,0,20
2023-01-16T13:24:47,3,17,0,20
2023-01-16T13:34:44,3,17,0,20
2023-01-16T13:44:45,3,17,0,20
2023-01-16T13:54:43,3,17,0,20
2023-01-16T14:04:43,3,17,0,20
2023-01-16T14:14:42,3,17,0,20
2023-01-16T14:24:52,3,17,0,20
2023-01-16T14:34:52,3,17,0,20
2023-01-16T14:44:51,3,17,0,20
2023-01-16T14:54:52,3,17,0,20
2023-01-16T15:04:51,3,17,0,20
2023-01-16T15:14:50,3,17,0,20
2023-01-16T15:24:58,3,17,0,20
2023-01-16T15:34:59,3,17,0,20
2023-01-16T15:45:01,3,17,0,20
2023-01-16T15:55:00,3,17,0,20
2023-01-16T16:05:00,3,17,0,20
2023-01-16T16:15:04,3,17,0,20
2023-01-16T16:25:22,3,17,0,20
2023-01-16T16:35:23,3,17,0,20
2023-01-16T16:45:23,3,17,0,20
2023-01-16T16:55:24,3,17,0,20
2023-01-16T17:05:28,3,17,0,20
2023-01-16T17:15:26,3,17,0,20
2023-01-16T17:25:24,3,17,0,20
2023-01-16T17:35:21,3,17,0,20
2023-01-16T17:45:20,3,17,0,20
2023-01-16T17:55:16,3,17,0,20
2023-01-16T18:05:14,3,17,0,20
2023-01-16T18:15:12,3,17,0,20
2023-01-16T18:25:08,3,17,0,20
2023-01-16T18:35:17,3,17,0,20
2023-01-16T18:45:16,3,17,0,20
2023-01-16T18:55:15,3,17,0,20
2023-01-16T19:05:12,3,17,0,20
2023-01-16T19:15:11,3,17,0,20
2023-01-16T19:25:08,3,17,0,20
2023-01-16T19:35:06,3,17,0,20
2023-01-16T19:45:03,3,17,0,20
2023-01-16T19:55:01,3,17,0,20
2023-01-16T20:05:00,3,17,0,20
2023-01-16T20:14:57,3,17,0,20
2023-01-16T20:24:56,3,17,0,20
2023-01-16T20:35:05,3,17,0,20
2023-01-16T20:45:02,3,17,0,20
2023-01-16T20:55:00,3,17,0,20
2023-01-16T21:04:59,3,17,0,20
2023-01-16T21:14:57,3,17,0,20
2023-01-16T21:24:55,3,17,0,20
2023-01-16T21:34:52,3,17,0,20
2023-01-16T21:44:49,3,17,0,20
2023-01-16T21:54:48,3,17,0,20
2023-01-16T22:04:45,3,17,0,20
2023-01-16T22:14:42,3,17,0,20
2023-01-16T22:24:49,3,17,0,20
2023-01-16T22:34:47,3,17,0,20
2023-01-16T22:44:44,3,17,0,20
2023-01-16T22:54:59,3,17,0,20
2023-01-16T23:04:58,3,17,0,20
2023-01-16T23:14:56,3,17,0,20
2023-01-16T23:24:55,3,17,0,20
2023-01-16T23:34:53,3,17,0,20
2023-01-16T23:44:53,3,17,0,20
2023-01-16T23:55:07,3,17,0,20
2023-01-17T00:05:05,3,17,0,20
2023-01-17T00:15:05,3,17,0,20
2023-01-17T00:25:05,3,17,0,20
2023-01-17T00:35:14,3,17,0,20
2023-01-17T00:45:14,3,17,0,20
2023-01-17T00:55:14,3,17,0,20
2023-01-17T01:05:15,3,17,0,20
2023-01-17T01:15:14,3,17,0,20
2023-01-17T01:25:12,3,17,0,20
2023-01-17T01:35:12,3,17,0,20
2023-01-17T01:45:13,3,17,0,20
2023-01-17T01:55:11,3,17,0,20
2023-01-17T02:05:10,3,17,0,20
2023-01-17T02:15:18,3,17,0,20
2023-01-17T02:25:21,3,17,0,20
2023-01-17T02:35:21,3,17,0,20
2023-01-17T02:45:18,3,17,0,20
2023-01-17T02:55:17,3,17,0,20
2023-01-17T03:05:15,3,17,0,20
2023-01-17T03:15:17,3,17,0,20
2023-01-17T03:25:21,3,17,0,20
2023-01-17T03:35:22,3,17,0,20
2023-01-17T03:45:22,3,17,0,20
2023-01-17T03:55:22,3,17,0,20
2023-01-17T04:05:23,3,17,0,20
2023-01-17T04:15:22,3,17,0,20
2023-01-17T04:24:26,3,17,0,20
2023-01-17T04:35:49,3,17,0,20
2023-01-17T04:45:52,3,17,0,20
2023-01-17T04:55:51,3,17,0,20
2023-01-17T05:05:49,3,17,0,20
2023-01-17T05:15:48,3,17,0,20
2023-01-17T05:25:47,3,17,0,20
2023-01-17T05:35:44,3,17,0,20
2023-01-17T05:45:41,3,17,0,20
2023-01-17T05:55:44,3,17,0,20
2023-01-17T06:05:44,3,17,0,20
2023-01-17T06:15:44,3,17,0,20
2023-01-17T06:25:58,3,17,0,20
2023-01-17T06:35:58,3,17,0,20
2023-01-17T06:46:00,3,17,0,20
2023-01-17T06:56:00,3,17,0,20
2023-01-17T07:06:01,3,17,0,20
2023-01-17T07:16:06,3,17,0,20
2023-01-17T07:26:20,3,17,0,20
2023-01-17T07:36:30,3,17,0,20
2023-01-17T07:46:46,3,17,0,20
2023-01-17T07:56:59,3,17,0,20
2023-01-17T08:07:04,3,17,0,20
2023-01-17T08:17:17,3,17,0,20
2023-01-17T08:27:29,3,17,0,20
2023-01-17T08:37:44,3,17,0,20
2023-01-17T08:48:00,3,17,0,20
2023-01-17T08:58:07,3,17,0,20
2023-01-17T09:08:27,3,17,0,20
2023-01-17T09:18:51,3,17,0,20
2023-01-17T09:29:14,3,17,0,20
2023-01-17T09:39:26,3,17,0,20
2023-01-17T09:49:50,3,17,0,20
2023-01-17T10:00:05,3,17,0,20
2023-01-17T10:10:15,3,17,0,20
2023-01-17T10:20:36,3,17,0,20
2023-01-17T10:30:49,3,17,0,20
2023-01-17T10:41:09,3,17,0,20
2023-01-17T10:51:17,3,17,0,20
2023-01-17T11:01:28,3,17,0,20
2023-01-17T11:11:40,3,17,0,20
2023-01-17T11:21:59,3,17,0,20
2023-01-17T11:32:17,3,17,0,20
2023-01-17T11:42:39,3,17,0,20
2023-01-17T11:53:03,3,17,0,20
2023-01-17T12:03:21,3,17,0,20
2023-01-17T12:13:33,3,17,0,20
2023-01-17T12:23:57,3,17,0,20
2023-01-17T12:34:15,3,17,0,20
2023-01-17T12:44:25,3,17,0,20
2023-01-17T12:54:31,3,17,0,20
2023-01-17T13:04:35,3,17,0,20
2023-01-17T13:14:57,3,17,0,20
2023-01-17T13:25:14,3,17,0,20
2023-01-17T13:35:26,3,17,0,20
2023-01-17T13:45:53,3,17,0,20
2023-01-17T13:56:07,3,17,0,20
2023-01-17T14:06:20,3,17,0,20
2023-01-17T14:16:45,3,17,0,20
2023-01-17T14:26:55,3,17,0,20
2023-01-17T14:37:17,3,17,0,20
2023-01-17T14:47:24,3,17,0,20
2023-01-17T14:57:36,3,17,0,20
2023-01-17T15:07:44,3,17,0,20
2023-01-17T15:17:54,3,17,0,20
2023-01-17T15:28:10,3,17,0,20
2023-01-17T15:38:31,3,17,0,20
2023-01-17T15:48:44,3,17,0,20
2023-01-17T15:59:02,3,17,0,20
2023-01-17T16:09:08,3,17,0,20
2023-01-17T16:19:17,3,17,0,20
2023-01-17T16:29:21,3,17,0,20
2023-01-17T16:39:37,3,17,0,20
2023-01-17T16:49:39,3,17,0,20
2023-01-17T16:59:41,3,17,0,20
2023-01-17T17:09:43,3,17,0,20
2023-01-17T17:19:44,3,17,0,20
2023-01-17T17:29:47,3,17,0,20
2023-01-17T17:40:00,3,17,0,20
2023-01-17T17:50:00,3,17,0,20
2023-01-17T17:59:59,3,17,0,20
2023-01-17T18:09:57,3,17,0,20
2023-01-17T18:19:56,3,17,0,20
2023-01-17T18:29:55,3,17,0,20
2023-01-17T18:39:54,3,17,0,20
2023-01-17T18:50:04,3,17,0,20
2023-01-17T19:00:04,3,17,0,20
2023-01-17T19:10:04,3,17,0,20
2023-01-17T19:20:05,3,17,0,20
2023-01-17T19:30:03,3,17,0,20
2023-01-17T19:40:02,3,17,0,20
2023-01-17T19:50:01,3,17,0,20
2023-01-17T20:00:02,3,17,0,20
2023-01-17T20:10:05,3,17,0,20
2023-01-17T20:20:05,3,17,0,20
2023-01-17T20:30:14,3,17,0,20
2023-01-17T20:40:14,3,17,0,20
2023-01-17T20:50:12,3,17,0,20
2023-01-17T21:00:14,3,17,0,20
2023-01-17T21:10:18,3,17,0,20
2023-01-17T21:20:16,3,17,0,20
2023-01-17T21:30:15,3,17,0,20
2023-01-17T21:40:13,3,17,0,20
2023-01-17T21:50:22,3,17,0,20
2023-01-17T22:00:21,3,17,0,20
2023-01-17T22:10:24,3,17,0,20
2023-01-17T22:20:23,3,17,0,20
2023-01-17T22:30:21,3,17,0,20
2023-01-17T22:40:21,3,17,0,20
2023-01-17T22:50:20,3,17,0,20
2023-01-17T23:00:20,3,17,0,20
2023-01-17T23:10:18,3,17,0,20
2023-01-17T23:20:17,3,17,0,20
2023-01-17T23:30:17,3,17,0,20
2023-01-17T23:40:28,3,17,0,20
2023-01-17T23:50:25,3,17,0,20
2023-01-18T00:00:23,3,17,0,20
2023-01-18T00:10:25,3,17,0,20
2023-01-18T00:20:26,3,17,0,20
2023-01-18T00:30:25,3,17,0,20
2023-01-18T00:40:25,3,17,0,20
2023-01-18T00:50:23,3,17,0,20
2023-01-18T01:00:24,3,17,0,20
2023-01-18T01:10:22,3,17,0,20
2023-01-18T01:20:22,3,17,0,20
2023-01-18T01:30:20,3,17,0,20
2023-01-18T01:40:19,3,17,0,20
2023-01-18T01:50:15,3,17,0,20
2023-01-18T02:00:11,3,17,0,20
2023-01-18T02:10:10,3,17,0,20
2023-01-18T02:20:16,3,17,0,20
2023-01-18T02:30:20,3,17,0,20
2023-01-18T02:40:25,3,17,0,20
2023-01-18T02:50:37,3,17,0,20
2023-01-18T03:00:38,3,17,0,20
2023-01-18T03:10:39,3,17,0,20
2023-01-18T03:20:39,3,17,0,20
2023-01-18T03:30:40,3,17,0,20
2023-01-18T03:40:42,3,17,0,20
2023-01-18T03:50:43,3,17,0,20
2023-01-18T04:00:43,3,17,0,20
2023-01-18T04:23:53,3,17,0,20
2023-01-18T04:35:26,3,17,0,20
2023-01-18T04:45:27,3,17,0,20
2023-01-18T04:55:29,3,17,0,20
2023-01-18T05:05:28,3,17,0,20
2023-01-18T05:15:27,3,17,0,20
2023-01-18T05:25:25,3,17,0,20
2023-01-18T05:35:21,3,17,0,20
2023-01-18T05:45:18,3,17,0,20
2023-01-18T05:55:18,3,17,0,20
2023-01-18T06:05:21,3,17,0,20
2023-01-18T06:15:23,3,17,0,20
2023-01-18T06:25:23,3,17,0,20
2023-01-18T06:35:22,3,17,0,20
2023-01-18T06:45:21,3,17,0,20
2023-01-18T06:55:21,3,17,0,20
2023-01-18T07:05:25,3,17,0,20
2023-01-18T07:15:27,3,17,0,20
2023-01-18T07:25:27,3,17,0,20
2023-01-18T07:35:29,3,17,0,20
2023-01-18T07:45:34,3,17,0,20
2023-01-18T07:55:35,3,17,0,20
2023-01-18T08:05:39,3,17,0,20
2023-01-18T08:15:41,3,17,0,20
2023-01-18T08:25:46,3,17,0,20
2023-01-18T08:35:51,3,17,0,20
2023-01-18T08:45:53,3,17,0,20
2023-01-18T08:55:59,3,17,0,20
2023-01-18T09:06:02,3,17,0,20
2023-01-18T09:16:05,3,17,0,20
2023-01-18T09:26:12,3,17,0,20
2023-01-18T09:36:22,3,17,0,20
2023-01-18T09:46:34,3,17,0,20
2023-01-18T09:56:40,3,17,0,20
2023-01-18T10:06:46,3,17,0,20
2023-01-18T10:17:04,3,17,0,20
2023-01-18T10:27:10,3,17,0,20
2023-01-18T10:37:15,3,17,0,20
2023-01-18T10:47:22,3,17,0,20
2023-01-18T10:57:36,3,17,0,20
2023-01-18T11:07:59,3,17,0,20
2023-01-18T11:18:13,3,17,0,20
2023-01-18T11:28:24,3,17,0,20
2023-01-18T11:38:32,3,17,0,20
2023-01-18T11:48:50,3,17,0,20
2023-01-18T11:58:58,3,17,0,20
2023-01-18T12:09:12,3,17,0,20
2023-01-18T12:19:28,3,17,0,20
2023-01-18T12:29:37,3,17,0,20
2023-01-18T12:39:46,3,17,0,20
2023-01-18T12:50:06,3,17,0,20
2023-01-18T13:00:13,3,17,0,20
2023-01-18T13:10:26,3,17,0,20
2023-01-18T13:20:43,3,17,0,20
2023-01-18T13:30:48,3,17,0,20
2023-01-18T13:40:54,3,17,0,20
2023-01-18T13:50:59,3,17,0,20
2023-01-18T14:01:36,3,17,0,20
2023-01-18T14:11:43,3,17,0,20
2023-01-18T14:21:50,3,17,0,20
2023-01-18T14:31:56,3,17,0,20
2023-01-18T14:42:00,3,17,0,20
2023-01-18T14:52:06,3,17,0,20
2023-01-18T15:02:21,3,17,0,20
2023-01-18T15:12:35,3,17,0,20
2023-01-18T15:22:45,3,17,0,20
2023-01-18T15:32:56,3,17,0,20
2023-01-18T15:42:59,3,17,0,20
2023-01-18T15:53:03,3,17,0,20
2023-01-18T16:03:12,3,17,0,20
2023-01-18T16:13:27,3,17,0,20
2023-01-18T16:23:30,3,17,0,20
2023-01-18T16:33:32,3,17,0,20
2023-01-18T16:43:32,3,17,0,20
2023-01-18T16:53:34,3,17,0,20
2023-01-18T17:03:35,3,17,0,20
2023-01-18T17:13:37,3,17,0,20
2023-01-18T17:23:37,3,17,0,20
2023-01-18T17:33:48,3,17,0,20
2023-01-18T17:43:47,3,17,0,20
2023-01-18T17:53:46,3,17,0,20
2023-01-18T18:03:46,3,17,0,20
2023-01-18T18:13:45,3,17,0,20
2023-01-18T18:23:45,3,17,0,20
2023-01-18T18:33:45,3,17,0,20
2023-01-18T18:43:44,3,17,0,20
2023-01-18T18:53:44,3,17,0,20
2023-01-18T19:03:44,3,17,0,20
2023-01-18T19:13:44,3,17,0,20
2023-01-18T19:23:43,3,17,0,20
2023-01-18T19:33:41,3,17,0,20
2023-01-18T19:43:53,3,17,0,20
2023-01-18T19:53:52,3,17,0,20
2023-01-18T20:03:52,3,17,0,20
2023-01-18T20:13:50,3,17,0,20
2023-01-18T20:23:49,3,17,0,20
2023-01-18T20:33:47,3,17,0,20
2023-01-18T20:43:45,3,17,0,20
2023-01-18T20:53:44,3,17,0,20
2023-01-18T21:03:43,3,17,0,20
2023-01-18T21:13:42,3,17,0,20
2023-01-18T21:23:41,3,17,0,20
2023-01-18T21:33:43,3,17,0,20
2023-01-18T21:43:52,3,17,0,20
2023-01-18T21:53:50,3,17,0,20
2023-01-18T22:03:49,3,17,0,20
2023-01-18T22:13:47,3,17,0,20
2023-01-18T22:23:46,3,17,0,20
2023-01-18T22:33:45,3,17,0,20
2023-01-18T22:43:45,3,17,0,20
2023-01-18T22:53:43,3,17,0,20
2023-01-18T23:03:41,3,17,0,20
2023-01-18T23:13:40,3,17,0,20
2023-01-18T23:23:39,3,17,0,20
2023-01-18T23:33:49,3,17,0,20
2023-01-18T23:43:50,3,17,0,20
2023-01-18T23:53:48,3,17,0,20
2023-01-19T00:03:47,3,17,0,20
2023-01-19T00:13:50,3,17,0,20
2023-01-19T00:23:52,3,17,0,20
2023-01-19T00:33:52,3,17,0,20
2023-01-19T00:43:53,3,17,0,20
2023-01-19T00:53:54,3,17,0,20
2023-01-19T01:03:55,3,17,0,20
2023-01-19T01:13:55,3,17,0,20
2023-01-19T01:23:54,3,17,0,20
2023-01-19T01:34:02,3,17,0,20
2023-01-19T01:44:00,3,17,0,20
2023-01-19T01:53:58,3,17,0,20
2023-01-19T02:03:56,3,17,0,20
2023-01-19T02:13:55,3,17,0,20
2023-01-19T02:23:54,3,17,0,20
2023-01-19T02:33:52,3,17,0,20
2023-01-19T02:43:51,3,17,0,20
2023-01-19T02:53:49,3,17,0,20
2023-01-19T03:03:47,3,17,0,20
2023-01-19T03:13:45,3,17,0,20
2023-01-19T03:23:43,3,17,0,20
2023-01-19T03:33:42,3,17,0,20
2023-01-19T03:43:44,3,17,0,20
2023-01-19T03:53:48,3,17,0,20
2023-01-19T04:03:49,3,17,0,20
2023-01-19T04:13:52,3,17,0,20
2023-01-19T04:30:24,3,17,0,20
2023-01-19T04:41:39,3,17,0,20
2023-01-19T04:51:58,3,17,0,20
2023-01-19T05:02:01,3,17,0,20
2023-01-19T05:12:01,3,17,0,20
2023-01-19T05:21:59,3,17,0,20
2023-01-19T05:31:57,3,17,0,20
2023-01-19T05:41:55,3,17,0,20
2023-01-19T05:51:54,3,17,0,20
2023-01-19T06:01:59,3,17,0,20
2023-01-19T06:12:05,3,17,0,20
2023-01-19T06:22:08,3,17,0,20
2023-01-19T06:32:10,3,17,0,20
2023-01-19T06:42:14,3,17,0,20
2023-01-19T06:52:15,3,17,0,20
2023-01-19T07:02:19,3,17,0,20
2023-01-19T07:12:22,3,17,0,20
2023-01-19T07:22:27,3,17,0,20
2023-01-19T07:32:32,3,17,0,20
2023-01-19T07:42:36,3,17,0,20
2023-01-19T07:52:39,3,17,0,20
2023-01-19T08:02:43,3,17,0,20
2023-01-19T08:12:47,3,17,0,20
2023-01-19T08:22:52,3,17,0,20
2023-01-19T08:33:06,3,17,0,20
2023-01-19T08:43:09,3,17,0,20
2023-01-19T08:53:12,3,17,0,20
2023-01-19T09:03:19,3,17,0,20
2023-01-19T09:13:27,3,17,0,20
2023-01-19T09:23:33,3,17,0,20
2023-01-19T09:33:42,3,17,0,20
2023-01-19T09:43:47,3,17,0,20
2023-01-19T09:54:04,3,17,0,20
2023-01-19T10:04:15,3,17,0,20
2023-01-19T10:14:21,3,17,0,20
2023-01-19T10:24:24,3,17,0,20
2023-01-19T10:34:32,3,17,0,20
2023-01-19T10:44:51,3,17,0,20
2023-01-19T10:55:05,3,17,0,20
2023-01-19T11:05:15,3,17,0,20
2023-01-19T11:15:21,3,17,0,20
2023-01-19T11:25:29,3,17,0,20
2023-01-19T11:35:34,3,17,0,20
2023-01-19T11:45:55,3,17,0,20
2023-01-19T11:56:03,3,17,0,20
2023-01-19T12:06:17,3,17,0,20
2023-01-19T12:16:22,3,17,0,20
2023-01-19T12:26:39,3,17,0,20
2023-01-19T12:36:53,3,17,0,20
2023-01-19T12:46:58,3,17,0,20
2023-01-19T12:57:11,3,17,0,20
2023-01-19T13:07:22,3,17,0,20
2023-01-19T13:17:34,3,17,0,20
2023-01-19T13:27:54,3,17,0,20
2023-01-19T13:38:03,3,17,0,20
2023-01-19T13:48:10,3,17,0,20
2023-01-19T13:58:16,3,17,0,20
2023-01-19T14:08:22,3,17,0,20
2023-01-19T14:18:27,3,17,0,20
2023-01-19T14:28:45,3,17,0,20
2023-01-19T14:38:51,3,17,0,20
2023-01-19T14:48:56,3,17,0,20
2023-01-19T14:59:01,3,17,0,20
2023-01-19T15:09:11,3,17,0,20
2023-01-19T15:19:28,3,17,0,20
2023-01-19T15:29:33,3,17,0,20
2023-01-19T15:39:38,3,17,0,20
2023-01-19T15:49:41,3,17,0,20
2023-01-19T15:59:44,3,17,0,20
2023-01-19T16:09:49,3,17,0,20
2023-01-19T16:20:06,3,17,0,20
2023-01-19T16:30:09,3,17,0,20
2023-01-19T16:40:11,3,17,0,20
2023-01-19T16:50:13,3,17,0,20
2023-01-19T17:00:21,3,17,0,20
2023-01-19T17:10:34,3,17,0,20
2023-01-19T17:20:37,3,17,0,20
2023-01-19T17:30:40,3,17,0,20
2023-01-19T17:40:41,3,17,0,20
2023-01-19T17:50:42,3,17,0,20
2023-01-19T18:00:43,3,17,0,20
2023-01-19T18:10:55,3,17,0,20
2023-01-19T18:20:56,3,17,0,20
2023-01-19T18:30:57,3,17,0,20
2023-01-19T18:40:56,3,17,0,20
2023-01-19T18:50:55,3,17,0,20
2023-01-19T19:00:55,3,17,0,20
2023-01-19T19:10:55,3,17,0,20
2023-01-19T19:20:54,3,17,0,20
2023-01-19T19:30:55,3,17,0,20
2023-01-19T19:41:05,3,17,0,20
2023-01-19T19:51:05,3,17,0,20
2023-01-19T20:01:05,3,17,0,20
2023-01-19T20:11:05,3,17,0,20
2023-01-19T20:21:08,3,17,0,20
2023-01-19T20:31:15,3,17,0,20
2023-01-19T20:41:14,3,17,0,20
2023-01-19T20:51:23,3,17,0,20
2023-01-19T21:01:24,3,17,0,20
2023-01-19T21:11:24,3,17,0,20
2023-01-19T21:21:23,3,17,0,20
2023-01-19T21:31:23,3,17,0,20
2023-01-19T21:41:22,3,17,0,20
2023-01-19T21:51:20,3,17,0,20
2023-01-19T22:01:21,3,17,0,20
2023-01-19T22:11:32,3,17,0,20
2023-01-19T22:21:31,3,17,0,20
2023-01-19T22:31:31,3,17,0,20
2023-01-19T22:41:32,3,17,0,20
2023-01-19T22:51:30,3,17,0,20
2023-01-19T23:01:29,3,17,0,20
2023-01-19T23:11:41,3,17,0,20
2023-01-19T23:21:41,3,17,0,20
2023-01-19T23:31:40,3,17,0,20
2023-01-19T23:41:40,3,17,0,20
2023-01-19T23:51:39,3,17,0,20
2023-01-20T00:01:38,3,17,0,20
2023-01-20T00:11:39,3,17,0,20
2023-01-20T00:21:43,3,17,0,20
2023-01-20T00:31:42,3,17,0,20
2023-01-20T00:42:02,3,17,0,20
2023-01-20T00:52:04,3,17,0,20
2023-01-20T01:02:06,3,17,0,20
2023-01-20T01:12:20,3,17,0,20
2023-01-20T01:22:21,3,17,0,20
2023-01-20T01:32:22,3,17,0,20
2023-01-20T01:42:23,3,17,0,20
2023-01-20T01:52:23,3,17,0,20
2023-01-20T02:02:24,3,17,0,20
2023-01-20T02:12:26,3,17,0,20
2023-01-20T02:22:28,3,17,0,20
2023-01-20T02:32:30,3,17,0,20
2023-01-20T02:42:31,3,17,0,20
2023-01-20T02:52:32,3,17,0,20
2023-01-20T03:02:31,3,17,0,20
2023-01-20T03:12:31,3,17,0,20
2023-01-20T03:22:30,3,17,0,20
2023-01-20T03:32:32,3,17,0,20
2023-01-20T03:42:34,3,17,0,20
2023-01-20T03:52:36,3,17,0,20
2023-01-20T04:02:38,3,17,0,20
2023-01-20T04:12:40,3,17,0,20
2023-01-20T04:24:41,3,17,0,20
2023-01-20T04:35:56,3,17,0,20
2023-01-20T04:46:15,3,17,0,20
2023-01-20T04:56:16,3,17,0,20
2023-01-20T05:06:16,3,17,0,20
2023-01-20T05:16:15,3,17,0,20
2023-01-20T05:26:13,3,17,0,20
2023-01-20T05:36:13,3,17,0,20
2023-01-20T05:46:11,3,17,0,20
2023-01-20T05:56:12,3,17,0,20
2023-01-20T06:06:14,3,17,0,20
2023-01-20T06:16:16,3,17,0,20
2023-01-20T06:26:17,3,17,0,20
2023-01-20T06:36:18,3,17,0,20
2023-01-20T06:46:18,3,17,0,20
2023-01-20T06:56:21,3,17,0,20
2023-01-20T07:06:22,3,17,0,20
2023-01-20T07:16:23,3,17,0,20
2023-01-20T07:26:26,3,17,0,20
2023-01-20T07:36:29,3,17,0,20
2023-01-20T07:46:32,3,17,0,20
2023-01-20T07:56:33,3,17,0,20
2023-01-20T08:06:41,3,17,0,20
2023-01-20T08:16:43,3,17,0,20
2023-01-20T08:26:47,3,17,0,20
2023-01-20T08:36:50,3,17,0,20
2023-01-20T08:46:53,3,17,0,20
2023-01-20T08:56:56,3,17,0,20
2023-01-20T09:07:03,3,17,0,20
2023-01-20T09:17:24,3,17,0,20
2023-01-20T09:27:31,3,17,0,20
2023-01-20T09:37:40,3,17,0,20
2023-01-20T09:47:47,3,17,0,20
2023-01-20T09:57:54,3,17,0,20
2023-01-20T10:08:10,3,17,0,20
2023-01-20T10:18:31,3,17,0,20
2023-01-20T10:28:39,3,17,0,20
2023-01-20T10:38:46,3,17,0,20
2023-01-20T10:48:53,3,17,0,20
2023-01-20T10:59:00,3,17,0,20
2023-01-20T11:09:07,3,17,0,20
2023-01-20T11:19:11,3,17,0,20
2023-01-20T11:29:37,3,17,0,20
2023-01-20T11:39:41,3,17,0,20
2023-01-20T11:49:46,3,17,0,20
2023-01-20T11:59:58,3,17,0,20
2023-01-20T12:10:12,3,17,0,20
2023-01-20T12:20:23,3,27,0,30
2023-01-20T12:30:39,3,27,0,30
2023-01-20T12:40:43,3,27,0,30
2023-01-20T12:50:47,3,27,0,30
2023-01-20T13:00:52,3,27,0,30
2023-01-20T13:11:00,3,27,0,30
2023-01-20T13:21:10,3,27,0,30
2023-01-20T13:31:28,3,27,0,30
2023-01-20T13:41:34,3,27,0,30
2023-01-20T13:51:41,3,27,0,30
2023-01-20T14:01:55,3,27,0,30
2023-01-20T14:12:07,3,27,0,30
2023-01-20T14:22:36,3,27,0,30
2023-01-20T14:32:47,3,27,0,30
2023-01-20T14:42:58,3,27,0,30
2023-01-20T14:53:09,3,27,0,30
2023-01-20T15:03:18,3,27,0,30
2023-01-20T15:13:28,3,27,0,30
2023-01-20T15:23:42,3,27,0,30
2023-01-20T15:33:47,3,27,0,30
2023-01-20T15:43:50,3,27,0,30
2023-01-20T15:53:55,3,27,0,30
2023-01-20T16:04:05,3,27,0,30
2023-01-20T16:14:08,3,27,0,30
2023-01-20T16:24:27,3,27,0,30
2023-01-20T16:34:28,3,27,0,30
2023-01-20T16:44:32,3,27,0,30
2023-01-20T16:54:34,3,27,0,30
2023-01-20T17:04:46,3,27,0,30
2023-01-20T17:14:49,3,27,0,30
2023-01-20T17:24:51,3,27,0,30
2023-01-20T17:34:53,3,27,0,30
2023-01-20T17:44:53,3,27,0,30
2023-01-20T17:54:56,3,27,0,30
2023-01-20T18:04:57,3,27,0,30
2023-01-20T18:15:16,3,27,0,30
2023-01-20T18:25:16,3,27,0,30
2023-01-20T18:35:16,3,27,0,30
2023-01-20T18:45:16,3,27,0,30
2023-01-20T18:55:16,3,27,0,30
2023-01-20T19:05:16,3,27,0,30
2023-01-20T19:15:15,3,27,0,30
2023-01-20T19:25:15,3,27,0,30
2023-01-20T19:35:16,3,27,0,30
2023-01-20T19:45:16,3,27,0,30
2023-01-20T19:55:16,3,27,0,30
2023-01-20T20:05:15,3,27,0,30
2023-01-20T20:15:15,3,27,0,30
2023-01-20T20:25:15,3,27,0,30
2023-01-20T20:35:24,3,27,0,30
2023-01-20T20:45:24,3,27,0,30
2023-01-20T20:55:23,3,27,0,30
2023-01-20T21:05:23,3,27,0,30
2023-01-20T21:15:21,3,27,0,30
2023-01-20T21:25:21,3,27,0,30
2023-01-20T21:35:20,3,27,0,30
2023-01-20T21:45:20,3,27,0,30
2023-01-20T21:55:18,3,27,0,30
2023-01-20T22:05:18,3,27,0,30
2023-01-20T22:15:20,3,27,0,30
2023-01-20T22:25:19,3,27,0,30
2023-01-20T22:35:18,3,27,0,30
2023-01-20T22:45:39,3,27,0,30
2023-01-20T22:55:38,3,27,0,30
2023-01-20T23:05:38,3,27,0,30
2023-01-20T23:15:38,3,27,0,30
2023-01-20T23:25:37,3,27,0,30
2023-01-20T23:35:37,3,27,0,30
2023-01-20T23:45:36,3,27,0,30
2023-01-20T23:55:37,3,27,0,30
2023-01-21T00:05:39,3,27,0,30
2023-01-21T00:15:41,3,27,0,30
2023-01-21T00:25:46,3,27,0,30
2023-01-21T00:35:48,3,27,0,30
2023-01-21T00:46:03,3,27,0,30
2023-01-21T00:56:07,3,27,0,30
2023-01-21T01:06:10,3,27,0,30
2023-01-21T01:16:13,3,27,0,30
2023-01-21T01:26:14,3,27,0,30
2023-01-21T01:36:12,3,27,0,30
2023-01-21T01:46:11,3,27,0,30
2023-01-21T01:56:09,3,27,0,30
2023-01-21T02:06:09,3,27,0,30
2023-01-21T02:16:07,3,27,0,30
2023-01-21T02:26:05,3,27,0,30
2023-01-21T02:36:04,3,27,0,30
2023-01-21T02:46:03,3,27,0,30
2023-01-21T02:56:02,3,27,0,30
2023-01-21T03:05:59,3,27,0,30
2023-01-21T03:15:57,3,27,0,30
2023-01-21T03:25:55,3,27,0,30
2023-01-21T03:35:53,3,27,0,30
2023-01-21T03:45:53,3,27,0,30
2023-01-21T03:55:54,3,27,0,30
2023-01-21T04:14:07,3,27,0,30
2023-01-21T04:24:11,3,27,0,30
2023-01-21T04:35:23,3,27,0,30
2023-01-21T04:45:42,3,27,0,30
2023-01-21T04:55:44,3,27,0,30
2023-01-21T05:05:43,3,27,0,30
2023-01-21T05:15:41,3,27,0,30
2023-01-21T05:25:40,3,27,0,30
2023-01-21T05:35:37,3,27,0,30
2023-01-21T05:45:35,3,27,0,30
2023-01-21T05:55:36,3,27,0,30
2023-01-21T06:05:37,3,27,0,30
2023-01-21T06:15:39,3,27,0,30
2023-01-21T06:25:41,3,27,0,30
2023-01-21T06:35:45,3,27,0,30
2023-01-21T06:46:04,3,27,0,30
2023-01-21T06:56:10,3,27,0,30
2023-01-21T07:06:13,3,27,0,30
2023-01-21T07:16:16,3,27,0,30
2023-01-21T07:26:20,3,27,0,30
2023-01-21T07:36:24,3,27,0,30
2023-01-21T07:46:28,3,27,0,30
2023-01-21T07:56:31,3,27,0,30
2023-01-21T08:06:35,3,27,0,30
2023-01-21T08:16:39,3,27,0,30
2023-01-21T08:26:41,3,27,0,30
2023-01-21T08:36:49,3,27,0,30
2023-01-21T08:46:53,3,27,0,30
2023-01-21T08:56:57,3,27,0,30
2023-01-21T09:07:03,3,27,0,30
2023-01-21T09:17:06,3,27,0,30
2023-01-21T09:27:09,3,27,0,30
2023-01-21T09:37:15,3,27,0,30
2023-01-21T09:47:18,3,27,0,30
2023-01-21T09:57:20,3,27,0,30
2023-01-21T10:07:23,3,27,0,30
2023-01-21T10:17:34,3,27,0,30
2023-01-21T10:27:37,3,27,0,30
2023-01-21T10:37:39,3,27,0,30
2023-01-21T10:47:42,3,27,0,30
2023-01-21T10:57:44,3,27,0,30
2023-01-21T11:07:46,3,27,0,30
2023-01-21T11:17:45,3,27,0,30
2023-01-21T11:27:46,3,27,0,30
2023-01-21T11:37:48,3,27,0,30
2023-01-21T11:47:49,3,27,0,30
2023-01-21T11:57:50,3,27,0,30
2023-01-21T12:07:50,3,27,0,30
2023-01-21T12:17:57,3,27,0,30
2023-01-21T12:27:59,3,27,0,30
2023-01-21T12:38:05,3,27,0,30
2023-01-21T12:48:09,3,27,0,30
2023-01-21T12:58:10,3,27,0,30
2023-01-21T13:08:11,3,27,0,30
2023-01-21T13:18:22,3,27,0,30
2023-01-21T13:28:21,3,27,0,30
2023-01-21T13:38:22,3,27,0,30
2023-01-21T13:48:23,3,27,0,30
2023-01-21T13:58:24,3,27,0,30
2023-01-21T14:08:25,3,27,0,30
2023-01-21T14:18:26,3,27,0,30
2023-01-21T14:28:29,3,27,0,30
2023-01-21T14:38:30,3,27,0,30
2023-01-21T14:48:32,3,27,0,30
2023-01-21T14:58:34,3,27,0,30
2023-01-21T15:08:35,3,27,0,30
2023-01-21T15:18:36,3,27,0,30
2023-01-21T15:28:40,3,27,0,30
2023-01-21T15:38:40,3,27,0,30
2023-01-21T15:48:46,3,27,0,30
2023-01-21T15:58:45,3,27,0,30
2023-01-21T16:08:48,3,27,0,30
2023-01-21T16:18:47,3,27,0,30
2023-01-21T16:28:57,3,27,0,30
2023-01-21T16:39:15,3,27,0,30
2023-01-21T16:49:15,3,27,0,30
2023-01-21T16:59:13,3,27,0,30
2023-01-21T17:09:15,3,27,0,30
2023-01-21T17:19:17,3,27,0,30
2023-01-21T17:29:16,3,27,0,30
2023-01-21T17:39:14,3,27,0,30
2023-01-21T17:49:13,3,27,0,30
2023-01-21T17:59:14,3,27,0,30
2023-01-21T18:09:13,3,27,0,30
2023-01-21T18:19:12,3,27,0,30
2023-01-21T18:29:12,3,27,0,30
2023-01-21T18:39:10,3,27,0,30
2023-01-21T18:49:09,3,27,0,30
2023-01-21T18:59:08,3,27,0,30
2023-01-21T19:09:08,3,27,0,30
2023-01-21T19:19:20,3,27,0,30
2023-01-21T19:29:22,3,27,0,30
2023-01-21T19:39:22,3,27,0,30
2023-01-21T19:49:20,3,27,0,30
2023-01-21T19:59:19,3,27,0,30
2023-01-21T20:09:22,3,27,0,30
2023-01-21T20:19:21,3,27,0,30
2023-01-21T20:29:20,3,27,0,30
2023-01-21T20:39:20,3,27,0,30
2023-01-21T20:49:19,3,27,0,30
2023-01-21T20:59:16,3,27,0,30
2023-01-21T21:09:14,3,27,0,30
2023-01-21T21:19:13,3,27,0,30
2023-01-21T21:29:11,3,27,0,30
2023-01-21T21:39:09,3,27,0,30
2023-01-21T21:49:07,3,27,0,30
2023-01-21T21:59:05,3,27,0,30
2023-01-21T22:09:03,3,27,0,30
2023-01-21T22:19:01,3,27,0,30
2023-01-21T22:28:58,3,27,0,30
2023-01-21T22:38:57,3,27,0,30
2023-01-21T22:48:56,3,27,0,30
2023-01-21T22:58:55,3,27,0,30
2023-01-21T23:08:55,3,27,0,30
2023-01-21T23:18:54,3,27,0,30
2023-01-21T23:29:02,3,27,0,30
2023-01-21T23:39:01,3,27,0,30
2023-01-21T23:49:01,3,27,0,30
2023-01-21T23:59:00,3,27,0,30
2023-01-22T00:08:59,3,27,0,30
2023-01-22T00:19:01,3,27,0,30
2023-01-22T00:29:01,3,27,0,30
2023-01-22T00:39:00,3,27,0,30
2023-01-22T00:48:58,3,27,0,30
2023-01-22T00:58:57,3,27,0,30
2023-01-22T01:08:56,3,27,0,30
2023-01-22T01:18:54,3,27,0,30
2023-01-22T01:28:52,3,27,0,30
2023-01-22T01:38:49,3,27,0,30
2023-01-22T01:48:47,3,27,0,30
2023-01-22T01:58:45,3,27,0,30
2023-01-22T02:08:45,3,27,0,30
2023-01-22T02:18:44,3,27,0,30
2023-01-22T02:28:44,3,27,0,30
2023-01-22T02:38:43,3,27,0,30
2023-01-22T02:48:50,3,27,0,30
2023-01-22T02:58:54,3,27,0,30
2023-01-22T03:08:56,3,27,0,30
2023-01-22T03:18:58,3,27,0,30
2023-01-22T03:29:00,3,27,0,30
2023-01-22T03:39:05,3,27,0,30
2023-01-22T03:49:08,3,27,0,30
2023-01-22T03:59:12,3,27,0,30
2023-01-22T04:17:32,3,27,0,30
2023-01-22T04:29:00,3,27,0,30
2023-01-22T04:39:05,3,27,0,30
2023-01-22T04:49:08,3,27,0,30
2023-01-22T04:59:11,3,27,0,30
2023-01-22T05:09:15,3,27,0,30
2023-01-22T05:19:15,3,27,0,30
2023-01-22T05:29:19,3,27,0,30
2023-01-22T05:39:18,3,27,0,30
2023-01-22T05:49:20,3,27,0,30
2023-01-22T05:59:23,3,27,0,30
2023-01-22T06:09:27,3,27,0,30
2023-01-22T06:19:30,3,27,0,30
2023-01-22T06:29:31,3,27,0,30
2023-01-22T06:39:31,3,27,0,30
2023-01-22T06:49:31,3,27,0,30
2023-01-22T06:59:30,3,27,0,30
2023-01-22T07:09:32,3,27,0,30
2023-01-22T07:19:33,3,27,0,30
2023-01-22T07:29:34,3,27,0,30
2023-01-22T07:39:35,3,27,0,30
2023-01-22T07:49:36,3,27,0,30
2023-01-22T07:59:36,3,27,0,30
2023-01-22T08:09:37,3,27,0,30
2023-01-22T08:19:38,3,27,0,30
2023-01-22T08:29:39,3,27,0,30
2023-01-22T08:39:40,3,27,0,30
2023-01-22T08:49:41,3,27,0,30
2023-01-22T08:59:41,3,27,0,30
2023-01-22T09:09:41,3,27,0,30
2023-01-22T09:19:40,3,27,0,30
2023-01-22T09:29:42,3,27,0,30
2023-01-22T09:39:48,3,27,0,30
2023-01-22T09:49:50,3,27,0,30
2023-01-22T09:59:55,3,27,0,30
2023-01-22T10:10:03,3,27,0,30
2023-01-22T10:20:10,3,27,0,30
2023-01-22T10:30:14,3,27,0,30
2023-01-22T10:40:15,3,27,0,30
2023-01-22T10:50:16,3,27,0,30
2023-01-22T11:00:16,3,27,0,30
2023-01-22T11:10:16,3,27,0,30
2023-01-22T11:20:19,3,27,0,30
2023-01-22T11:30:19,3,27,0,30
2023-01-22T11:40:21,3,27,0,30
2023-01-22T11:50:24,3,27,0,30
2023-01-22T12:00:25,3,27,0,30
2023-01-22T12:10:32,3,27,0,30
2023-01-22T12:20:34,3,27,0,30
2023-01-22T12:30:34,3,27,0,30
2023-01-22T12:40:36,3,27,0,30
2023-01-22T12:50:48,3,27,0,30
2023-01-22T13:00:48,3,27,0,30
2023-01-22T13:10:49,3,27,0,30
2023-01-22T13:20:52,3,27,0,30
2023-01-22T13:30:53,3,27,0,30
2023-01-22T13:40:58,3,27,0,30
2023-01-22T13:50:57,3,27,0,30
2023-01-22T14:00:58,3,27,0,30
2023-01-22T14:11:04,3,27,0,30
2023-01-22T14:21:05,3,27,0,30
2023-01-22T14:31:13,3,27,0,30
2023-01-22T14:41:13,3,27,0,30
2023-01-22T14:51:13,3,27,0,30
2023-01-22T15:01:21,3,27,0,30
2023-01-22T15:11:21,3,27,0,30
2023-01-22T15:21:21,3,27,0,30
2023-01-22T15:31:21,3,27,0,30
2023-01-22T15:41:21,3,27,0,30
2023-01-22T15:51:21,3,27,0,30
2023-01-22T16:01:23,3,27,0,30
2023-01-22T16:11:24,3,27,0,30
2023-01-22T16:21:24,3,27,0,30
2023-01-22T16:31:25,3,27,0,30
2023-01-22T16:41:26,3,27,0,30
2023-01-22T16:51:25,3,27,0,30
2023-01-22T17:01:24,3,27,0,30
2023-01-22T17:11:24,3,27,0,30
2023-01-22T17:21:34,3,27,0,30
2023-01-22T17:31:32,3,27,0,30
2023-01-22T17:41:32,3,27,0,30
2023-01-22T17:51:31,3,27,0,30
2023-01-22T18:01:33,3,27,0,30
2023-01-22T18:11:32,3,27,0,30
2023-01-22T18:21:32,3,27,0,30
2023-01-22T18:31:34,3,27,0,30
2023-01-22T18:41:33,3,27,0,30
2023-01-22T18:51:34,3,27,0,30
2023-01-22T19:01:34,3,27,0,30
2023-01-22T19:11:35,3,27,0,30
2023-01-22T19:21:43,3,27,0,30
2023-01-22T19:31:41,3,27,0,30
2023-01-22T19:41:42,3,27,0,30
2023-01-22T19:51:41,3,27,0,30
2023-01-22T20:01:40,3,27,0,30
2023-01-22T20:11:39,3,27,0,30
2023-01-22T20:21:38,3,27,0,30
2023-01-22T20:31:36,3,27,0,30
2023-01-22T20:41:35,3,27,0,30
2023-01-22T20:51:34,3,27,0,30
2023-01-22T21:01:33,3,27,0,30
2023-01-22T21:11:40,3,27,0,30
2023-01-22T21:21:38,3,27,0,30
2023-01-22T21:31:37,3,27,0,30
2023-01-22T21:41:37,3,27,0,30
2023-01-22T21:51:36,3,27,0,30
2023-01-22T22:01:35,3,27,0,30
2023-01-22T22:11:35,3,27,0,30
2023-01-22T22:21:36,3,27,0,30
2023-01-22T22:31:37,3,27,0,30
2023-01-22T22:41:36,3,27,0,30
2023-01-22T22:51:34,3,27,0,30
2023-01-22T23:01:33,3,27,0,30
2023-01-22T23:11:33,3,27,0,30
2023-01-22T23:21:42,3,27,0,30
2023-01-22T23:31:41,3,27,0,30
2023-01-22T23:41:40,3,27,0,30
2023-01-22T23:51:41,3,27,0,30
2023-01-23T00:01:43,3,27,0,30
2023-01-23T00:11:42,3,27,0,30
2023-01-23T00:21:43,3,27,0,30
2023-01-23T00:31:46,3,27,0,30
2023-01-23T00:42:02,3,27,0,30
2023-01-23T00:52:10,3,27,0,30
2023-01-23T01:02:18,3,27,0,30
2023-01-23T01:12:20,3,27,0,30
2023-01-23T01:22:22,3,27,0,30
2023-01-23T01:32:23,3,27,0,30
2023-01-23T01:42:25,3,27,0,30
2023-01-23T01:52:35,3,27,0,30
2023-01-23T02:02:37,3,27,0,30
2023-01-23T02:12:41,3,27,0,30
2023-01-23T02:22:43,3,27,0,30
2023-01-23T02:32:45,3,27,0,30
2023-01-23T02:42:44,3,27,0,30
2023-01-23T02:52:45,3,27,0,30
2023-01-23T03:02:45,3,27,0,30
2023-01-23T03:12:44,3,27,0,30
2023-01-23T03:22:44,3,27,0,30
2023-01-23T03:32:45,3,27,0,30
2023-01-23T03:42:47,3,27,0,30
2023-01-23T03:52:48,3,27,0,30
2023-01-23T04:02:50,3,27,0,30
2023-01-23T04:16:54,3,27,0,30
2023-01-23T04:27:59,3,27,0,30
2023-01-23T04:38:02,3,27,0,30
2023-01-23T04:48:05,3,27,0,30
2023-01-23T04:58:04,3,27,0,30
2023-01-23T05:08:04,3,27,0,30
2023-01-23T05:18:02,3,27,0,30
2023-01-23T05:28:00,3,27,0,30
2023-01-23T05:37:58,3,27,0,30
2023-01-23T05:47:57,3,27,0,30
2023-01-23T05:57:59,3,27,0,30
2023-01-23T06:08:03,3,27,0,30
2023-01-23T06:18:05,3,27,0,30
2023-01-23T06:28:08,3,27,0,30
2023-01-23T06:38:08,3,27,0,30
2023-01-23T06:48:09,3,27,0,30
2023-01-23T06:58:09,3,27,0,30
2023-01-23T07:08:13,3,27,0,30
2023-01-23T07:18:13,3,27,0,30
2023-01-23T07:28:15,3,27,0,30
2023-01-23T07:38:17,3,27,0,30
2023-01-23T07:48:21,3,27,0,30
2023-01-23T07:58:23,3,27,0,30
2023-01-23T08:08:29,3,27,0,30
2023-01-23T08:18:32,3,27,0,30
2023-01-23T08:28:35,3,27,0,30
2023-01-23T08:38:40,3,27,0,30
2023-01-23T08:48:47,3,27,0,30
2023-01-23T08:59:01,3,27,0,30
2023-01-23T09:09:07,3,27,0,30
2023-01-23T09:19:15,3,27,0,30
2023-01-23T09:29:30,3,27,0,30
2023-01-23T09:39:35,3,27,0,30
2023-01-23T09:49:43,3,37,0,40
2023-01-23T09:59:49,3,37,0,40
2023-01-23T10:09:55,3,37,0,40
2023-01-23T10:20:04,3,37,0,40
2023-01-23T10:30:34,3,37,0,40
2023-01-23T10:40:48,3,37,0,40
2023-01-23T10:50:53,3,37,0,40
2023-01-23T11:00:59,3,37,0,40
2023-01-23T11:11:05,3,37,0,40
2023-01-23T11:21:10,3,37,0,40
2023-01-23T11:31:18,3,37,0,40
2023-01-23T11:41:22,3,37,0,40
2023-01-23T11:51:29,3,37,0,40
2023-01-23T12:01:47,3,37,0,40
2023-01-23T12:11:59,3,37,0,40
2023-01-23T12:22:04,3,37,0,40
2023-01-23T12:32:10,3,37,0,40
2023-01-23T12:42:13,3,37,0,40
2023-01-23T12:52:26,3,37,0,40
2023-01-23T13:02:31,3,37,0,40
2023-01-23T13:12:45,3,37,0,40
2023-01-23T13:22:52,3,37,0,40
2023-01-23T13:32:59,3,37,0,40
2023-01-23T13:43:05,3,37,0,40
2023-01-23T13:53:14,3,37,0,40
2023-01-23T14:03:19,3,37,0,40
2023-01-23T14:13:29,3,37,0,40
2023-01-23T14:23:47,3,37,0,40
2023-01-23T14:33:55,3,37,0,40
2023-01-23T14:44:01,3,37,0,40
2023-01-23T14:54:13,3,37,0,40
2023-01-23T15:04:21,3,37,0,40
2023-01-23T15:14:36,3,37,0,40
2023-01-23T15:24:49,3,37,0,40
2023-01-23T15:35:01,3,37,0,40
2023-01-23T15:45:04,3,37,0,40
2023-01-23T15:55:17,3,37,0,40
2023-01-23T16:05:33,3,37,0,40
2023-01-23T16:15:49,3,37,0,40
2023-01-23T16:25:57,3,37,0,40
2023-01-23T16:36:00,3,37,0,40
2023-01-23T16:46:02,3,37,0,40
2023-01-23T16:56:06,3,37,0,40
2023-01-23T17:06:08,3,37,0,40
2023-01-23T17:16:10,3,37,0,40
2023-01-23T17:26:23,3,37,0,40
2023-01-23T17:36:25,3,37,0,40
2023-01-23T17:46:27,3,37,0,40
2023-01-23T17:56:28,3,37,0,40
2023-01-23T18:06:29,3,37,0,40
2023-01-23T18:16:31,3,37,0,40
2023-01-23T18:26:32,3,37,0,40
2023-01-23T18:36:33,3,37,0,40
2023-01-23T18:46:33,3,37,0,40
2023-01-23T18:56:32,3,37,0,40
2023-01-23T19:06:42,3,37,0,40
2023-01-23T19:16:41,3,37,0,40
2023-01-23T19:26:40,3,37,0,40
2023-01-23T19:36:41,3,37,0,40
2023-01-23T19:46:41,3,37,0,40
2023-01-23T19:56:40,3,37,0,40
2023-01-23T20:06:41,3,37,0,40
2023-01-23T20:16:40,3,37,0,40
2023-01-23T20:26:50,3,37,0,40
2023-01-23T20:36:50,3,37,0,40
2023-01-23T20:46:50,3,37,0,40
2023-01-23T20:56:48,3,37,0,40
2023-01-23T21:06:48,3,37,0,40
2023-01-23T21:16:49,3,37,0,40
2023-01-23T21:26:48,3,37,0,40
2023-01-23T21:36:48,3,37,0,40
2023-01-23T21:46:47,3,37,0,40
2023-01-23T21:56:47,3,37,0,40
2023-01-23T22:06:47,3,37,0,40
2023-01-23T22:16:58,3,37,0,40
2023-01-23T22:26:57,3,37,0,40
2023-01-23T22:36:57,3,37,0,40
2023-01-23T22:46:57,3,37,0,40
2023-01-23T22:56:56,3,37,0,40
2023-01-23T23:06:56,3,37,0,40
2023-01-23T23:16:56,3,37,0,40
2023-01-23T23:26:55,3,37,0,40
2023-01-23T23:36:55,3,37,0,40
2023-01-23T23:46:54,3,37,0,40
2023-01-23T23:57:05,3,37,0,40
2023-01-24T00:07:06,3,37,0,40
2023-01-24T00:17:07,3,37,0,40
2023-01-24T00:27:10,3,37,0,40
2023-01-24T00:37:14,3,37,0,40
2023-01-24T00:47:16,3,37,0,40
2023-01-24T00:57:20,3,37,0,40
2023-01-24T01:07:21,3,37,0,40
2023-01-24T01:17:24,3,37,0,40
2023-01-24T01:27:24,3,37,0,40
2023-01-24T01:37:23,3,37,0,40
2023-01-24T01:47:23,3,37,0,40
2023-01-24T01:57:24,3,37,0,40
2023-01-24T02:07:23,3,37,0,40
2023-01-24T02:17:22,3,37,0,40
2023-01-24T02:27:20,3,37,0,40
2023-01-24T02:37:18,3,37,0,40
2023-01-24T02:47:15,3,37,0,40
2023-01-24T02:57:13,3,37,0,40
2023-01-24T03:07:10,3,37,0,40
2023-01-24T03:17:08,3,37,0,40
2023-01-24T03:27:05,3,37,0,40
2023-01-24T03:37:04,3,37,0,40
2023-01-24T03:47:06,3,37,0,40
2023-01-24T03:57:08,3,37,0,40
2023-01-24T04:07:09,3,37,0,40
2023-01-24T04:15:46,3,37,0,40
2023-01-24T04:25:52,3,37,0,40
2023-01-24T04:35:56,3,37,0,40
2023-01-24T04:47:43,3,37,0,40
2023-01-24T04:57:47,3,37,0,40
2023-01-24T05:07:49,3,37,0,40
2023-01-24T05:17:49,3,37,0,40
2023-01-24T05:27:48,3,37,0,40
2023-01-24T05:37:47,3,37,0,40
2023-01-24T05:47:47,3,37,0,40
2023-01-24T05:57:48,3,37,0,40
2023-01-24T06:07:51,3,37,0,40
2023-01-24T06:17:52,3,37,0,40
2023-01-24T06:27:53,3,37,0,40
2023-01-24T06:37:55,3,37,0,40
2023-01-24T06:47:56,3,37,0,40
2023-01-24T06:57:59,3,37,0,40
2023-01-24T07:07:58,3,37,0,40
2023-01-24T07:17:57,3,37,0,40
2023-01-24T07:27:56,3,37,0,40
2023-01-24T07:37:56,3,37,0,40
2023-01-24T07:47:58,3,37,0,40
2023-01-24T07:57:57,3,37,0,40
2023-01-24T08:07:57,3,37,0,40
2023-01-24T08:17:58,3,37,0,40
2023-01-24T08:27:58,3,37,0,40
2023-01-24T08:37:57,3,37,0,40
2023-01-24T08:47:58,3,37,0,40
2023-01-24T08:57:59,3,37,0,40
2023-01-24T09:08:02,3,37,0,40
2023-01-24T09:18:04,3,37,0,40
2023-01-24T09:28:06,3,37,0,40
2023-01-24T09:38:38,3,37,0,40
2023-01-24T09:48:44,3,37,0,40
2023-01-24T10:57:13,3,37,0,40
2023-01-24T11:07:26,3,37,0,40
2023-01-24T11:17:36,3,37,0,40
2023-01-24T11:27:40,3,37,0,40
2023-01-24T11:38:24,3,37,0,40
2023-01-24T11:48:38,3,37,0,40
2023-01-24T11:58:57,3,37,0,40
2023-01-24T12:09:09,3,37,0,40
2023-01-24T12:19:21,3,37,0,40
2023-01-24T12:29:28,3,37,0,40
2023-01-24T12:39:33,3,37,0,40
2023-01-24T12:49:52,3,37,0,40
2023-01-24T12:59:57,3,37,0,40
2023-01-24T13:10:09,3,37,0,40
2023-01-24T13:20:20,4,36,0,40
2023-01-24T13:30:23,4,36,0,40
2023-01-24T13:40:28,4,36,0,40
2023-01-24T13:50:43,4,36,0,40
2023-01-24T14:01:00,4,36,0,40
2023-01-24T14:11:09,4,36,0,40
2023-01-24T14:21:14,4,36,0,40
2023-01-24T14:31:23,4,36,0,40
2023-01-24T14:41:33,4,36,0,40
2023-01-24T14:51:41,4,36,0,40
2023-01-24T15:01:47,4,36,0,40
2023-01-24T15:12:04,4,36,0,40
2023-01-24T15:22:23,4,36,0,40
2023-01-24T15:32:42,4,36,0,40
2023-01-24T15:42:48,4,36,0,40
2023-01-24T15:52:54,4,36,0,40
2023-01-24T16:02:59,4,36,0,40
2023-01-24T16:13:06,4,36,0,40
2023-01-24T16:23:18,4,36,0,40
2023-01-24T16:33:21,4,36,0,40
2023-01-24T16:43:22,4,36,0,40
2023-01-24T16:53:26,4,36,0,40
2023-01-24T17:03:37,4,36,0,40
2023-01-24T17:13:39,4,36,0,40
2023-01-24T17:23:42,4,36,0,40
2023-01-24T17:33:42,4,36,0,40
2023-01-24T17:43:42,4,36,0,40
2023-01-24T17:53:41,4,36,0,40
2023-01-24T18:03:41,4,36,0,40
2023-01-24T18:13:41,4,36,0,40
2023-01-24T18:23:40,4,36,0,40
2023-01-24T18:33:41,4,36,0,40
2023-01-24T18:43:40,4,36,0,40
2023-01-24T18:53:40,4,36,0,40
2023-01-24T19:03:40,4,36,0,40
2023-01-24T19:13:40,4,36,0,40
2023-01-24T19:23:39,4,36,0,40
2023-01-24T19:33:39,4,36,0,40
2023-01-24T19:43:40,4,36,0,40
2023-01-24T19:53:42,4,36,0,40
2023-01-24T20:03:42,4,36,0,40
2023-01-24T20:13:41,4,36,0,40
2023-01-24T20:23:41,4,36,0,40
2023-01-24T20:33:42,4,36,0,40
2023-01-24T20:43:41,4,36,0,40
2023-01-24T20:53:51,4,36,0,40
2023-01-24T21:03:50,4,36,0,40
2023-01-24T21:13:49,4,36,0,40
2023-01-24T21:23:47,4,36,0,40
2023-01-24T21:33:46,4,36,0,40
2023-01-24T21:43:45,4,36,0,40
2023-01-24T21:53:44,4,36,0,40
2023-01-24T22:03:43,4,36,0,40
2023-01-24T22:13:42,4,36,0,40
2023-01-24T22:23:41,4,36,0,40
2023-01-24T22:33:41,4,36,0,40
2023-01-24T22:43:39,4,36,0,40
2023-01-24T22:53:38,4,36,0,40
2023-01-24T23:03:37,4,36,0,40
2023-01-24T23:13:36,4,36,0,40
2023-01-24T23:23:36,4,36,0,40
2023-01-24T23:33:37,4,36,0,40
2023-01-24T23:43:36,4,36,0,40
2023-01-24T23:53:35,4,36,0,40
2023-01-25T00:03:36,4,36,0,40
2023-01-25T00:13:40,4,36,0,40
2023-01-25T00:23:44,4,36,0,40
2023-01-25T00:33:45,4,36,0,40
2023-01-25T00:43:48,4,36,0,40
2023-01-25T00:53:51,4,36,0,40
2023-01-25T01:03:54,4,36,0,40
2023-01-25T01:13:57,4,36,0,40
2023-01-25T01:24:00,4,36,0,40
2023-01-25T01:34:01,4,36,0,40
2023-01-25T01:44:01,4,36,0,40
2023-01-25T01:54:01,4,36,0,40
2023-01-25T02:04:03,4,36,0,40
2023-01-25T02:14:03,4,36,0,40
2023-01-25T02:24:06,4,36,0,40
2023-01-25T02:34:08,4,36,0,40
2023-01-25T02:44:09,4,36,0,40
2023-01-25T02:54:10,4,36,0,40
2023-01-25T03:04:10,4,36,0,40
2023-01-25T03:14:10,4,36,0,40
2023-01-25T03:24:10,4,36,0,40
2023-01-25T03:34:11,4,36,0,40
2023-01-25T03:44:13,4,36,0,40
2023-01-25T03:54:18,4,36,0,40
2023-01-25T04:04:20,4,36,0,40
2023-01-25T04:12:59,4,36,0,40
2023-01-25T04:23:24,4,36,0,40
2023-01-25T04:33:28,4,36,0,40
2023-01-25T04:43:30,4,36,0,40
2023-01-25T04:53:32,4,36,0,40
2023-01-25T05:03:32,4,36,0,40
2023-01-25T05:13:31,4,36,0,40
2023-01-25T05:23:29,4,36,0,40
2023-01-25T05:33:28,4,36,0,40
2023-01-25T05:43:27,4,36,0,40
2023-01-25T05:53:27,4,36,0,40
2023-01-25T06:03:28,4,36,0,40
2023-01-25T06:13:29,4,36,0,40
2023-01-25T06:23:30,4,36,0,40
2023-01-25T06:33:29,4,36,0,40
2023-01-25T06:43:29,4,36,0,40
2023-01-25T06:53:27,4,36,0,40
2023-01-25T07:03:31,4,36,0,40
2023-01-25T07:13:31,4,36,0,40
2023-01-25T07:23:31,4,36,0,40
2023-01-25T07:33:35,4,36,0,40
2023-01-25T07:43:36,4,36,0,40
2023-01-25T07:53:36,4,36,0,40
2023-01-25T08:03:36,4,36,0,40
2023-01-25T08:13:36,4,36,0,40
2023-01-25T08:23:36,4,36,0,40
2023-01-25T08:33:37,4,36,0,40
2023-01-25T08:43:39,4,36,0,40
2023-01-25T08:53:42,4,36,0,40
2023-01-25T09:03:47,4,36,0,40
2023-01-25T09:13:48,4,36,0,40
2023-01-25T09:23:49,4,36,0,40
2023-01-25T09:34:05,4,36,0,40
2023-01-25T09:44:08,4,36,0,40
2023-01-25T09:54:10,4,36,0,40
2023-01-25T10:04:13,4,36,0,40
2023-01-25T10:14:19,4,36,0,40
2023-01-25T10:24:22,4,36,0,40
2023-01-25T10:34:27,4,36,0,40
2023-01-25T10:44:33,4,36,0,40
2023-01-25T10:54:45,4,36,0,40
2023-01-25T11:04:53,4,36,0,40
2023-01-25T11:15:04,4,36,0,40
2023-01-25T11:25:11,4,36,0,40
2023-01-25T11:35:26,4,36,0,40
2023-01-25T11:45:32,4,36,0,40
2023-01-25T11:55:41,4,36,0,40
2023-01-25T12:05:47,4,36,0,40
2023-01-25T12:15:49,4,36,0,40
2023-01-25T12:25:52,4,36,0,40
2023-01-25T12:36:07,4,36,0,40
2023-01-25T12:46:24,4,36,0,40
2023-01-25T12:56:35,4,36,0,40
2023-01-25T13:07:00,4,36,0,40
2023-01-25T13:17:03,4,36,0,40
2023-01-25T13:27:14,4,36,0,40
2023-01-25T13:37:17,4,36,0,40
2023-01-25T13:47:25,4,36,0,40
2023-01-25T13:57:34,4,36,0,40
2023-01-25T14:07:41,4,36,0,40
2023-01-25T14:17:53,4,36,0,40
2023-01-25T14:27:58,5,35,0,40
2023-01-25T14:38:06,5,35,0,40
2023-01-25T14:48:13,5,35,0,40
2023-01-25T14:58:15,5,35,0,40
2023-01-25T15:08:18,5,35,0,40
2023-01-25T15:18:19,5,35,0,40
2023-01-25T15:28:55,5,35,0,40
2023-01-25T15:39:05,5,35,0,40
2023-01-25T15:49:06,5,35,0,40
2023-01-25T15:59:07,5,35,0,40
2023-01-25T16:09:09,5,35,0,40
2023-01-25T16:19:13,5,35,0,40
2023-01-25T16:29:18,5,35,0,40
2023-01-25T16:39:25,5,35,0,40
2023-01-25T16:49:31,5,35,0,40
2023-01-25T16:59:36,5,35,0,40
2023-01-25T17:09:51,5,35,0,40
2023-01-25T17:19:54,5,35,0,40
2023-01-25T17:29:56,5,35,0,40
2023-01-25T17:40:00,5,35,0,40
2023-01-25T17:50:02,5,35,0,40
2023-01-25T18:00:07,5,35,0,40
2023-01-25T18:10:08,5,35,0,40
2023-01-25T18:20:09,5,35,0,40
2023-01-25T18:30:12,5,35,0,40
2023-01-25T18:40:14,5,35,0,40
2023-01-25T18:50:14,5,35,0,40
2023-01-25T19:00:14,5,35,0,40
2023-01-25T19:10:26,5,35,0,40
2023-01-25T19:20:30,5,35,0,40
2023-01-25T19:30:35,5,35,0,40
2023-01-25T19:40:37,5,35,0,40
2023-01-25T19:50:38,5,35,0,40
2023-01-25T20:00:40,5,35,0,40
2023-01-25T20:10:41,5,35,0,40
2023-01-25T20:20:42,5,35,0,40
2023-01-25T20:30:42,5,35,0,40
2023-01-25T20:40:46,5,35,0,40
2023-01-25T20:50:45,5,35,0,40
2023-01-25T21:00:46,5,35,0,40
2023-01-25T21:10:47,5,35,0,40
2023-01-25T21:21:01,5,35,0,40
2023-01-25T21:31:04,5,35,0,40
2023-01-25T21:41:05,5,35,0,40
2023-01-25T21:51:06,5,35,0,40
2023-01-25T22:01:05,5,35,0,40
2023-01-25T22:11:05,5,35,0,40
2023-01-25T22:21:06,5,35,0,40
2023-01-25T22:31:07,5,35,0,40
2023-01-25T22:41:08,5,35,0,40
2023-01-25T22:51:08,5,35,0,40
2023-01-25T23:01:09,5,35,0,40
2023-01-25T23:11:12,5,35,0,40
2023-01-25T23:21:28,5,35,0,40
2023-01-25T23:31:30,5,35,0,40
2023-01-25T23:41:31,5,35,0,40
2023-01-25T23:51:31,5,35,0,40
2023-01-26T00:01:32,5,35,0,40
2023-01-26T00:11:35,5,35,0,40
2023-01-26T00:21:40,5,35,0,40
2023-01-26T00:31:42,5,35,0,40
2023-01-26T00:41:50,5,35,0,40
2023-01-26T00:51:56,5,35,0,40
2023-01-26T01:02:01,5,35,0,40
2023-01-26T01:12:02,5,35,0,40
2023-01-26T01:22:02,5,35,0,40
2023-01-26T01:32:01,5,35,0,40
2023-01-26T01:42:11,5,35,0,40
2023-01-26T01:52:11,5,35,0,40
2023-01-26T02:02:12,5,35,0,40
2023-01-26T02:12:13,5,35,0,40
2023-01-26T02:22:13,5,35,0,40
2023-01-26T02:32:15,5,35,0,40
2023-01-26T02:42:19,5,35,0,40
2023-01-26T02:52:19,5,35,0,40
2023-01-26T03:02:21,5,35,0,40
2023-01-26T03:12:20,5,35,0,40
2023-01-26T03:22:20,5,35,0,40
2023-01-26T03:32:20,5,35,0,40
2023-01-26T03:42:25,5,35,0,40
2023-01-26T03:52:28,5,35,0,40
2023-01-26T04:02:33,5,35,0,40
2023-01-26T04:15:28,5,35,0,40
2023-01-26T04:25:38,5,35,0,40
2023-01-26T04:35:45,5,35,0,40
2023-01-26T04:47:36,5,35,0,40
2023-01-26T04:57:41,5,35,0,40
2023-01-26T05:07:43,5,35,0,40
2023-01-26T05:17:48,5,35,0,40
2023-01-26T05:27:49,5,35,0,40
2023-01-26T05:37:47,5,35,0,40
2023-01-26T05:47:48,5,35,0,40
2023-01-26T05:57:51,5,35,0,40
2023-01-26T06:07:57,5,35,0,40
2023-01-26T06:18:02,5,35,0,40
2023-01-26T06:28:07,5,35,0,40
2023-01-26T06:38:14,5,35,0,40
2023-01-26T06:48:19,5,35,0,40
2023-01-26T06:58:28,5,35,0,40
2023-01-26T07:08:34,5,35,0,40
2023-01-26T07:18:39,5,35,0,40
2023-01-26T07:28:46,5,35,0,40
2023-01-26T07:38:54,5,35,0,40
2023-01-26T07:49:01,5,35,0,40
2023-01-26T07:59:10,5,35,0,40
2023-01-26T08:09:18,5,35,0,40
2023-01-26T08:19:24,5,35,0,40
2023-01-26T08:29:33,5,35,0,40
2023-01-26T08:39:48,5,35,0,40
2023-01-26T08:49:52,5,35,0,40
2023-01-26T09:00:05,5,35,0,40
2023-01-26T09:10:16,5,35,0,40
2023-01-26T09:20:25,5,35,0,40
2023-01-26T09:30:36,5,35,0,40
2023-01-26T09:40:44,5,35,0,40
2023-01-26T09:51:28,5,35,0,40
2023-01-26T10:01:37,5,35,0,40
2023-01-26T10:11:59,5,35,0,40
2023-01-26T10:22:14,5,35,0,40
2023-01-26T10:32:27,5,35,0,40
2023-01-26T10:42:35,5,35,0,40
2023-01-26T10:52:46,5,35,0,40
2023-01-26T11:03:02,5,35,0,40
2023-01-26T11:13:13,5,35,0,40
2023-01-26T11:23:40,5,35,0,40
2023-01-26T11:33:53,5,35,0,40
2023-01-26T11:44:23,5,35,0,40
2023-01-26T11:54:55,5,35,0,40
2023-01-26T12:05:12,5,35,0,40
2023-01-26T12:15:34,5,35,0,40
2023-01-26T12:25:48,5,35,0,40
2023-01-26T12:36:01,5,35,0,40
2023-01-26T12:46:14,5,35,0,40
2023-01-26T12:56:49,5,35,0,40
2023-01-26T13:06:57,5,35,0,40
2023-01-26T13:17:07,5,35,0,40
2023-01-26T13:27:29,5,35,0,40
2023-01-26T13:37:38,5,35,0,40
2023-01-26T13:47:49,5,35,0,40
2023-01-26T13:58:04,5,35,0,40
2023-01-26T14:08:17,5,35,0,40
2023-01-26T14:18:29,5,35,0,40
2023-01-26T14:28:57,5,35,0,40
2023-01-26T14:39:09,5,35,0,40
2023-01-26T14:49:26,5,35,0,40
2023-01-26T14:59:46,5,35,0,40
2023-01-26T15:09:57,5,35,0,40
2023-01-26T15:20:08,5,35,0,40
2023-01-26T15:30:16,5,35,0,40
2023-01-26T15:40:44,5,35,0,40
2023-01-26T15:51:01,5,35,0,40
2023-01-26T16:01:12,5,35,0,40
2023-01-26T16:11:22,5,35,0,40
2023-01-26T16:21:41,5,35,0,40
2023-01-26T16:31:55,5,35,0,40
2023-01-26T16:42:05,5,35,0,40
2023-01-26T16:52:12,5,35,0,40
2023-01-26T17:02:20,5,35,0,40
2023-01-26T17:12:39,5,35,0,40
2023-01-26T17:22:44,5,35,0,40
2023-01-26T17:32:53,5,35,0,40
2023-01-26T17:42:56,5,35,0,40
2023-01-26T17:52:59,5,35,0,40
2023-01-26T18:03:05,5,35,0,40
2023-01-26T18:13:09,5,35,0,40
2023-01-26T18:23:16,5,35,0,40
2023-01-26T18:33:21,5,35,0,40
2023-01-26T18:43:33,5,35,0,40
2023-01-26T18:53:39,5,35,0,40
2023-01-26T19:03:42,5,35,0,40
2023-01-26T19:13:45,5,35,0,40
2023-01-26T19:23:46,5,35,0,40
2023-01-26T19:33:52,5,35,0,40
2023-01-26T19:44:04,5,35,0,40
2023-01-26T19:54:19,5,35,0,40
2023-01-26T20:04:35,5,35,0,40
2023-01-26T20:14:59,5,35,0,40
2023-01-26T20:28:36,5,35,0,40
2023-01-26T20:50:06,5,35,0,40
2023-01-26T21:02:54,5,35,0,40
2023-01-26T21:13:11,5,35,0,40
2023-01-26T21:23:28,5,35,0,40
2023-01-26T21:33:49,5,35,0,40
2023-01-26T21:44:02,5,35,0,40
2023-01-26T21:54:14,5,35,0,40
2023-01-26T22:04:20,5,35,0,40
2023-01-26T22:14:26,5,35,0,40
2023-01-26T22:24:29,5,35,0,40
2023-01-26T22:34:45,5,35,0,40
2023-01-26T22:44:47,5,35,0,40
2023-01-26T22:54:49,5,35,0,40
2023-01-26T23:04:50,5,35,0,40
2023-01-26T23:14:52,5,35,0,40
2023-01-26T23:24:56,5,35,0,40
2023-01-26T23:34:59,5,35,0,40
2023-01-26T23:44:59,5,35,0,40
2023-01-26T23:55:01,5,35,0,40
2023-01-27T00:05:05,5,35,0,40
2023-01-27T00:15:09,5,35,0,40
2023-01-27T00:25:15,5,35,0,40
2023-01-27T00:35:20,5,35,0,40
2023-01-27T00:45:26,5,35,0,40
2023-01-27T00:55:33,5,35,0,40
2023-01-27T01:05:37,5,35,0,40
2023-01-27T01:15:44,5,35,0,40
2023-01-27T01:25:49,5,35,0,40
2023-01-27T01:35:53,5,35,0,40
2023-01-27T01:45:55,5,35,0,40
2023-01-27T01:55:56,5,35,0,40
2023-01-27T02:05:59,5,35,0,40
2023-01-27T02:16:04,5,35,0,40
2023-01-27T02:26:10,5,35,0,40
2023-01-27T02:36:12,5,35,0,40
2023-01-27T02:46:14,5,35,0,40
2023-01-27T02:56:16,5,35,0,40
2023-01-27T03:06:19,5,35,0,40
2023-01-27T03:16:19,5,35,0,40
2023-01-27T03:26:19,5,35,0,40
2023-01-27T03:36:22,5,35,0,40
2023-01-27T03:46:25,5,35,0,40
2023-01-27T03:56:29,5,35,0,40
2023-01-27T04:06:34,5,35,0,40
2023-01-27T04:32:49,5,35,0,40
2023-01-27T04:42:56,5,35,0,40
2023-01-27T04:53:01,5,35,0,40
2023-01-27T05:03:03,5,35,0,40
2023-01-27T05:13:06,5,35,0,40
2023-01-27T05:23:08,5,35,0,40
2023-01-27T05:33:11,5,35,0,40
2023-01-27T05:43:15,5,35,0,40
2023-01-27T05:53:17,5,35,0,40
2023-01-27T06:03:23,5,35,0,40
2023-01-27T06:13:27,5,35,0,40
2023-01-27T06:23:29,5,35,0,40
2023-01-27T06:33:32,5,35,0,40
2023-01-27T06:43:35,5,35,0,40
2023-01-27T06:53:37,5,35,0,40
2023-01-27T07:03:45,5,35,0,40
2023-01-27T07:13:48,5,35,0,40
2023-01-27T07:23:55,5,35,0,40
2023-01-27T07:34:00,5,35,0,40
2023-01-27T07:44:09,5,35,0,40
2023-01-27T07:54:14,5,35,0,40
2023-01-27T08:04:20,5,35,0,40
2023-01-27T08:14:27,5,35,0,40
2023-01-27T08:24:37,5,35,0,40
2023-01-27T08:34:48,5,35,0,40
2023-01-27T08:44:51,5,35,0,40
2023-01-27T08:54:53,5,35,0,40
2023-01-27T09:04:55,5,35,0,40
2023-01-27T09:14:57,5,35,0,40
2023-01-27T09:25:08,5,35,0,40
2023-01-27T09:35:10,5,35,0,40
2023-01-27T09:45:13,5,35,0,40
2023-01-27T09:55:15,5,35,0,40
2023-01-27T10:05:17,5,35,0,40
2023-01-27T10:15:20,5,35,0,40
2023-01-27T10:25:21,5,35,0,40
2023-01-27T10:35:22,5,35,0,40
2023-01-27T10:45:25,5,35,0,40
2023-01-27T10:55:28,5,35,0,40
2023-01-27T11:05:30,5,35,0,40
2023-01-27T11:15:43,5,35,0,40
2023-01-27T11:25:45,5,35,0,40
2023-01-27T11:35:48,5,35,0,40
2023-01-27T11:45:49,5,35,0,40
2023-01-27T11:55:50,5,35,0,40
2023-01-27T12:05:54,5,35,0,40
2023-01-27T12:15:56,5,35,0,40
2023-01-27T12:25:58,5,35,0,40
2023-01-27T12:35:59,5,35,0,40
2023-01-27T12:45:59,5,35,0,40
2023-01-27T12:56:01,5,35,0,40
2023-01-27T13:06:14,5,35,0,40
2023-01-27T13:16:16,5,35,0,40
2023-01-27T13:26:18,5,35,0,40
2023-01-27T13:36:33,5,35,0,40
2023-01-27T13:46:35,5,35,0,40
2023-01-27T13:56:37,5,35,0,40
2023-01-27T14:06:39,5,35,0,40
2023-01-27T14:16:41,5,35,0,40
2023-01-27T14:26:44,5,35,0,40
2023-01-27T14:36:45,5,35,0,40
2023-01-27T14:46:46,5,35,0,40
2023-01-27T14:57:00,5,35,0,40
2023-01-27T15:07:02,5,35,0,40
2023-01-27T15:17:03,5,35,0,40
2023-01-27T15:27:05,5,35,0,40
2023-01-27T15:37:08,5,35,0,40
2023-01-27T15:47:10,5,35,0,40
2023-01-27T15:57:13,5,35,0,40
2023-01-27T16:07:16,5,35,0,40
2023-01-27T16:17:18,5,35,0,40
2023-01-27T16:27:20,5,35,0,40
2023-01-27T16:37:21,5,35,0,40
2023-01-27T16:47:35,5,35,0,40
2023-01-27T16:57:36,5,35,0,40
2023-01-27T17:07:38,5,35,0,40
2023-01-27T17:17:41,5,35,0,40
2023-01-27T17:27:43,5,35,0,40
2023-01-27T17:37:44,5,35,0,40
2023-01-27T17:47:45,5,35,0,40
2023-01-27T17:57:45,5,35,0,40
2023-01-27T18:07:45,5,35,0,40
2023-01-27T18:17:45,5,35,0,40
2023-01-27T18:27:46,5,35,0,40
2023-01-27T18:37:48,5,35,0,40
2023-01-27T18:47:47,5,35,0,40
2023-01-27T18:57:47,5,35,0,40
2023-01-27T19:07:47,5,35,0,40
2023-01-27T19:17:56,5,35,0,40
2023-01-27T19:27:56,5,35,0,40
2023-01-27T19:37:56,5,35,0,40
2023-01-27T19:47:57,5,35,0,40
2023-01-27T19:57:56,5,35,0,40
2023-01-27T20:07:57,5,35,0,40
2023-01-27T20:17:57,5,35,0,40
2023-01-27T20:27:56,5,35,0,40
2023-01-27T20:37:56,5,35,0,40
2023-01-27T20:47:56,5,35,0,40
2023-01-27T20:57:56,5,35,0,40
2023-01-27T21:07:56,5,35,0,40
2023-01-27T21:17:56,5,35,0,40
2023-01-27T21:27:56,5,35,0,40
2023-01-27T21:37:56,5,35,0,40
2023-01-27T21:47:56,5,35,0,40
2023-01-27T21:57:56,5,35,0,40
2023-01-27T22:07:56,5,35,0,40
2023-01-27T22:17:56,5,35,0,40
2023-01-27T22:27:56,5,35,0,40
2023-01-27T22:37:57,5,35,0,40
2023-01-27T22:47:57,5,35,0,40
2023-01-27T22:58:06,5,35,0,40
2023-01-27T23:08:07,5,35,0,40
2023-01-27T23:18:08,5,35,0,40
2023-01-27T23:28:09,5,35,0,40
2023-01-27T23:38:09,5,35,0,40
2023-01-27T23:48:10,5,35,0,40
2023-01-27T23:58:10,5,35,0,40
2023-01-28T00:08:11,5,35,0,40
2023-01-28T00:18:15,5,35,0,40
2023-01-28T00:28:18,5,35,0,40
2023-01-28T00:38:21,5,35,0,40
2023-01-28T00:48:24,5,35,0,40
2023-01-28T00:58:29,5,35,0,40
2023-01-28T01:08:34,5,35,0,40
2023-01-28T01:18:37,5,35,0,40
2023-01-28T01:28:37,5,35,0,40
2023-01-28T01:38:38,5,35,0,40
2023-01-28T01:48:37,5,35,0,40
2023-01-28T01:58:36,5,35,0,40
2023-01-28T02:08:36,5,35,0,40
2023-01-28T02:18:36,5,35,0,40
2023-01-28T02:28:35,5,35,0,40
2023-01-28T02:38:35,5,35,0,40
2023-01-28T02:48:35,5,35,0,40
2023-01-28T02:58:36,5,35,0,40
2023-01-28T03:08:36,5,35,0,40
2023-01-28T03:18:35,5,35,0,40
2023-01-28T03:28:34,5,35,0,40
2023-01-28T03:38:35,5,35,0,40
2023-01-28T03:48:38,5,35,0,40
2023-01-28T03:58:42,5,35,0,40
2023-01-28T04:13:09,5,35,0,40
2023-01-28T04:23:16,5,35,0,40
2023-01-28T04:33:20,5,35,0,40
2023-01-28T04:43:25,5,35,0,40
2023-01-28T04:55:16,5,35,0,40
2023-01-28T05:05:17,5,35,0,40
2023-01-28T05:15:19,5,35,0,40
2023-01-28T05:25:20,5,35,0,40
2023-01-28T05:35:20,5,35,0,40
2023-01-28T05:45:21,5,35,0,40
2023-01-28T05:55:24,5,35,0,40
2023-01-28T06:05:28,5,35,0,40
2023-01-28T06:15:32,5,35,0,40
2023-01-28T06:25:37,5,35,0,40
2023-01-28T06:35:39,5,35,0,40
2023-01-28T06:45:40,5,35,0,40
2023-01-28T06:55:43,5,35,0,40
2023-01-28T07:05:45,5,35,0,40
2023-01-28T07:15:50,5,35,0,40
2023-01-28T07:26:18,5,35,0,40
2023-01-28T07:36:23,5,35,0,40
2023-01-28T07:46:32,5,35,0,40
2023-01-28T07:56:37,5,35,0,40
2023-01-28T08:06:40,5,35,0,40
2023-01-28T08:16:46,5,35,0,40
2023-01-28T08:26:52,5,35,0,40
2023-01-28T08:36:56,5,35,0,40
2023-01-28T08:47:01,5,35,0,40
2023-01-28T08:57:07,5,35,0,40
2023-01-28T09:07:12,5,35,0,40
2023-01-28T09:17:17,5,35,0,40
2023-01-28T09:27:31,5,35,0,40
2023-01-28T09:37:35,5,35,0,40
2023-01-28T09:47:39,5,35,0,40
2023-01-28T09:57:42,5,35,0,40
2023-01-28T10:07:44,5,35,0,40
2023-01-28T10:17:45,5,35,0,40
2023-01-28T10:27:47,5,35,0,40
2023-01-28T10:37:49,5,35,0,40
2023-01-28T10:47:50,5,35,0,40
2023-01-28T10:57:53,5,35,0,40
2023-01-28T11:07:55,5,35,0,40
2023-01-28T11:17:57,5,35,0,40
2023-01-28T11:28:00,5,35,0,40
2023-01-28T11:38:02,5,35,0,40
2023-01-28T11:48:04,5,35,0,40
2023-01-28T11:58:04,5,35,0,40
2023-01-28T12:08:03,5,35,0,40
2023-01-28T12:18:03,5,35,0,40
2023-01-28T12:28:02,5,35,0,40
2023-01-28T12:38:03,5,35,0,40
2023-01-28T12:48:02,5,35,0,40
2023-01-28T12:58:02,5,35,0,40
2023-01-28T13:08:01,5,35,0,40
2023-01-28T13:18:02,5,35,0,40
2023-01-28T13:28:11,5,35,0,40
2023-01-28T13:38:11,5,35,0,40
2023-01-28T13:48:11,5,35,0,40
2023-01-28T13:58:11,5,35,0,40
2023-01-28T14:08:11,5,35,0,40
2023-01-28T14:18:12,5,35,0,40
2023-01-28T14:28:11,5,35,0,40
2023-01-28T14:38:11,5,35,0,40
2023-01-28T14:48:11,5,35,0,40
2023-01-28T14:58:10,5,35,0,40
2023-01-28T15:08:10,5,35,0,40
2023-01-28T15:18:10,5,35,0,40
2023-01-28T15:28:10,5,35,0,40
2023-01-28T15:38:10,5,35,0,40
2023-01-28T15:48:10,5,35,0,40
2023-01-28T15:58:10,5,35,0,40
2023-01-28T16:08:09,5,35,0,40
2023-01-28T16:18:08,5,35,0,40
2023-01-28T16:28:07,5,35,0,40
2023-01-28T16:38:07,5,35,0,40
2023-01-28T16:48:17,5,35,0,40
2023-01-28T16:58:16,5,35,0,40
2023-01-28T17:08:15,5,35,0,40
2023-01-28T17:18:15,5,35,0,40
2023-01-28T17:28:15,5,35,0,40
2023-01-28T17:38:15,5,35,0,40
2023-01-28T17:48:14,5,35,0,40
2023-01-28T17:58:14,5,35,0,40
2023-01-28T18:08:15,5,35,0,40
2023-01-28T18:18:17,5,35,0,40
2023-01-28T18:28:16,5,35,0,40
2023-01-28T18:38:15,5,35,0,40
2023-01-28T18:48:20,5,35,0,40
2023-01-28T18:58:23,5,35,0,40
2023-01-28T19:08:29,5,35,0,40
2023-01-28T19:18:35,5,35,0,40
2023-01-28T19:28:40,5,35,0,40
2023-01-28T19:38:45,5,35,0,40
2023-01-28T19:48:49,5,35,0,40
2023-01-28T19:59:05,5,35,0,40
2023-01-28T20:09:10,5,35,0,40
2023-01-28T20:19:12,5,35,0,40
2023-01-28T20:29:14,5,35,0,40
2023-01-28T20:39:14,5,35,0,40
2023-01-28T20:49:13,5,35,0,40
2023-01-28T20:59:12,5,35,0,40
2023-01-28T21:09:13,5,35,0,40
2023-01-28T21:19:13,5,35,0,40
2023-01-28T21:29:12,5,35,0,40
2023-01-28T21:39:13,5,35,0,40
2023-01-28T21:49:11,5,35,0,40
2023-01-28T21:59:10,5,35,0,40
2023-01-28T22:02:02,5,35,0,40
2023-01-28T22:12:02,5,35,0,40
2023-01-28T22:22:00,5,35,0,40
2023-01-28T22:31:59,5,35,0,40
2023-01-28T22:41:59,5,35,0,40
2023-01-28T22:51:57,5,35,0,40
2023-01-28T23:01:57,5,35,0,40
2023-01-28T23:11:57,5,35,0,40
2023-01-28T23:22:06,5,35,0,40
2023-01-28T23:32:05,5,35,0,40
2023-01-28T23:42:04,5,35,0,40
2023-01-28T23:52:03,5,35,0,40
2023-01-29T00:02:02,5,35,0,40
2023-01-29T00:12:03,5,35,0,40
2023-01-29T00:22:06,5,35,0,40
2023-01-29T00:32:07,5,35,0,40
2023-01-29T00:42:10,5,35,0,40
2023-01-29T00:52:11,5,35,0,40
2023-01-29T01:02:12,5,35,0,40
2023-01-29T01:12:12,5,35,0,40
2023-01-29T01:22:12,5,35,0,40
2023-01-29T01:32:11,5,35,0,40
2023-01-29T01:42:12,5,35,0,40
2023-01-29T01:52:13,5,35,0,40
2023-01-29T02:02:17,5,35,0,40
2023-01-29T02:12:20,5,35,0,40
2023-01-29T02:22:21,5,35,0,40
2023-01-29T02:32:22,5,35,0,40
2023-01-29T02:42:23,5,35,0,40
2023-01-29T02:52:23,5,35,0,40
2023-01-29T03:02:23,5,35,0,40
2023-01-29T03:12:23,5,35,0,40
2023-01-29T03:22:26,5,35,0,40
2023-01-29T03:32:27,5,35,0,40
2023-01-29T03:42:29,5,35,0,40
2023-01-29T03:52:32,5,35,0,40
2023-01-29T04:02:34,5,35,0,40
2023-01-29T04:12:38,5,35,0,40
2023-01-29T04:26:25,5,35,0,40
2023-01-29T04:36:29,5,35,0,40
2023-01-29T04:46:32,5,35,0,40
2023-01-29T04:58:00,5,35,0,40
2023-01-29T05:08:00,5,35,0,40
2023-01-29T05:17:59,5,35,0,40
2023-01-29T05:27:57,5,35,0,40
2023-01-29T05:37:56,5,35,0,40
2023-01-29T05:47:55,5,35,0,40
2023-01-29T05:57:56,5,35,0,40
2023-01-29T06:07:59,5,35,0,40
2023-01-29T06:18:02,5,35,0,40
2023-01-29T06:28:04,5,35,0,40
2023-01-29T06:38:04,5,35,0,40
2023-01-29T06:48:04,5,35,0,40
2023-01-29T06:58:04,5,35,0,40
2023-01-29T07:08:07,5,35,0,40
2023-01-29T07:18:07,5,35,0,40
2023-01-29T07:28:07,5,35,0,40
2023-01-29T07:38:09,5,35,0,40
2023-01-29T07:48:11,5,35,0,40
2023-01-29T07:58:11,5,35,0,40
2023-01-29T08:08:12,5,35,0,40
2023-01-29T08:18:12,5,35,0,40
2023-01-29T08:28:14,5,35,0,40
2023-01-29T08:38:15,5,35,0,40
2023-01-29T08:48:16,5,35,0,40
2023-01-29T08:58:17,5,35,0,40
2023-01-29T09:08:22,5,35,0,40
2023-01-29T09:18:23,5,35,0,40
2023-01-29T09:28:25,5,35,0,40
2023-01-29T09:38:25,5,35,0,40
2023-01-29T09:48:26,5,35,0,40
2023-01-29T09:58:26,5,35,0,40
2023-01-29T10:08:27,5,35,0,40
2023-01-29T10:18:27,5,35,0,40
2023-01-29T10:28:37,5,35,0,40
2023-01-29T10:38:37,5,35,0,40
2023-01-29T10:48:37,5,35,0,40
2023-01-29T10:58:37,5,35,0,40
2023-01-29T11:08:38,5,35,0,40
2023-01-29T11:18:38,5,35,0,40
2023-01-29T11:28:39,5,35,0,40
2023-01-29T11:38:39,5,35,0,40
2023-01-29T11:48:41,5,35,0,40
2023-01-29T11:58:42,5,35,0,40
2023-01-29T12:08:44,5,35,0,40
2023-01-29T12:18:44,5,35,0,40
2023-01-29T12:28:44,5,35,0,40
2023-01-29T12:38:45,5,35,0,40
2023-01-29T12:48:45,5,35,0,40
2023-01-29T12:58:46,5,35,0,40
2023-01-29T13:08:47,5,35,0,40
2023-01-29T13:18:48,5,35,0,40
2023-01-29T13:28:48,5,35,0,40
2023-01-29T13:38:59,5,35,0,40
2023-01-29T13:48:59,5,35,0,40
2023-01-29T13:59:01,5,35,0,40
2023-01-29T14:09:02,5,35,0,40
2023-01-29T14:19:03,5,35,0,40
2023-01-29T14:29:04,5,35,0,40
2023-01-29T14:39:06,5,35,0,40
2023-01-29T14:49:07,5,35,0,40
2023-01-29T14:59:07,5,35,0,40
2023-01-29T15:09:10,5,35,0,40
2023-01-29T15:19:11,5,35,0,40
2023-01-29T15:29:11,5,35,0,40
2023-01-29T15:39:12,5,35,0,40
2023-01-29T15:49:13,5,35,0,40
2023-01-29T15:59:13,5,35,0,40
2023-01-29T16:09:14,5,35,0,40
2023-01-29T16:19:14,5,35,0,40
2023-01-29T16:29:25,5,35,0,40
2023-01-29T16:39:26,5,35,0,40
2023-01-29T16:49:27,5,35,0,40
2023-01-29T16:59:27,5,35,0,40
2023-01-29T17:09:27,5,35,0,40
2023-01-29T17:19:28,5,35,0,40
2023-01-29T17:29:29,5,35,0,40
2023-01-29T17:40:06,5,35,0,40
2023-01-29T18:06:35,5,35,0,40
2023-01-29T18:17:15,5,35,0,40
2023-01-29T18:27:42,5,35,0,40
2023-01-29T18:37:43,5,35,0,40
2023-01-29T18:47:43,5,35,0,40
2023-01-29T18:57:44,5,35,0,40
2023-01-29T19:07:46,5,35,0,40
2023-01-29T19:17:48,5,35,0,40
2023-01-29T19:27:49,5,35,0,40
2023-01-29T19:37:50,5,35,0,40
2023-01-29T19:48:03,5,35,0,40
2023-01-29T19:58:04,5,35,0,40
2023-01-29T20:08:04,5,35,0,40
2023-01-29T20:18:03,5,35,0,40
2023-01-29T20:28:03,5,35,0,40
2023-01-29T20:38:02,5,35,0,40
2023-01-29T20:48:02,5,35,0,40
2023-01-29T20:58:01,5,35,0,40
2023-01-29T21:08:02,5,35,0,40
2023-01-29T21:18:01,5,35,0,40
2023-01-29T21:28:00,5,35,0,40
2023-01-29T21:38:01,5,35,0,40
2023-01-29T21:48:00,5,35,0,40
2023-01-29T21:57:59,5,35,0,40
2023-01-29T22:08:00,5,35,0,40
2023-01-29T22:17:59,5,35,0,40
2023-01-29T22:27:58,5,35,0,40
2023-01-29T22:38:07,5,35,0,40
2023-01-29T22:48:06,5,35,0,40
2023-01-29T22:58:06,5,35,0,40
2023-01-29T23:08:07,5,35,0,40
2023-01-29T23:18:07,5,35,0,40
2023-01-29T23:28:07,5,35,0,40
2023-01-29T23:38:07,5,35,0,40
2023-01-29T23:48:06,5,35,0,40
2023-01-29T23:58:05,5,35,0,40
2023-01-30T00:08:05,5,35,0,40
2023-01-30T00:18:13,5,35,0,40
2023-01-30T00:28:15,5,35,0,40
2023-01-30T00:38:15,5,35,0,40
2023-01-30T00:48:15,5,35,0,40
2023-01-30T00:58:17,5,35,0,40
2023-01-30T01:08:25,5,35,0,40
2023-01-30T01:18:28,5,35,0,40
2023-01-30T01:28:30,5,35,0,40
2023-01-30T01:38:31,5,35,0,40
2023-01-30T01:48:41,5,35,0,40
2023-01-30T01:58:43,5,35,0,40
2023-01-30T02:08:46,5,35,0,40
2023-01-30T02:18:48,5,35,0,40
2023-01-30T02:28:49,5,35,0,40
2023-01-30T02:38:49,5,35,0,40
2023-01-30T02:48:49,5,35,0,40
2023-01-30T02:58:48,5,35,0,40
2023-01-30T03:08:48,5,35,0,40
2023-01-30T03:18:49,5,35,0,40
2023-01-30T03:28:50,5,35,0,40
2023-01-30T03:38:52,5,35,0,40
2023-01-30T03:48:55,5,35,0,40
2023-01-30T03:58:57,5,35,0,40
2023-01-30T04:09:24,5,35,0,40
2023-01-30T04:17:52,5,35,0,40
2023-01-30T04:28:19,5,35,0,40
2023-01-30T04:38:23,5,35,0,40
2023-01-30T04:48:27,5,35,0,40
2023-01-30T04:58:28,5,35,0,40
2023-01-30T05:08:27,5,35,0,40
2023-01-30T05:18:26,5,35,0,40
2023-01-30T05:28:24,5,35,0,40
2023-01-30T05:38:23,5,35,0,40
2023-01-30T05:48:23,5,35,0,40
2023-01-30T05:58:25,5,35,0,40
2023-01-30T06:08:28,5,35,0,40
2023-01-30T06:18:29,5,35,0,40
2023-01-30T06:28:31,5,35,0,40
2023-01-30T06:38:32,5,35,0,40
2023-01-30T06:48:33,5,35,0,40
2023-01-30T06:58:33,5,35,0,40
2023-01-30T07:08:38,5,35,0,40
2023-01-30T07:18:40,5,35,0,40
2023-01-30T07:28:41,5,35,0,40
2023-01-30T07:38:44,5,35,0,40
2023-01-30T07:48:46,5,35,0,40
2023-01-30T07:58:48,5,35,0,40
2023-01-30T08:08:53,5,35,0,40
2023-01-30T08:18:56,5,35,0,40
2023-01-30T08:28:59,5,35,0,40
2023-01-30T08:39:03,5,35,0,40
2023-01-30T08:49:05,5,35,0,40
2023-01-30T08:59:08,5,35,0,40
2023-01-30T09:09:14,5,35,0,40
2023-01-30T09:19:17,5,35,0,40
2023-01-30T09:29:36,5,35,0,40
2023-01-30T09:39:38,5,35,0,40
2023-01-30T09:49:41,5,35,0,40
2023-01-30T09:59:44,5,35,0,40
2023-01-30T10:09:48,5,35,0,40
2023-01-30T10:19:50,5,35,0,40
2023-01-30T10:29:55,5,35,0,40
2023-01-30T10:39:58,5,35,0,40
2023-01-30T10:50:01,5,35,0,40
2023-01-30T11:00:05,5,35,0,40
2023-01-30T11:10:09,5,35,0,40
2023-01-30T11:20:12,5,35,0,40
2023-01-30T11:30:17,5,35,0,40
2023-01-30T11:40:20,5,35,0,40
2023-01-30T11:50:23,5,35,0,40
2023-01-30T12:00:40,5,35,0,40
2023-01-30T12:10:43,5,35,0,40
2023-01-30T12:20:45,5,35,0,40
2023-01-30T12:30:47,5,35,0,40
2023-01-30T12:40:49,5,35,0,40
2023-01-30T12:50:53,5,35,0,40
2023-01-30T13:00:55,5,35,0,40
2023-01-30T13:10:58,5,35,0,40
2023-01-30T13:21:01,5,35,0,40
2023-01-30T13:31:04,5,35,0,40
2023-01-30T13:41:07,5,35,0,40
2023-01-30T13:51:30,5,35,0,40
2023-01-30T14:01:34,5,35,0,40
2023-01-30T14:11:37,5,35,0,40
2023-01-30T14:21:41,5,35,0,40
2023-01-30T14:31:45,5,35,0,40
2023-01-30T14:41:50,5,35,0,40
2023-01-30T14:51:53,5,35,0,40
2023-01-30T15:01:58,5,35,0,40
2023-01-30T15:12:02,5,35,0,40
2023-01-30T15:22:16,5,35,0,40
2023-01-30T15:28:08,5,35,0,40
2023-01-30T15:38:14,5,35,0,40
2023-01-30T15:48:18,5,35,0,40
2023-01-30T15:58:22,5,35,0,40
2023-01-30T16:08:26,5,35,0,40
2023-01-30T16:18:31,5,35,0,40
2023-01-30T16:28:33,5,35,0,40
2023-01-30T16:38:35,5,35,0,40
2023-01-30T16:48:37,5,35,0,40
2023-01-30T16:58:49,5,35,0,40
2023-01-30T17:08:52,5,35,0,40
2023-01-30T17:18:54,5,35,0,40
2023-01-30T17:28:57,5,35,0,40
2023-01-30T17:38:59,5,35,0,40
2023-01-30T17:49:01,5,35,0,40
2023-01-30T17:59:03,5,35,0,40
2023-01-30T18:09:05,5,35,0,40
2023-01-30T18:19:07,5,35,0,40
2023-01-30T18:29:08,5,35,0,40
2023-01-30T18:39:09,5,35,0,40
2023-01-30T18:49:10,5,35,0,40
2023-01-30T18:59:13,5,35,0,40
2023-01-30T19:09:16,5,35,0,40
2023-01-30T19:19:17,5,35,0,40
2023-01-30T19:29:18,5,35,0,40
2023-01-30T19:39:20,5,35,0,40
2023-01-30T19:49:21,5,35,0,40
2023-01-30T19:59:33,5,35,0,40
2023-01-30T20:09:34,5,35,0,40
2023-01-31T05:28:13,5,35,0,40
2023-01-31T06:18:24,5,35,0,40
2023-01-31T06:24:15,5,35,0,40
2023-01-31T06:38:35,5,35,0,40
2023-01-31T07:26:47,5,35,0,40
2023-01-31T07:31:05,5,35,0,40
2023-01-31T07:33:56,5,35,0,40
2023-01-31T08:36:00,5,35,0,40
2023-01-31T08:58:29,5,35,0,40
2023-01-31T09:26:35,5,35,0,40
2023-01-31T09:58:47,5,35,0,40
2023-01-31T10:44:56,5,35,0,40
2023-01-31T11:15:52,5,35,0,40
2023-01-31T11:25:30,5,35,0,40
2023-01-31T11:35:06,5,35,0,40
2023-01-31T11:44:43,5,35,0,40
2023-01-31T11:54:21,5,35,0,40
2023-01-31T12:04:06,5,35,0,40
2023-01-31T12:13:42,5,35,0,40
2023-01-31T12:23:19,5,35,0,40
2023-01-31T12:32:57,5,35,0,40
2023-01-31T12:42:35,5,35,0,40
2023-01-31T12:52:11,5,35,0,40
2023-01-31T13:01:51,5,35,0,40
2023-01-31T13:11:29,5,35,0,40
2023-01-31T13:21:07,5,35,0,40
2023-01-31T13:30:43,5,35,0,40
2023-01-31T13:40:21,5,35,0,40
2023-01-31T13:49:56,5,35,0,40
2023-01-31T13:59:33,5,35,0,40
2023-01-31T14:09:10,5,35,0,40
2023-01-31T14:18:55,5,35,0,40
2023-01-31T14:28:31,5,35,0,40
2023-01-31T14:38:08,5,35,0,40
2023-01-31T14:47:43,5,35,0,40
2023-01-31T14:57:19,5,35,0,40
2023-01-31T15:06:55,5,35,0,40
2023-01-31T15:16:32,5,35,0,40
2023-01-31T15:26:06,5,35,0,40
2023-01-31T15:35:51,5,35,0,40
2023-01-31T15:45:26,5,35,0,40
2023-01-31T15:55:01,5,35,0,40
2023-01-31T16:04:37,5,35,0,40
2023-01-31T16:14:12,5,35,0,40
2023-01-31T16:23:46,5,35,0,40
2023-01-31T16:33:21,5,35,0,40
2023-01-31T16:42:54,5,35,0,40
2023-01-31T16:52:27,5,35,0,40
2023-01-31T17:02:01,5,35,0,40
2023-01-31T17:11:35,5,35,0,40
2023-01-31T17:21:08,5,35,0,40
2023-01-31T17:30:52,5,35,0,40
2023-01-31T17:40:25,5,35,0,40
2023-01-31T17:49:58,5,35,0,40
2023-01-31T17:59:31,5,35,0,40
2023-01-31T18:09:06,5,35,0,40
2023-01-31T18:18:40,5,35,0,40
2023-01-31T18:28:14,5,35,0,40
2023-01-31T18:37:48,5,35,0,40
2023-01-31T18:47:21,5,35,0,40
2023-01-31T18:56:54,5,35,0,40
2023-01-31T19:06:28,5,35,0,40
2023-01-31T19:16:01,5,35,0,40
2023-01-31T19:25:36,5,35,0,40
2023-01-31T19:35:09,5,35,0,40
2023-01-31T19:44:43,5,35,0,40
2023-01-31T19:54:16,5,35,0,40
2023-01-31T20:03:49,5,35,0,40
2023-01-31T20:13:31,5,35,0,40
2023-01-31T20:23:08,5,35,0,40
2023-01-31T20:32:41,5,35,0,40
2023-01-31T20:42:14,5,35,0,40
2023-01-31T20:51:47,5,35,0,40
2023-01-31T21:01:20,5,35,0,40
2023-01-31T21:10:53,5,35,0,40
2023-01-31T21:20:25,5,35,0,40
2023-01-31T21:29:58,5,35,0,40
2023-01-31T21:39:31,5,35,0,40
2023-01-31T21:49:03,5,35,0,40
2023-01-31T21:58:36,5,35,0,40
2023-01-31T22:08:09,5,35,0,40
2023-01-31T22:17:41,5,35,0,40
2023-01-31T22:27:14,5,35,0,40
2023-01-31T22:36:47,5,35,0,40
2023-01-31T22:46:22,5,35,0,40
2023-01-31T22:55:54,5,35,0,40
2023-01-31T23:05:28,5,35,0,40
2023-01-31T23:15:01,5,35,0,40
2023-01-31T23:24:43,5,35,0,40
2023-01-31T23:34:15,5,35,0,40
2023-01-31T23:43:48,5,35,0,40
2023-01-31T23:53:20,5,35,0,40
2023-02-01T00:02:53,5,35,0,40
2023-02-01T00:12:27,5,35,0,40
2023-02-01T00:22:03,5,35,0,40
2023-02-01T00:31:36,5,35,0,40
2023-02-01T00:41:11,5,35,0,40
2023-02-01T00:50:47,5,35,0,40
2023-02-01T01:00:20,5,35,0,40
2023-02-01T01:09:55,5,35,0,40
2023-02-01T01:19:29,5,35,0,40
2023-02-01T01:29:02,5,35,0,40
2023-02-01T01:38:35,5,35,0,40
2023-02-01T01:48:06,5,35,0,40
2023-02-01T01:57:39,5,35,0,40
2023-02-01T02:07:13,5,35,0,40
2023-02-01T02:16:48,5,35,0,40
2023-02-01T02:26:22,5,35,0,40
2023-02-01T02:35:55,5,35,0,40
2023-02-01T02:45:28,5,35,0,40
2023-02-01T02:55:00,5,35,0,40
2023-02-01T03:04:33,5,35,0,40
2023-02-01T03:14:07,5,35,0,40
2023-02-01T03:23:42,5,35,0,40
2023-02-01T03:33:18,5,35,0,40
2023-02-01T03:42:56,5,35,0,40
2023-02-01T03:52:31,5,35,0,40
2023-02-01T04:02:06,5,35,0,40
2023-02-01T04:11:42,5,35,0,40
2023-02-01T04:31:01,5,35,0,40
2023-02-01T04:40:58,5,35,0,40
2023-02-01T04:50:34,5,35,0,40
2023-02-01T05:00:09,5,35,0,40
2023-02-01T05:09:43,5,35,0,40
2023-02-01T05:19:16,5,35,0,40
2023-02-01T05:28:50,5,35,0,40
2023-02-01T05:38:24,5,35,0,40
2023-02-01T05:47:57,5,35,0,40
2023-02-01T05:58:57,5,35,0,40
2023-02-01T06:08:32,5,35,0,40
2023-02-01T06:18:08,5,35,0,40
2023-02-01T06:27:44,5,35,0,40
2023-02-01T06:37:17,5,35,0,40
2023-02-01T06:46:50,5,35,0,40
2023-02-01T06:56:23,5,35,0,40
2023-02-01T07:05:58,5,35,0,40
2023-02-01T07:15:34,5,35,0,40
2023-02-01T07:25:10,5,35,0,40
2023-02-01T07:34:46,5,35,0,40
2023-02-01T07:44:23,5,35,0,40
2023-02-01T07:53:59,5,35,0,40
2023-02-01T08:03:35,5,35,0,40
2023-02-01T08:13:15,5,35,0,40
2023-02-01T08:22:50,5,35,0,40
2023-02-01T08:32:26,5,35,0,40
2023-02-01T08:42:02,5,35,0,40
2023-02-01T08:51:37,5,35,0,40
2023-02-01T09:01:13,5,35,0,40
2023-02-01T09:10:48,5,35,0,40
2023-02-01T09:20:24,5,35,0,40
2023-02-01T09:30:00,5,35,0,40
2023-02-01T09:39:36,5,35,0,40
2023-02-01T09:49:12,5,35,0,40
2023-02-01T09:58:48,5,35,0,40
2023-02-01T10:08:24,5,35,0,40
2023-02-01T10:18:02,5,35,0,40
2023-02-01T10:27:38,5,35,0,40
2023-02-01T10:37:22,5,35,0,40
2023-02-01T10:46:58,5,35,0,40
2023-02-01T10:56:34,5,35,0,40
2023-02-01T11:06:10,5,35,0,40
2023-02-01T11:15:47,5,35,0,40
2023-02-01T11:25:24,5,35,0,40
2023-02-01T11:35:00,5,35,0,40
2023-02-01T11:44:37,5,35,0,40
2023-02-01T11:54:14,5,35,0,40
2023-02-01T12:03:50,5,35,0,40
2023-02-01T12:13:25,5,35,0,40
2023-02-01T12:23:01,5,35,0,40
2023-02-01T12:32:38,5,35,0,40
2023-02-01T12:42:14,5,35,0,40
2023-02-01T12:51:52,5,35,0,40
2023-02-01T13:01:30,5,35,0,40
2023-02-01T13:11:18,5,35,0,40
2023-02-01T13:20:57,5,35,0,40
2023-02-01T13:30:37,5,35,0,40
2023-02-01T13:40:17,5,35,0,40
2023-02-01T13:49:56,5,35,0,40
2023-02-01T13:59:34,5,35,0,40
2023-02-01T14:09:11,5,35,0,40
2023-02-01T14:18:49,5,35,0,40
2023-02-01T14:28:26,5,35,0,40
2023-02-01T14:38:04,5,35,0,40
2023-02-01T14:47:41,5,35,0,40
2023-02-01T14:57:30,5,35,0,40
2023-02-01T15:07:08,5,35,0,40
2023-02-01T15:16:47,5,35,0,40
2023-02-01T15:26:24,5,35,0,40
2023-02-01T15:36:01,5,35,0,40
2023-02-01T15:45:38,5,35,0,40
2023-02-01T15:55:14,5,35,0,40
2023-02-01T16:04:51,5,35,0,40
2023-02-01T16:14:28,5,35,0,40
2023-02-01T16:24:03,5,35,0,40
2023-02-01T16:33:40,5,35,0,40
2023-02-01T16:43:17,5,35,0,40
2023-02-01T16:52:52,5,35,0,40
2023-02-01T17:02:41,5,35,0,40
2023-02-01T17:12:18,5,35,0,40
2023-02-01T17:21:53,5,35,0,40
2023-02-01T17:31:29,5,35,0,40
2023-02-01T17:41:04,5,35,0,40
2023-02-01T17:50:40,5,35,0,40
2023-02-01T18:00:16,5,35,0,40
2023-02-01T18:09:51,5,35,0,40
2023-02-01T18:19:26,5,35,0,40
2023-02-01T18:29:01,5,35,0,40
2023-02-01T18:38:36,5,35,0,40
2023-02-01T18:48:11,5,35,0,40
2023-02-01T18:57:45,5,35,0,40
2023-02-01T19:07:22,5,35,0,40
2023-02-01T19:16:57,5,35,0,40
2023-02-01T19:26:33,5,35,0,40
2023-02-01T19:36:08,5,35,0,40
2023-02-01T19:45:43,5,35,0,40
2023-02-01T19:55:18,5,35,0,40
2023-02-01T20:05:01,5,35,0,40
2023-02-01T20:14:35,5,35,0,40
2023-02-01T20:24:07,5,35,0,40
2023-02-01T20:33:40,5,35,0,40
2023-02-01T20:43:13,5,35,0,40
2023-02-01T20:52:47,5,35,0,40
2023-02-01T21:02:20,5,35,0,40
2023-02-01T21:11:53,5,35,0,40
2023-02-01T21:21:27,5,35,0,40
2023-02-01T21:31:00,5,35,0,40
2023-02-01T21:40:34,5,35,0,40
2023-02-01T21:50:07,5,35,0,40
2023-02-01T21:59:41,5,35,0,40
2023-02-01T22:09:14,5,35,0,40
2023-02-01T22:18:48,5,35,0,40
2023-02-01T22:28:22,5,35,0,40
2023-02-01T22:37:57,5,35,0,40
2023-02-01T22:47:30,5,35,0,40
2023-02-01T22:57:04,5,35,0,40
2023-02-01T23:06:39,5,35,0,40
2023-02-01T23:16:13,5,35,0,40
2023-02-01T23:25:47,5,35,0,40
2023-02-01T23:35:22,5,35,0,40
2023-02-01T23:44:55,5,35,0,40
2023-02-01T23:54:28,5,35,0,40
2023-02-02T00:04:01,5,35,0,40
2023-02-02T00:13:49,5,35,0,40
2023-02-02T00:23:24,5,35,0,40
2023-02-02T00:32:58,5,35,0,40
2023-02-02T00:42:33,5,35,0,40
2023-02-02T00:52:10,5,35,0,40
2023-02-02T01:01:44,5,35,0,40
2023-02-02T01:11:18,5,35,0,40
2023-02-02T01:20:52,5,35,0,40
2023-02-02T01:30:24,5,35,0,40
2023-02-02T01:39:58,5,35,0,40
2023-02-02T01:49:30,5,35,0,40
2023-02-02T01:59:02,5,35,0,40
2023-02-02T02:08:36,5,35,0,40
2023-02-02T02:18:10,5,35,0,40
2023-02-02T02:27:41,5,35,0,40
2023-02-02T02:37:12,5,35,0,40
2023-02-02T02:46:45,5,35,0,40
2023-02-02T02:56:16,5,35,0,40
2023-02-02T03:05:47,5,35,0,40
2023-02-02T03:15:18,5,35,0,40
2023-02-02T03:24:50,5,35,0,40
2023-02-02T03:34:21,5,35,0,40
2023-02-02T03:43:52,5,35,0,40
2023-02-02T03:53:23,5,35,0,40
2023-02-02T04:02:54,5,35,0,40
2023-02-02T04:18:41,5,35,0,40
2023-02-02T04:28:20,5,35,0,40
2023-02-02T04:39:04,5,35,0,40
2023-02-02T04:48:57,5,35,0,40
2023-02-02T04:58:35,5,35,0,40
2023-02-02T05:08:10,5,35,0,40
2023-02-02T05:17:46,5,35,0,40
2023-02-02T05:27:21,5,35,0,40
2023-02-02T05:36:56,5,35,0,40
2023-02-02T05:46:31,5,35,0,40
2023-02-02T05:56:08,5,35,0,40
2023-02-02T06:05:46,5,35,0,40
2023-02-02T06:15:23,5,35,0,40
2023-02-02T06:25:00,5,35,0,40
2023-02-02T06:34:35,5,35,0,40
2023-02-02T06:44:11,5,35,0,40
2023-02-02T06:53:47,5,35,0,40
2023-02-02T07:03:24,5,35,0,40
2023-02-02T07:13:02,5,35,0,40
2023-02-02T07:22:39,5,35,0,40
2023-02-02T07:32:17,5,35,0,40
2023-02-02T07:41:56,5,35,0,40
2023-02-02T07:51:35,5,35,0,40
2023-02-02T08:01:13,5,35,0,40
2023-02-02T08:10:53,5,35,0,40
2023-02-02T08:20:35,5,35,0,40
2023-02-02T08:30:13,5,35,0,40
2023-02-02T08:40:04,5,35,0,40
2023-02-02T08:49:42,5,35,0,40
2023-02-02T08:59:20,5,35,0,40
2023-02-02T09:08:58,5,35,0,40
2023-02-02T09:18:36,5,35,0,40
2023-02-02T09:28:13,5,35,0,40
2023-02-02T09:37:52,5,35,0,40
2023-02-02T09:47:29,5,35,0,40
2023-02-02T09:57:06,5,35,0,40
2023-02-02T10:06:43,5,35,0,40
2023-02-02T10:16:20,5,35,0,40
2023-02-02T10:25:56,5,35,0,40
2023-02-02T10:35:33,5,35,0,40
2023-02-02T10:45:27,5,35,0,40
2023-02-02T10:55:03,5,35,0,40
2023-02-02T11:04:39,5,35,0,40
2023-02-02T11:14:16,5,35,0,40
2023-02-02T11:23:53,5,35,0,40
2023-02-02T11:33:30,5,35,0,40
2023-02-02T11:43:06,5,35,0,40
2023-02-02T11:52:44,5,35,0,40
2023-02-02T12:02:21,5,35,0,40
2023-02-02T12:11:57,5,35,0,40
2023-02-02T12:21:39,5,35,0,40
2023-02-02T12:31:16,5,35,0,40
2023-02-02T12:40:53,5,35,0,40
2023-02-02T12:50:30,5,35,0,40
2023-02-02T13:00:06,5,35,0,40
2023-02-02T13:09:42,5,35,0,40
2023-02-02T13:19:19,5,35,0,40
2023-02-02T13:29:02,5,35,0,40
2023-02-02T13:38:55,5,35,0,40
2023-02-02T13:48:39,5,35,0,40
2023-02-02T13:58:23,5,35,0,40
2023-02-02T14:08:06,5,35,0,40
2023-02-02T14:17:49,5,35,0,40
2023-02-02T14:27:33,5,35,0,40
2023-02-02T14:37:18,5,35,0,40
2023-02-02T14:47:00,5,35,0,40
2023-02-02T14:56:40,5,35,0,40
2023-02-02T15:06:20,5,35,0,40
2023-02-02T15:15:59,5,35,0,40
2023-02-02T15:25:46,5,35,0,40
2023-02-02T15:35:22,5,35,0,40
2023-02-02T15:44:59,5,35,0,40
2023-02-02T15:54:34,5,35,0,40
2023-02-02T16:04:10,5,35,0,40
2023-02-02T16:13:46,5,35,0,40
2023-02-02T16:23:22,5,35,0,40
2023-02-02T16:32:58,5,35,0,40
2023-02-02T16:42:34,5,35,0,40
2023-02-02T16:52:09,5,35,0,40
2023-02-02T17:01:45,5,35,0,40
2023-02-02T17:11:20,5,35,0,40
2023-02-02T17:20:56,5,35,0,40
2023-02-02T17:30:42,5,35,0,40
2023-02-02T17:40:17,5,35,0,40
2023-02-02T17:49:53,5,35,0,40
2023-02-02T17:59:28,5,35,0,40
2023-02-02T18:09:03,5,35,0,40
2023-02-02T18:18:38,5,35,0,40
2023-02-02T18:28:13,5,35,0,40
2023-02-02T18:37:47,5,35,0,40
2023-02-02T18:47:22,5,35,0,40
2023-02-02T18:56:56,5,35,0,40
2023-02-02T19:06:30,5,35,0,40
2023-02-02T19:16:04,5,35,0,40
2023-02-02T19:25:40,5,35,0,40
2023-02-02T19:35:15,5,35,0,40
2023-02-02T19:44:49,5,35,0,40
2023-02-02T19:54:24,5,35,0,40
2023-02-02T20:04:19,5,35,0,40
2023-02-02T20:13:53,5,35,0,40
2023-02-02T20:23:28,5,35,0,40
2023-02-02T20:33:02,5,35,0,40
2023-02-02T20:42:37,5,35,0,40
2023-02-02T20:52:12,5,35,0,40
2023-02-02T21:01:47,5,35,0,40
2023-02-02T21:11:22,5,35,0,40
2023-02-02T21:20:55,5,35,0,40
2023-02-02T21:30:30,5,35,0,40
2023-02-02T21:40:04,5,35,0,40
2023-02-02T21:49:38,5,35,0,40
2023-02-02T21:59:12,5,35,0,40
2023-02-02T22:08:46,5,35,0,40
2023-02-02T22:18:20,5,35,0,40
2023-02-02T22:27:54,5,35,0,40
2023-02-02T22:37:29,5,35,0,40
2023-02-02T22:47:03,5,35,0,40
2023-02-02T22:56:39,5,35,0,40
2023-02-02T23:06:28,5,35,0,40
2023-02-02T23:16:03,5,35,0,40
2023-02-02T23:25:38,5,35,0,40
2023-02-02T23:35:11,5,35,0,40
2023-02-02T23:44:46,5,35,0,40
2023-02-02T23:54:21,5,35,0,40
2023-02-03T00:03:57,5,35,0,40
2023-02-03T00:13:33,5,35,0,40
2023-02-03T00:23:11,5,35,0,40
2023-02-03T00:32:47,5,35,0,40
2023-02-03T00:42:25,5,35,0,40
2023-02-03T00:52:02,5,35,0,40
2023-02-03T01:01:39,5,35,0,40
2023-02-03T01:11:16,5,35,0,40
2023-02-03T01:20:53,5,35,0,40
2023-02-03T01:30:32,5,35,0,40
2023-02-03T01:40:09,5,35,0,40
2023-02-03T01:49:46,5,35,0,40
2023-02-03T01:59:21,5,35,0,40
2023-02-03T02:08:57,5,35,0,40
2023-02-03T02:18:34,5,35,0,40
2023-02-03T02:28:11,5,35,0,40
2023-02-03T02:37:47,5,35,0,40
2023-02-03T02:47:22,5,35,0,40
2023-02-03T02:56:57,5,35,0,40
2023-02-03T03:06:31,5,35,0,40
2023-02-03T03:16:05,5,35,0,40
2023-02-03T03:25:40,5,35,0,40
2023-02-03T03:35:17,5,35,0,40
2023-02-03T03:44:53,5,35,0,40
2023-02-03T03:54:30,5,35,0,40
2023-02-03T04:04:07,5,35,0,40
2023-02-03T04:20:15,5,35,0,40
2023-02-03T04:29:55,5,35,0,40
2023-02-03T04:40:41,5,35,0,40
2023-02-03T04:50:36,5,35,0,40
2023-02-03T05:00:12,5,35,0,40
2023-02-03T05:09:48,5,35,0,40
2023-02-03T05:19:23,5,35,0,40
2023-02-03T05:28:55,5,35,0,40
2023-02-03T05:38:27,5,35,0,40
2023-02-03T05:48:00,5,35,0,40
2023-02-03T05:57:34,5,35,0,40
2023-02-03T06:07:10,5,35,0,40
2023-02-03T06:16:46,5,35,0,40
2023-02-03T06:26:20,5,35,0,40
2023-02-03T06:35:55,5,35,0,40
2023-02-03T06:45:29,5,35,0,40
2023-02-03T06:55:02,5,35,0,40
2023-02-03T07:04:36,5,35,0,40
2023-02-03T07:14:10,5,35,0,40
2023-02-03T07:23:44,5,35,0,40
2023-02-03T07:33:23,5,35,0,40
2023-02-03T07:42:59,5,35,0,40
2023-02-03T07:52:34,5,35,0,40
2023-02-03T08:02:11,5,35,0,40
2023-02-03T08:11:48,5,35,0,40
2023-02-03T08:21:25,5,35,0,40
2023-02-03T08:31:02,5,35,0,40
2023-02-03T08:40:40,5,35,0,40
2023-02-03T08:50:17,5,35,0,40
2023-02-03T08:59:54,5,35,0,40
2023-02-03T09:09:31,5,35,0,40
2023-02-03T09:19:08,5,35,0,40
2023-02-03T09:28:44,5,35,0,40
2023-02-03T09:38:21,5,35,0,40
2023-02-03T09:48:23,5,35,0,40
2023-02-03T09:57:59,5,35,0,40
2023-02-03T10:07:34,5,35,0,40
2023-02-03T10:17:11,5,35,0,40
2023-02-03T10:26:47,5,35,0,40
2023-02-03T10:36:24,5,35,0,40
2023-02-03T10:46:00,5,35,0,40
2023-02-03T10:55:37,5,35,0,40
2023-02-03T11:05:13,5,35,0,40
2023-02-03T11:14:50,5,35,0,40
2023-02-03T11:24:26,5,35,0,40
2023-02-03T11:34:03,5,35,0,40
2023-02-03T11:43:48,5,35,0,40
2023-02-03T11:53:24,5,35,0,40
2023-02-03T12:03:00,5,35,0,40
2023-02-03T12:12:36,5,35,0,40
2023-02-03T12:22:11,5,35,0,40
2023-02-03T12:31:46,5,35,0,40
2023-02-03T12:41:22,5,35,0,40
2023-02-03T12:50:57,5,35,0,40
2023-02-03T13:00:33,5,35,0,40
2023-02-03T13:10:08,5,35,0,40
2023-02-03T13:19:43,5,35,0,40
2023-02-03T13:29:19,5,35,0,40
2023-02-03T13:38:54,5,35,0,40
2023-02-03T13:48:30,5,35,0,40
2023-02-03T13:58:06,5,35,0,40
2023-02-03T14:07:52,5,35,0,40
2023-02-03T14:17:29,5,35,0,40
2023-02-03T14:27:05,5,35,0,40
2023-02-03T14:36:41,5,35,0,40
2023-02-03T14:46:16,5,35,0,40
2023-02-03T14:55:52,5,35,0,40
2023-02-03T15:05:29,5,35,0,40
2023-02-03T15:15:05,5,35,0,40
2023-02-03T15:24:40,5,35,0,40
2023-02-03T15:34:15,5,35,0,40
2023-02-03T15:43:50,5,35,0,40
2023-02-03T15:53:26,5,35,0,40
2023-02-03T16:03:01,5,35,0,40
2023-02-03T16:12:36,5,35,0,40
2023-02-03T16:22:18,5,35,0,40
2023-02-03T16:31:53,5,35,0,40
2023-02-03T16:41:28,5,35,0,40
2023-02-03T16:51:03,5,35,0,40
2023-02-03T17:00:39,5,35,0,40
2023-02-03T17:10:15,5,35,0,40
2023-02-03T17:19:50,5,35,0,40
2023-02-03T17:29:25,5,35,0,40
2023-02-03T17:39:00,5,35,0,40
2023-02-03T17:48:35,5,35,0,40
2023-02-03T17:58:10,5,35,0,40
2023-02-03T18:07:46,5,35,0,40
2023-02-03T18:17:20,5,35,0,40
2023-02-03T18:26:54,5,35,0,40
2023-02-03T18:36:28,5,35,0,40
2023-02-03T18:46:02,5,35,0,40
2023-02-03T18:55:38,5,35,0,40
2023-02-03T19:05:13,5,35,0,40
2023-02-03T19:14:47,5,35,0,40
2023-02-03T19:24:21,5,35,0,40
2023-02-03T19:33:54,5,35,0,40
2023-02-03T19:43:28,5,35,0,40
2023-02-03T19:53:02,5,35,0,40
2023-02-03T20:02:44,5,35,0,40
2023-02-03T20:12:18,5,35,0,40
2023-02-03T20:21:52,5,35,0,40
2023-02-03T20:31:25,5,35,0,40
2023-02-03T20:40:59,5,35,0,40
2023-02-03T20:50:32,5,35,0,40
2023-02-03T21:00:05,5,35,0,40
2023-02-03T21:09:39,5,35,0,40
2023-02-03T21:19:14,5,35,0,40
2023-02-03T21:28:47,5,35,0,40
2023-02-03T21:38:21,5,35,0,40
2023-02-03T21:47:56,5,35,0,40
2023-02-03T21:57:30,5,35,0,40
2023-02-03T22:07:04,5,35,0,40
2023-02-03T22:16:38,5,35,0,40
2023-02-03T22:26:11,5,35,0,40
2023-02-03T22:35:45,5,35,0,40
2023-02-03T22:45:19,5,35,0,40
2023-02-03T22:54:53,5,35,0,40
2023-02-03T23:04:31,5,35,0,40
2023-02-03T23:14:07,5,35,0,40
2023-02-03T23:23:42,5,35,0,40
2023-02-03T23:33:16,5,35,0,40
2023-02-03T23:42:51,5,35,0,40
2023-02-03T23:52:25,5,35,0,40
2023-02-04T00:02:09,5,35,0,40
2023-02-04T00:11:45,5,35,0,40
2023-02-04T00:21:23,5,35,0,40
2023-02-04T00:30:59,5,35,0,40
2023-02-04T00:40:37,5,35,0,40
2023-02-04T00:50:15,5,35,0,40
2023-02-04T00:59:52,5,35,0,40
2023-02-04T01:09:29,5,35,0,40
2023-02-04T01:19:05,5,35,0,40
2023-02-04T01:28:41,5,35,0,40
2023-02-04T01:38:17,5,35,0,40
2023-02-04T01:47:51,5,35,0,40
2023-02-04T01:57:24,5,35,0,40
2023-02-04T02:06:58,5,35,0,40
2023-02-04T02:16:34,5,35,0,40
2023-02-04T02:26:09,5,35,0,40
2023-02-04T02:35:44,5,35,0,40
2023-02-04T02:45:18,5,35,0,40
2023-02-04T02:54:51,5,35,0,40
2023-02-04T03:04:24,5,35,0,40
2023-02-04T03:13:58,5,35,0,40
2023-02-04T03:23:31,5,35,0,40
2023-02-04T03:33:05,5,35,0,40
2023-02-04T03:42:41,5,35,0,40
2023-02-04T03:52:18,5,35,0,40
2023-02-04T04:01:54,5,35,0,40
2023-02-04T04:15:53,5,35,0,40
2023-02-04T04:25:32,5,35,0,40
2023-02-04T04:36:25,5,35,0,40
2023-02-04T04:46:19,5,35,0,40
2023-02-04T04:55:54,5,35,0,40
2023-02-04T05:05:28,5,35,0,40
2023-02-04T05:15:01,5,35,0,40
2023-02-04T05:24:34,5,35,0,40
2023-02-04T05:34:08,5,35,0,40
2023-02-04T05:43:42,5,35,0,40
2023-02-04T05:53:17,5,35,0,40
2023-02-04T06:02:55,5,35,0,40
2023-02-04T06:12:32,5,35,0,40
2023-02-04T06:22:10,5,35,0,40
2023-02-04T06:31:48,5,35,0,40
2023-02-04T06:41:55,5,35,0,40
2023-02-04T06:51:35,5,35,0,40
2023-02-04T07:01:15,5,35,0,40
2023-02-04T07:10:55,5,35,0,40
2023-02-04T07:20:35,5,35,0,40
2023-02-04T07:30:14,5,35,0,40
2023-02-04T07:39:53,5,35,0,40
2023-02-04T07:49:32,5,35,0,40
2023-02-04T07:59:11,5,35,0,40
2023-02-04T08:08:50,5,35,0,40
2023-02-04T08:18:29,5,35,0,40
2023-02-04T08:28:08,5,35,0,40
2023-02-04T08:37:47,5,35,0,40
2023-02-04T08:47:28,5,35,0,40
2023-02-04T08:57:05,5,35,0,40
2023-02-04T09:06:42,5,35,0,40
2023-02-04T09:16:19,5,35,0,40
2023-02-04T09:25:57,5,35,0,40
2023-02-04T09:35:35,5,35,0,40
2023-02-04T09:45:12,5,35,0,40
2023-02-04T09:54:49,5,35,0,40
2023-02-04T10:04:26,5,35,0,40
2023-02-04T10:14:04,5,35,0,40
2023-02-04T10:23:41,5,35,0,40
2023-02-04T10:33:18,5,35,0,40
2023-02-04T10:42:56,5,35,0,40
2023-02-04T10:52:33,5,35,0,40
2023-02-04T11:02:11,5,35,0,40
2023-02-04T11:11:46,5,35,0,40
2023-02-04T11:21:20,5,35,0,40
2023-02-04T11:30:54,5,35,0,40
2023-02-04T11:40:29,5,35,0,40
2023-02-04T11:50:05,5,35,0,40
2023-02-04T11:59:39,5,35,0,40
2023-02-04T12:09:12,5,35,0,40
2023-02-04T12:18:46,5,35,0,40
2023-02-04T12:28:20,5,35,0,40
2023-02-04T12:37:54,5,35,0,40
2023-02-04T12:47:27,5,35,0,40
2023-02-04T12:57:01,5,35,0,40
2023-02-04T13:06:35,5,35,0,40
2023-02-04T13:16:08,5,35,0,40
2023-02-04T13:25:41,5,35,0,40
2023-02-04T13:35:14,5,35,0,40
2023-02-04T13:44:48,5,35,0,40
2023-02-04T13:54:36,5,35,0,40
2023-02-04T14:04:11,5,35,0,40
2023-02-04T14:13:45,5,35,0,40
2023-02-04T14:23:19,5,35,0,40
2023-02-04T14:32:52,5,35,0,40
2023-02-04T14:42:26,5,35,0,40
2023-02-04T14:51:58,5,35,0,40
2023-02-04T15:01:30,5,35,0,40
2023-02-04T15:11:02,5,35,0,40
2023-02-04T15:20:34,5,35,0,40
2023-02-04T15:30:08,5,35,0,40
2023-02-04T15:39:40,5,35,0,40
2023-02-04T15:49:12,5,35,0,40
2023-02-04T15:58:45,5,35,0,40
2023-02-04T16:08:17,5,35,0,40
2023-02-04T16:17:49,5,35,0,40
2023-02-04T16:27:20,5,35,0,40
2023-02-04T16:36:52,5,35,0,40
2023-02-04T16:46:25,5,35,0,40
2023-02-04T16:55:57,5,35,0,40
2023-02-04T17:05:29,5,35,0,40
2023-02-04T17:15:01,5,35,0,40
2023-02-04T17:24:33,5,35,0,40
2023-02-04T17:34:05,5,35,0,40
2023-02-04T17:43:37,5,35,0,40
2023-02-04T17:53:09,5,35,0,40
2023-02-04T18:02:40,5,35,0,40
2023-02-04T18:12:13,5,35,0,40
2023-02-04T18:21:44,5,35,0,40
2023-02-04T18:31:19,5,35,0,40
2023-02-04T18:40:50,5,35,0,40
2023-02-04T18:50:22,5,35,0,40
2023-02-04T18:59:53,5,35,0,40
2023-02-04T19:09:26,5,35,0,40
2023-02-04T19:18:58,5,35,0,40
2023-02-04T19:28:30,5,35,0,40
2023-02-04T19:38:02,5,35,0,40
2023-02-04T19:47:34,5,35,0,40
2023-02-04T19:57:06,5,35,0,40
2023-02-04T20:06:37,5,35,0,40
2023-02-04T20:16:15,5,35,0,40
2023-02-04T20:25:47,5,35,0,40
2023-02-04T20:35:18,5,35,0,40
2023-02-04T20:44:50,5,35,0,40
2023-02-04T20:54:32,5,35,0,40
2023-02-04T21:04:03,5,35,0,40
2023-02-04T21:13:35,5,35,0,40
2023-02-04T21:23:06,5,35,0,40
2023-02-04T21:32:38,5,35,0,40
2023-02-04T21:38:18,5,35,0,40
2023-02-04T21:47:49,5,35,0,40
2023-02-04T21:57:21,5,35,0,40
2023-02-04T22:06:52,5,35,0,40
2023-02-04T22:16:24,5,35,0,40
2023-02-04T22:25:55,5,35,0,40
2023-02-04T22:35:27,5,35,0,40
2023-02-04T22:44:59,5,35,0,40
2023-02-04T22:54:30,5,35,0,40
2023-02-04T23:04:03,5,35,0,40
2023-02-04T23:13:35,5,35,0,40
2023-02-04T23:23:07,5,35,0,40
2023-02-04T23:32:40,5,35,0,40
2023-02-04T23:42:12,5,35,0,40
2023-02-04T23:51:43,5,35,0,40
2023-02-05T00:01:16,5,35,0,40
2023-02-05T00:10:48,5,35,0,40
2023-02-05T00:20:25,5,35,0,40
2023-02-05T00:29:57,5,35,0,40
2023-02-05T00:39:31,5,35,0,40
2023-02-05T00:49:03,5,35,0,40
2023-02-05T00:58:35,5,35,0,40
2023-02-05T01:08:11,5,35,0,40
2023-02-05T01:17:47,5,35,0,40
2023-02-05T01:27:23,5,35,0,40
2023-02-05T01:36:59,5,35,0,40
2023-02-05T01:46:35,5,35,0,40
2023-02-05T01:56:11,5,35,0,40
2023-02-05T02:05:46,5,35,0,40
2023-02-05T02:15:24,5,35,0,40
2023-02-05T02:24:59,5,35,0,40
2023-02-05T02:34:32,5,35,0,40
2023-02-05T02:44:05,5,35,0,40
2023-02-05T02:53:38,5,35,0,40
2023-02-05T03:03:11,5,35,0,40
2023-02-05T03:12:44,5,35,0,40
2023-02-05T03:22:18,5,35,0,40
2023-02-05T03:31:52,5,35,0,40
2023-02-05T03:41:27,5,35,0,40
2023-02-05T03:51:03,5,35,0,40
2023-02-05T04:00:38,5,35,0,40
2023-02-05T04:13:29,5,35,0,40
2023-02-05T04:23:08,5,35,0,40
2023-02-05T04:32:42,5,35,0,40
2023-02-05T04:42:17,5,35,0,40
2023-02-05T04:52:56,5,35,0,40
2023-02-05T05:02:45,5,35,0,40
2023-02-05T05:12:18,5,35,0,40
2023-02-05T05:21:50,5,35,0,40
2023-02-05T05:31:22,5,35,0,40
2023-02-05T05:40:54,5,35,0,40
2023-02-05T05:50:27,5,35,0,40
2023-02-05T06:00:03,5,35,0,40
2023-02-05T06:09:39,5,35,0,40
2023-02-05T06:19:15,5,35,0,40
2023-02-05T06:28:50,5,35,0,40
2023-02-05T06:38:23,5,35,0,40
2023-02-05T06:47:57,5,35,0,40
2023-02-05T06:57:30,5,35,0,40
2023-02-05T07:07:04,5,35,0,40
2023-02-05T07:16:38,5,35,0,40
2023-02-05T07:26:12,5,35,0,40
2023-02-05T07:35:48,5,35,0,40
2023-02-05T07:45:24,5,35,0,40
2023-02-05T07:54:58,5,35,0,40
2023-02-05T08:04:32,5,35,0,40
2023-02-05T08:14:07,5,35,0,40
2023-02-05T08:23:40,5,35,0,40
2023-02-05T08:33:15,5,35,0,40
2023-02-05T08:42:48,5,35,0,40
2023-02-05T08:52:21,5,35,0,40
2023-02-05T09:01:54,5,35,0,40
2023-02-05T09:11:27,5,35,0,40
2023-02-05T09:21:01,5,35,0,40
2023-02-05T09:30:36,5,35,0,40
2023-02-05T09:40:10,5,35,0,40
2023-02-05T09:49:44,5,35,0,40
2023-02-05T09:59:18,5,35,0,40
2023-02-05T10:08:52,5,35,0,40
2023-02-05T10:18:27,5,35,0,40
2023-02-05T10:28:00,5,35,0,40
2023-02-05T10:37:34,5,35,0,40
2023-02-05T10:47:07,5,35,0,40
2023-02-05T10:56:40,5,35,0,40
2023-02-05T11:06:13,5,35,0,40
2023-02-05T11:15:46,5,35,0,40
2023-02-05T11:25:22,5,35,0,40
2023-02-05T11:34:59,5,35,0,40
2023-02-05T11:44:33,5,35,0,40
2023-02-05T11:54:07,5,35,0,40
2023-02-05T12:03:40,5,35,0,40
2023-02-05T12:13:14,5,35,0,40
2023-02-05T12:22:47,5,35,0,40
2023-02-05T12:32:21,5,35,0,40
2023-02-05T12:41:54,5,35,0,40
2023-02-05T12:51:27,5,35,0,40
2023-02-05T13:01:01,5,35,0,40
2023-02-05T13:10:34,5,35,0,40
2023-02-05T13:20:08,5,35,0,40
2023-02-05T13:29:43,5,35,0,40
2023-02-05T13:39:16,5,35,0,40
2023-02-05T13:48:49,5,35,0,40
2023-02-05T13:58:22,5,35,0,40
2023-02-05T14:07:55,5,35,0,40
2023-02-05T14:17:30,5,35,0,40
2023-02-05T14:27:03,5,35,0,40
2023-02-05T14:36:37,5,35,0,40
2023-02-05T14:46:10,5,35,0,40
2023-02-05T14:55:44,5,35,0,40
2023-02-05T15:05:40,5,35,0,40
2023-02-05T15:15:14,5,35,0,40
2023-02-05T15:24:48,5,35,0,40
2023-02-05T15:34:22,5,35,0,40
2023-02-05T15:43:57,5,35,0,40
2023-02-05T15:53:30,5,35,0,40
2023-02-05T16:03:05,5,35,0,40
2023-02-05T16:12:40,5,35,0,40
2023-02-05T16:22:16,5,35,0,40
2023-02-05T16:31:51,5,35,0,40
2023-02-05T16:41:26,5,35,0,40
2023-02-05T16:51:00,5,35,0,40
2023-02-05T17:00:35,5,35,0,40
2023-02-05T17:10:09,5,35,0,40
2023-02-05T17:19:44,5,35,0,40
2023-02-05T17:29:18,5,35,0,40
2023-02-05T17:38:52,5,35,0,40
2023-02-05T17:48:25,5,35,0,40
2023-02-05T17:57:58,5,35,0,40
2023-02-05T18:07:33,5,35,0,40
2023-02-05T18:17:07,5,35,0,40
2023-02-05T18:26:41,5,35,0,40
2023-02-05T18:36:14,5,35,0,40
2023-02-05T18:45:48,5,35,0,40
2023-02-05T18:55:22,5,35,0,40
2023-02-05T19:04:57,5,35,0,40
2023-02-05T19:14:31,5,35,0,40
2023-02-05T19:24:06,5,35,0,40
2023-02-05T19:33:41,5,35,0,40
2023-02-05T19:43:25,5,35,0,40
2023-02-05T19:52:59,5,35,0,40
2023-02-05T20:02:32,5,35,0,40
2023-02-05T20:12:05,5,35,0,40
2023-02-05T20:21:39,5,35,0,40
2023-02-05T20:31:13,5,35,0,40
2023-02-05T20:40:46,5,35,0,40
2023-02-05T20:50:19,5,35,0,40
2023-02-05T20:59:53,5,35,0,40
2023-02-05T21:09:27,5,35,0,40
2023-02-05T21:19:00,5,35,0,40
2023-02-05T21:28:33,5,35,0,40
2023-02-05T21:38:06,5,35,0,40
2023-02-05T21:47:40,5,35,0,40
2023-02-05T21:57:14,5,35,0,40
2023-02-05T22:06:47,5,35,0,40
2023-02-05T22:16:21,5,35,0,40
2023-02-05T22:26:16,5,35,0,40
2023-02-05T22:35:50,5,35,0,40
2023-02-05T22:45:23,5,35,0,40
2023-02-05T22:54:57,5,35,0,40
2023-02-05T23:04:31,5,35,0,40
2023-02-05T23:14:05,5,35,0,40
2023-02-05T23:23:39,5,35,0,40
2023-02-05T23:33:13,5,35,0,40
2023-02-05T23:42:47,5,35,0,40
2023-02-05T23:52:21,5,35,0,40
2023-02-06T00:01:54,5,35,0,40
2023-02-06T00:11:30,5,35,0,40
2023-02-06T00:21:10,5,35,0,40
2023-02-06T00:30:46,5,35,0,40
2023-02-06T00:40:25,5,35,0,40
2023-02-06T00:50:10,5,35,0,40
2023-02-06T00:59:45,5,35,0,40
2023-02-06T01:09:27,5,35,0,40
2023-02-06T01:19:06,5,35,0,40
2023-02-06T01:28:43,5,35,0,40
2023-02-06T01:38:21,5,35,0,40
2023-02-06T01:47:57,5,35,0,40
2023-02-06T01:57:32,5,35,0,40
2023-02-06T02:07:08,5,35,0,40
2023-02-06T02:16:45,5,35,0,40
2023-02-06T02:26:20,5,35,0,40
2023-02-06T02:35:55,5,35,0,40
2023-02-06T02:45:29,5,35,0,40
2023-02-06T02:55:03,5,35,0,40
2023-02-06T03:04:36,5,35,0,40
2023-02-06T03:14:08,5,35,0,40
2023-02-06T03:23:39,5,35,0,40
2023-02-06T03:33:10,5,35,0,40
2023-02-06T03:42:44,5,35,0,40
2023-02-06T03:52:17,5,35,0,40
2023-02-06T04:01:51,5,35,0,40
2023-02-06T04:17:55,5,35,0,40
2023-02-06T04:27:31,5,35,0,40
2023-02-06T04:38:25,5,35,0,40
2023-02-06T04:48:19,5,35,0,40
2023-02-06T04:57:53,5,35,0,40
2023-02-06T05:07:26,5,35,0,40
2023-02-06T05:16:57,5,35,0,40
2023-02-06T05:26:28,5,35,0,40
2023-02-06T05:36:00,5,35,0,40
2023-02-06T05:45:32,5,35,0,40
2023-02-06T05:55:05,5,35,0,40
2023-02-06T06:04:38,5,35,0,40
2023-02-06T06:14:11,5,35,0,40
2023-02-06T06:23:43,5,35,0,40
2023-02-06T06:33:16,5,35,0,40
2023-02-06T06:42:49,5,35,0,40
2023-02-06T06:52:22,5,35,0,40
2023-02-06T07:01:57,5,35,0,40
2023-02-06T07:11:33,5,35,0,40
2023-02-06T07:21:12,5,35,0,40
2023-02-06T07:30:50,5,35,0,40
2023-02-06T07:40:28,5,35,0,40
2023-02-06T07:50:07,5,35,0,40
2023-02-06T07:59:45,5,35,0,40
2023-02-06T08:09:22,5,35,0,40
2023-02-06T08:18:59,5,35,0,40
2023-02-06T08:28:36,5,35,0,40
2023-02-06T08:38:11,5,35,0,40
2023-02-06T08:47:45,5,35,0,40
2023-02-06T08:57:20,5,35,0,40
2023-02-06T09:06:56,5,35,0,40
2023-02-06T09:16:35,5,35,0,40
2023-02-06T09:26:10,5,35,0,40
2023-02-06T09:35:54,5,35,0,40
2023-02-06T09:45:29,5,35,0,40
2023-02-06T09:55:04,5,35,0,40
2023-02-06T10:04:48,5,35,0,40
2023-02-06T10:14:24,5,35,0,40
2023-02-06T10:24:00,5,35,0,40
2023-02-06T10:33:35,5,35,0,40
2023-02-06T10:43:11,5,35,0,40
2023-02-06T10:52:47,5,35,0,40
2023-02-06T11:02:24,5,35,0,40
2023-02-06T11:12:01,5,35,0,40
2023-02-06T11:21:37,5,35,0,40
2023-02-06T11:31:21,5,35,0,40
2023-02-06T11:40:56,5,35,0,40
2023-02-06T11:50:32,5,35,0,40
2023-02-06T12:00:07,5,35,0,40
2023-02-06T12:09:43,5,35,0,40
2023-02-06T12:19:17,5,35,0,40
2023-02-06T12:28:53,5,35,0,40
2023-02-06T12:38:28,5,35,0,40
2023-02-06T12:48:03,5,35,0,40
2023-02-06T12:57:38,5,35,0,40
2023-02-06T13:07:14,5,35,0,40
2023-02-06T13:17:01,5,35,0,40
2023-02-06T13:26:37,5,35,0,40
2023-02-06T13:36:13,5,35,0,40
2023-02-06T13:45:51,5,35,0,40
2023-02-06T13:55:27,5,35,0,40
2023-02-06T14:05:04,5,35,0,40
2023-02-06T14:14:39,5,35,0,40
2023-02-06T14:24:15,5,35,0,40
2023-02-06T14:33:51,5,35,0,40
2023-02-06T14:43:27,5,35,0,40
2023-02-06T14:53:12,5,35,0,40
2023-02-06T15:02:48,5,35,0,40
2023-02-06T15:12:25,5,35,0,40
2023-02-06T15:22:01,5,35,0,40
2023-02-06T15:31:37,5,35,0,40
2023-02-06T15:41:13,5,35,0,40
2023-02-06T15:50:49,5,35,0,40
2023-02-06T16:00:24,5,35,0,40
2023-02-06T16:09:59,5,35,0,40
2023-02-06T16:19:35,5,35,0,40
2023-02-06T16:29:11,5,35,0,40
2023-02-06T16:38:45,5,35,0,40
2023-02-06T16:48:20,5,35,0,40
2023-02-06T16:57:55,5,35,0,40
2023-02-06T17:07:42,5,35,0,40
2023-02-06T17:17:17,5,35,0,40
2023-02-06T17:26:52,5,35,0,40
2023-02-06T17:36:26,5,35,0,40
2023-02-06T17:46:01,5,35,0,40
2023-02-06T17:55:36,5,35,0,40
2023-02-06T18:05:11,5,35,0,40
2023-02-06T18:14:45,5,35,0,40
2023-02-06T18:24:21,5,35,0,40
2023-02-06T18:33:56,5,35,0,40
2023-02-06T18:43:30,5,35,0,40
2023-02-06T18:53:13,5,35,0,40
2023-02-06T19:02:48,5,35,0,40
2023-02-06T19:12:22,5,35,0,40
2023-02-06T19:21:57,5,35,0,40
2023-02-06T19:31:31,5,35,0,40
2023-02-06T19:41:06,5,35,0,40
2023-02-06T19:50:40,5,35,0,40
2023-02-06T20:00:14,5,35,0,40
2023-02-06T20:09:48,5,35,0,40
2023-02-06T20:19:22,5,35,0,40
2023-02-06T20:28:56,5,35,0,40
2023-02-06T20:38:40,5,35,0,40
2023-02-06T20:48:15,5,35,0,40
2023-02-06T20:57:49,5,35,0,40
2023-02-06T21:07:23,5,35,0,40
2023-02-06T21:16:57,5,35,0,40
2023-02-06T21:26:31,5,35,0,40
2023-02-06T21:36:05,5,35,0,40
2023-02-06T21:45:40,5,35,0,40
2023-02-06T21:55:14,5,35,0,40
2023-02-06T22:05:01,5,35,0,40
2023-02-06T22:14:35,5,35,0,40
2023-02-06T22:24:10,5,35,0,40
2023-02-06T22:33:45,5,35,0,40
2023-02-06T22:43:20,5,35,0,40
2023-02-06T22:52:55,5,35,0,40
2023-02-06T23:02:31,5,35,0,40
