time,enrolled,available,waitlisted,total
2022-11-05T20:15:44,0,40,0,40
2022-11-05T20:25:01,0,40,0,40
2022-11-05T20:34:18,0,40,0,40
2022-11-05T20:43:45,0,40,0,40
2022-11-05T20:53:01,0,40,0,40
2022-11-05T21:02:17,0,40,0,40
2022-11-05T21:11:32,0,40,0,40
2022-11-05T21:20:47,0,40,0,40
2022-11-05T21:30:03,0,40,0,40
2022-11-05T21:39:19,0,40,0,40
2022-11-05T21:48:35,0,40,0,40
2022-11-05T21:57:50,0,40,0,40
2022-11-05T22:07:05,0,40,0,40
2022-11-05T22:16:21,0,40,0,40
2022-11-05T22:25:35,0,40,0,40
2022-11-05T22:34:52,0,40,0,40
2022-11-05T22:44:09,0,40,0,40
2022-11-05T22:53:25,0,40,0,40
2022-11-05T23:02:41,0,40,0,40
2022-11-05T23:11:57,0,40,0,40
2022-11-05T23:21:14,0,40,0,40
2022-11-05T23:30:33,0,40,0,40
2022-11-05T23:39:47,0,40,0,40
2022-11-05T23:49:04,0,40,0,40
2022-11-05T23:58:19,0,40,0,40
2022-11-06T00:07:45,0,40,0,40
2022-11-06T00:17:02,0,40,0,40
2022-11-06T00:26:17,0,40,0,40
2022-11-06T00:35:32,0,40,0,40
2022-11-06T00:44:48,0,40,0,40
2022-11-06T00:54:03,0,40,0,40
2022-11-06T01:03:19,0,40,0,40
2022-11-06T01:12:34,0,40,0,40
2022-11-06T01:21:50,0,40,0,40
2022-11-06T01:31:06,0,40,0,40
2022-11-06T01:40:22,0,40,0,40
2022-11-06T01:49:37,0,40,0,40
2022-11-06T01:58:53,0,40,0,40
2022-11-06T01:08:11,0,40,0,40
2022-11-06T01:17:26,0,40,0,40
2022-11-06T01:26:42,0,40,0,40
2022-11-06T01:35:58,0,40,0,40
2022-11-06T01:45:14,0,40,0,40
2022-11-06T01:54:32,0,40,0,40
2022-11-06T02:03:51,0,40,0,40
2022-11-06T02:13:09,0,40,0,40
2022-11-06T02:22:29,0,40,0,40
2022-11-06T02:31:49,0,40,0,40
2022-11-06T02:41:08,0,40,0,40
2022-11-06T02:50:27,0,40,0,40
2022-11-06T02:59:46,0,40,0,40
2022-11-06T03:09:05,0,40,0,40
2022-11-06T03:18:21,0,40,0,40
2022-11-06T03:27:38,0,40,0,40
2022-11-06T03:36:57,0,40,0,40
2022-11-06T03:46:17,0,40,0,40
2022-11-06T03:55:36,0,40,0,40
2022-11-06T04:04:55,0,40,0,40
2022-11-06T04:20:15,0,40,0,40
2022-11-06T04:29:34,0,40,0,40
2022-11-06T04:38:53,0,40,0,40
2022-11-06T04:49:21,0,40,0,40
2022-11-06T04:58:56,0,40,0,40
2022-11-06T05:08:13,0,40,0,40
2022-11-06T05:17:30,0,40,0,40
2022-11-06T05:26:47,0,40,0,40
2022-11-06T05:36:03,0,40,0,40
2022-11-06T05:45:18,0,40,0,40
2022-11-06T05:54:36,0,40,0,40
2022-11-06T06:03:54,0,40,0,40
2022-11-06T06:13:13,0,40,0,40
2022-11-06T06:22:32,0,40,0,40
2022-11-06T06:31:48,0,40,0,40
2022-11-06T06:41:04,0,40,0,40
2022-11-06T06:50:19,0,40,0,40
2022-11-06T06:59:36,0,40,0,40
2022-11-06T07:08:53,0,40,0,40
2022-11-06T07:18:10,0,40,0,40
2022-11-06T07:27:27,0,40,0,40
2022-11-06T07:36:46,0,40,0,40
2022-11-06T07:46:04,0,40,0,40
2022-11-06T07:55:22,0,40,0,40
2022-11-06T08:04:39,0,40,0,40
2022-11-06T08:13:55,0,40,0,40
2022-11-06T08:23:12,0,40,0,40
2022-11-06T08:32:30,0,40,0,40
2022-11-06T08:41:46,0,40,0,40
2022-11-06T08:51:02,0,40,0,40
2022-11-06T09:00:20,0,40,0,40
2022-11-06T09:09:35,0,40,0,40
2022-11-06T09:18:50,0,40,0,40
2022-11-06T09:28:04,0,40,0,40
2022-11-06T09:37:17,0,40,0,40
2022-11-06T09:46:31,0,40,0,40
2022-11-06T09:55:46,0,40,0,40
2022-11-06T10:04:58,0,40,0,40
2022-11-06T10:14:12,0,40,0,40
2022-11-06T10:23:26,0,40,0,40
2022-11-06T10:32:42,0,40,0,40
2022-11-06T10:41:57,0,40,0,40
2022-11-06T10:51:11,0,40,0,40
2022-11-06T11:00:27,0,40,0,40
2022-11-06T11:09:41,0,40,0,40
2022-11-06T11:18:57,0,40,0,40
2022-11-06T11:28:17,0,40,0,40
2022-11-06T11:37:37,0,40,0,40
2022-11-06T11:46:52,0,40,0,40
2022-11-06T11:56:06,0,40,0,40
2022-11-06T12:05:20,0,40,0,40
2022-11-06T12:14:36,0,40,0,40
2022-11-06T12:24:01,0,40,0,40
2022-11-06T12:33:14,0,40,0,40
2022-11-06T12:42:30,0,40,0,40
2022-11-06T12:51:44,0,40,0,40
2022-11-06T13:00:58,0,40,0,40
2022-11-06T13:10:13,0,40,0,40
2022-11-06T13:19:29,0,40,0,40
2022-11-06T13:28:44,0,40,0,40
2022-11-06T13:37:57,0,40,0,40
2022-11-06T13:47:11,0,40,0,40
2022-11-06T13:56:25,0,40,0,40
2022-11-06T14:05:40,0,40,0,40
2022-11-06T14:14:55,0,40,0,40
2022-11-06T14:24:18,0,40,0,40
2022-11-06T14:33:32,0,40,0,40
2022-11-06T14:42:48,0,40,0,40
2022-11-06T14:52:03,0,40,0,40
2022-11-06T15:01:17,0,40,0,40
2022-11-06T15:10:30,0,40,0,40
2022-11-06T15:19:44,0,40,0,40
2022-11-06T15:28:58,0,40,0,40
2022-11-06T15:38:11,0,40,0,40
2022-11-06T15:47:26,0,40,0,40
2022-11-06T15:56:38,0,40,0,40
2022-11-06T16:05:51,0,40,0,40
2022-11-06T16:15:14,0,40,0,40
2022-11-06T16:24:30,0,40,0,40
2022-11-06T16:33:46,0,40,0,40
2022-11-06T16:43:01,0,40,0,40
2022-11-06T16:52:17,0,40,0,40
2022-11-06T17:01:31,0,40,0,40
2022-11-06T17:10:46,0,40,0,40
2022-11-06T17:20:00,0,40,0,40
2022-11-06T17:29:16,0,40,0,40
2022-11-06T17:38:32,0,40,0,40
2022-11-06T17:47:56,0,40,0,40
2022-11-06T17:57:11,0,40,0,40
2022-11-06T18:06:26,0,40,0,40
2022-11-06T18:15:42,0,40,0,40
2022-11-06T18:24:57,0,40,0,40
2022-11-06T18:34:10,0,40,0,40
2022-11-06T18:43:24,0,40,0,40
2022-11-06T18:52:37,0,40,0,40
2022-11-06T19:01:53,0,40,0,40
2022-11-06T19:11:17,0,40,0,40
2022-11-06T19:20:31,0,40,0,40
2022-11-06T19:29:47,0,40,0,40
2022-11-06T19:39:00,0,40,0,40
2022-11-06T19:48:13,0,40,0,40
2022-11-06T19:57:27,0,40,0,40
2022-11-06T20:06:41,0,40,0,40
2022-11-06T20:15:56,0,40,0,40
2022-11-06T20:25:11,0,40,0,40
2022-11-06T20:34:24,0,40,0,40
2022-11-06T20:43:47,0,40,0,40
2022-11-06T20:53:01,0,40,0,40
2022-11-06T21:02:16,0,40,0,40
2022-11-06T21:11:30,0,40,0,40
2022-11-06T21:20:43,0,40,0,40
2022-11-06T21:29:56,0,40,0,40
2022-11-06T21:39:09,0,40,0,40
2022-11-06T21:48:25,0,40,0,40
2022-11-06T21:57:49,0,40,0,40
2022-11-06T22:07:04,0,40,0,40
2022-11-06T22:16:20,0,40,0,40
2022-11-06T22:25:34,0,40,0,40
2022-11-06T22:34:50,0,40,0,40
2022-11-06T22:44:04,0,40,0,40
2022-11-06T22:53:18,0,40,0,40
2022-11-06T23:02:34,0,40,0,40
2022-11-06T23:12:00,0,40,0,40
2022-11-06T23:21:15,0,40,0,40
2022-11-06T23:30:31,0,40,0,40
2022-11-06T23:39:47,0,40,0,40
2022-11-06T23:49:02,0,40,0,40
2022-11-06T23:58:17,0,40,0,40
2022-11-07T00:09:19,0,40,0,40
2022-11-07T00:18:40,0,40,0,40
2022-11-07T00:28:08,0,40,0,40
2022-11-07T00:37:25,0,40,0,40
2022-11-07T00:46:40,0,40,0,40
2022-11-07T00:55:54,0,40,0,40
2022-11-07T01:05:09,0,40,0,40
2022-11-07T01:14:30,0,40,0,40
2022-11-07T01:23:46,0,40,0,40
2022-11-07T01:33:01,0,40,0,40
2022-11-07T01:42:25,0,40,0,40
2022-11-07T01:51:40,0,40,0,40
2022-11-07T02:00:55,0,40,0,40
2022-11-07T02:10:09,0,40,0,40
2022-11-07T02:19:24,0,40,0,40
2022-11-07T02:28:39,0,40,0,40
2022-11-07T02:37:53,0,40,0,40
2022-11-07T02:47:07,0,40,0,40
2022-11-07T02:56:21,0,40,0,40
2022-11-07T03:05:36,0,40,0,40
2022-11-07T03:14:51,0,40,0,40
2022-11-07T03:24:06,0,40,0,40
2022-11-07T03:33:22,0,40,0,40
2022-11-07T03:42:37,0,40,0,40
2022-11-07T03:51:53,0,40,0,40
2022-11-07T04:01:11,0,40,0,40
2022-11-07T04:10:29,0,40,0,40
2022-11-07T04:27:49,0,40,0,40
2022-11-07T04:37:17,0,40,0,40
2022-11-07T04:46:35,0,40,0,40
2022-11-07T04:55:50,0,40,0,40
2022-11-07T05:05:05,0,40,0,40
2022-11-07T05:14:20,0,40,0,40
2022-11-07T05:23:34,0,40,0,40
2022-11-07T05:32:48,0,40,0,40
2022-11-07T05:42:02,0,40,0,40
2022-11-07T05:51:17,0,40,0,40
2022-11-07T06:00:33,0,40,0,40
2022-11-07T06:09:51,0,40,0,40
2022-11-07T06:19:07,0,40,0,40
2022-11-07T06:28:26,0,40,0,40
2022-11-07T06:37:43,0,40,0,40
2022-11-07T06:46:59,0,40,0,40
2022-11-07T06:56:15,0,40,0,40
2022-11-07T07:05:32,0,40,0,40
2022-11-07T07:14:49,0,40,0,40
2022-11-07T07:24:06,0,40,0,40
2022-11-07T07:33:23,0,40,0,40
2022-11-07T07:42:41,0,40,0,40
2022-11-07T07:51:58,0,40,0,40
2022-11-07T08:01:20,0,40,0,40
2022-11-07T08:10:39,0,40,0,40
2022-11-07T08:19:57,0,40,0,40
2022-11-07T08:29:16,0,40,0,40
2022-11-07T08:38:43,1,39,0,40
2022-11-07T08:48:01,1,39,0,40
2022-11-07T08:57:18,1,39,0,40
2022-11-07T09:06:37,1,39,0,40
2022-11-07T09:15:59,1,39,0,40
2022-11-07T09:25:18,1,39,0,40
2022-11-07T09:34:39,1,39,0,40
2022-11-07T09:44:14,1,39,0,40
2022-11-07T09:53:34,1,39,0,40
2022-11-07T10:02:53,1,39,0,40
2022-11-07T10:12:11,1,39,0,40
2022-11-07T10:21:30,1,39,0,40
2022-11-07T10:30:50,1,39,0,40
2022-11-07T10:40:23,1,39,0,40
2022-11-07T10:49:41,1,39,0,40
2022-11-07T10:59:01,1,39,0,40
2022-11-07T11:08:21,1,39,0,40
2022-11-07T11:17:43,1,39,0,40
2022-11-07T11:27:13,1,39,0,40
2022-11-07T11:36:34,1,39,0,40
2022-11-07T11:45:54,1,39,0,40
2022-11-07T11:55:11,1,39,0,40
2022-11-07T12:04:29,1,39,0,40
2022-11-07T12:13:59,1,39,0,40
2022-11-07T12:23:19,1,39,0,40
2022-11-07T12:32:39,1,39,0,40
2022-11-07T12:41:58,1,39,0,40
2022-11-07T12:51:28,1,39,0,40
2022-11-07T13:00:50,1,39,0,40
2022-11-07T13:10:09,1,39,0,40
2022-11-07T13:19:30,1,39,0,40
2022-11-07T13:29:01,1,39,0,40
2022-11-07T13:38:22,1,39,0,40
2022-11-07T13:47:44,1,39,0,40
2022-11-07T13:57:15,1,39,0,40
2022-11-07T14:06:35,1,39,0,40
2022-11-07T14:15:54,1,39,0,40
2022-11-07T14:25:15,1,39,0,40
2022-11-07T14:34:44,1,39,0,40
2022-11-07T14:44:04,1,39,0,40
2022-11-07T14:53:22,1,39,0,40
2022-11-07T15:02:41,1,39,0,40
2022-11-07T15:12:00,1,39,0,40
2022-11-07T15:21:31,1,39,0,40
2022-11-07T15:30:50,1,39,0,40
2022-11-07T15:40:08,1,39,0,40
2022-11-07T15:49:26,2,38,0,40
2022-11-07T15:58:55,2,38,0,40
2022-11-07T16:08:14,2,38,0,40
2022-11-07T16:17:31,2,38,0,40
2022-11-07T16:26:50,2,38,0,40
2022-11-07T16:36:18,2,38,0,40
2022-11-07T16:45:35,2,38,0,40
2022-11-07T16:54:54,2,38,0,40
2022-11-07T17:04:13,2,38,0,40
2022-11-07T17:13:36,2,38,0,40
2022-11-07T17:23:05,2,38,0,40
2022-11-07T17:32:23,2,38,0,40
2022-11-07T17:41:41,2,38,0,40
2022-11-07T17:50:58,2,38,0,40
2022-11-07T18:00:18,2,38,0,40
2022-11-07T18:09:47,2,38,0,40
2022-11-07T18:19:04,2,38,0,40
2022-11-07T18:28:22,2,38,0,40
2022-11-07T18:37:48,2,38,0,40
2022-11-07T18:47:05,2,38,0,40
2022-11-07T18:56:23,2,38,0,40
2022-11-07T19:05:40,2,38,0,40
2022-11-07T19:15:07,2,38,0,40
2022-11-07T19:24:25,2,38,0,40
2022-11-07T19:33:44,2,38,0,40
2022-11-07T19:43:03,2,38,0,40
2022-11-07T19:52:20,2,38,0,40
2022-11-07T20:01:38,2,38,0,40
2022-11-07T20:11:07,2,38,0,40
2022-11-07T20:20:24,2,38,0,40
2022-11-07T20:29:42,2,38,0,40
2022-11-07T20:38:59,2,38,0,40
2022-11-07T20:48:17,2,38,0,40
2022-11-07T20:57:45,2,38,0,40
2022-11-07T21:07:03,2,38,0,40
2022-11-07T21:16:19,2,38,0,40
2022-11-07T21:25:37,2,38,0,40
2022-11-07T21:34:54,2,38,0,40
2022-11-07T21:44:09,2,38,0,40
2022-11-07T21:53:25,2,38,0,40
2022-11-07T22:02:52,2,38,0,40
2022-11-07T22:12:09,1,39,0,40
2022-11-07T22:21:26,1,39,0,40
2022-11-07T22:30:42,1,39,0,40
2022-11-07T22:39:58,1,39,0,40
2022-11-07T22:49:13,1,39,0,40
2022-11-07T22:58:41,1,39,0,40
2022-11-07T23:07:57,1,39,0,40
2022-11-07T23:17:13,1,39,0,40
2022-11-07T23:26:29,1,39,0,40
2022-11-07T23:35:44,1,39,0,40
2022-11-07T23:45:00,1,39,0,40
2022-11-07T23:54:16,1,39,0,40
2022-11-08T00:03:32,1,39,0,40
2022-11-08T00:13:03,1,39,0,40
2022-11-08T00:22:22,1,39,0,40
2022-11-08T00:31:38,1,39,0,40
2022-11-08T00:40:55,1,39,0,40
2022-11-08T00:50:13,1,39,0,40
2022-11-08T00:59:30,1,39,0,40
2022-11-08T01:08:49,2,38,0,40
2022-11-08T01:18:06,2,38,0,40
2022-11-08T01:27:24,2,38,0,40
2022-11-08T01:36:42,2,38,0,40
2022-11-08T01:46:10,2,38,0,40
2022-11-08T01:55:28,2,38,0,40
2022-11-08T02:04:45,2,38,0,40
2022-11-08T02:14:01,2,38,0,40
2022-11-08T02:23:17,2,38,0,40
2022-11-08T02:32:33,2,38,0,40
2022-11-08T02:41:52,2,38,0,40
2022-11-08T02:51:10,2,38,0,40
2022-11-08T03:00:27,2,38,0,40
2022-11-08T03:09:44,2,38,0,40
2022-11-08T03:19:00,2,38,0,40
2022-11-08T03:28:15,2,38,0,40
2022-11-08T03:37:31,2,38,0,40
2022-11-08T03:46:58,2,38,0,40
2022-11-08T03:56:15,2,38,0,40
2022-11-08T04:07:36,2,38,0,40
2022-11-08T04:22:46,2,38,0,40
2022-11-08T04:32:29,2,38,0,40
2022-11-08T04:41:48,2,38,0,40
2022-11-08T04:51:06,2,38,0,40
2022-11-08T05:00:24,2,38,0,40
2022-11-08T05:09:41,2,38,0,40
2022-11-08T05:18:57,2,38,0,40
2022-11-08T05:28:14,2,38,0,40
2022-11-08T05:37:32,2,38,0,40
2022-11-08T05:46:49,2,38,0,40
2022-11-08T05:56:10,2,38,0,40
2022-11-08T06:05:28,2,38,0,40
2022-11-08T06:14:45,2,38,0,40
2022-11-08T06:24:01,2,38,0,40
2022-11-08T06:33:17,2,38,0,40
2022-11-08T06:42:35,2,38,0,40
2022-11-08T06:51:52,2,38,0,40
2022-11-08T07:01:19,2,38,0,40
2022-11-08T07:10:38,2,38,0,40
2022-11-08T07:19:56,2,38,0,40
2022-11-08T07:29:15,2,38,0,40
2022-11-08T07:38:34,2,38,0,40
2022-11-08T07:47:53,2,38,0,40
2022-11-08T07:57:12,2,38,0,40
2022-11-08T08:06:31,2,38,0,40
2022-11-08T08:15:50,2,38,0,40
2022-11-08T08:25:09,2,38,0,40
2022-11-08T08:34:27,2,38,0,40
2022-11-08T08:43:46,2,38,0,40
2022-11-08T08:53:05,2,38,0,40
2022-11-08T09:02:24,2,38,0,40
2022-11-08T09:57:15,2,38,0,40
2022-11-08T10:08:42,2,38,0,40
2022-11-08T10:15:56,2,38,0,40
2022-11-08T10:25:16,2,38,0,40
2022-11-08T10:34:26,2,38,0,40
2022-11-08T10:43:35,3,37,0,40
2022-11-08T10:52:45,3,37,0,40
2022-11-08T11:02:06,4,36,0,40
2022-11-08T11:11:16,4,36,0,40
2022-11-08T11:20:27,4,36,0,40
2022-11-08T11:29:38,4,36,0,40
2022-11-08T11:38:48,4,36,0,40
2022-11-08T11:48:10,4,36,0,40
2022-11-08T11:57:20,4,36,0,40
2022-11-08T12:06:29,4,36,0,40
2022-11-08T12:15:38,4,36,0,40
2022-11-08T12:24:58,4,36,0,40
2022-11-08T12:34:09,4,36,0,40
2022-11-08T12:43:20,4,36,0,40
2022-11-08T12:52:29,4,36,0,40
2022-11-08T13:01:51,5,35,0,40
2022-11-08T13:11:03,5,35,0,40
2022-11-08T13:20:15,5,35,0,40
2022-11-08T13:29:27,5,35,0,40
2022-11-08T13:38:49,5,35,0,40
2022-11-08T13:48:01,5,35,0,40
2022-11-08T13:57:14,5,35,0,40
2022-11-08T14:06:26,5,35,0,40
2022-11-08T14:15:53,5,35,0,40
2022-11-08T14:25:05,5,35,0,40
2022-11-08T14:34:16,5,35,0,40
2022-11-08T14:43:26,5,35,0,40
2022-11-08T14:52:36,5,35,0,40
2022-11-08T15:01:59,5,35,0,40
2022-11-08T15:11:10,5,35,0,40
2022-11-08T15:20:21,5,35,0,40
2022-11-08T15:29:31,5,35,0,40
2022-11-08T15:43:55,5,35,0,40
2022-11-08T15:53:07,5,35,0,40
2022-11-08T16:02:22,5,35,0,40
2022-11-08T16:11:50,5,35,0,40
2022-11-08T16:21:00,5,35,0,40
2022-11-08T16:30:10,5,35,0,40
2022-11-08T16:39:18,5,35,0,40
2022-11-08T16:48:26,5,35,0,40
2022-11-08T16:57:46,5,35,0,40
2022-11-08T17:06:56,5,35,0,40
2022-11-08T17:16:05,5,35,0,40
2022-11-08T17:25:14,5,35,0,40
2022-11-08T17:34:34,5,35,0,40
2022-11-08T17:43:42,5,35,0,40
2022-11-08T17:52:51,5,35,0,40
2022-11-08T18:02:03,5,35,0,40
2022-11-08T18:11:24,5,35,0,40
2022-11-08T18:20:34,5,35,0,40
2022-11-08T18:29:43,5,35,0,40
2022-11-08T18:38:53,5,35,0,40
2022-11-08T18:48:01,5,35,0,40
2022-11-08T18:57:20,5,35,0,40
2022-11-08T19:06:28,5,35,0,40
2022-11-08T19:15:35,5,35,0,40
2022-11-08T19:24:43,5,35,0,40
2022-11-08T19:33:51,5,35,0,40
2022-11-08T19:43:10,5,35,0,40
2022-11-08T19:52:17,5,35,0,40
2022-11-08T20:01:26,5,35,0,40
2022-11-08T20:10:36,6,34,0,40
2022-11-08T20:19:44,6,34,0,40
2022-11-08T20:28:53,6,34,0,40
2022-11-08T20:38:12,6,34,0,40
2022-11-08T20:47:18,6,34,0,40
2022-11-08T20:56:26,6,34,0,40
2022-11-08T21:05:34,6,34,0,40
2022-11-08T21:14:40,6,34,0,40
2022-11-08T21:23:47,6,34,0,40
2022-11-08T21:32:54,6,34,0,40
2022-11-08T21:42:11,6,34,0,40
2022-11-08T21:51:16,6,34,0,40
2022-11-08T22:00:22,6,34,0,40
2022-11-08T22:09:28,6,34,0,40
2022-11-08T22:18:35,6,34,0,40
2022-11-08T22:27:41,6,34,0,40
2022-11-08T22:36:57,6,34,0,40
2022-11-08T22:46:03,6,34,0,40
2022-11-08T22:55:09,6,34,0,40
2022-11-08T23:04:15,6,34,0,40
2022-11-08T23:13:21,6,34,0,40
2022-11-08T23:22:27,6,34,0,40
2022-11-08T23:31:33,6,34,0,40
2022-11-08T23:40:52,6,34,0,40
2022-11-08T23:49:57,6,34,0,40
2022-11-08T23:59:03,6,34,0,40
2022-11-09T00:08:11,6,34,0,40
2022-11-09T00:17:18,6,34,0,40
2022-11-09T00:26:25,6,34,0,40
2022-11-09T00:35:44,6,34,0,40
2022-11-09T00:44:52,6,34,0,40
2022-11-09T00:54:00,6,34,0,40
2022-11-09T01:03:07,6,34,0,40
2022-11-09T01:12:14,6,34,0,40
2022-11-09T01:21:22,6,34,0,40
2022-11-09T01:30:30,6,34,0,40
2022-11-09T01:39:38,6,34,0,40
2022-11-09T01:48:45,6,34,0,40
2022-11-09T01:57:52,6,34,0,40
2022-11-09T02:06:59,6,34,0,40
2022-11-09T02:16:11,6,34,0,40
2022-11-09T02:25:19,6,34,0,40
2022-11-09T02:34:38,6,34,0,40
2022-11-09T02:43:44,6,34,0,40
2022-11-09T02:52:51,6,34,0,40
2022-11-09T03:01:57,6,34,0,40
2022-11-09T03:11:04,6,34,0,40
2022-11-09T03:20:10,6,34,0,40
2022-11-09T03:29:16,6,34,0,40
2022-11-09T03:38:24,6,34,0,40
2022-11-09T03:47:34,6,34,0,40
2022-11-09T03:56:43,6,34,0,40
2022-11-09T04:05:51,6,34,0,40
2022-11-09T04:26:07,6,34,0,40
2022-11-09T04:35:40,6,34,0,40
2022-11-09T04:44:49,6,34,0,40
2022-11-09T04:53:57,6,34,0,40
2022-11-09T05:03:03,6,34,0,40
2022-11-09T05:12:09,6,34,0,40
2022-11-09T05:21:14,6,34,0,40
2022-11-09T05:30:21,6,34,0,40
2022-11-09T05:39:29,6,34,0,40
2022-11-09T05:48:38,6,34,0,40
2022-11-09T05:57:47,6,34,0,40
2022-11-09T06:06:57,6,34,0,40
2022-11-09T06:16:06,6,34,0,40
2022-11-09T06:25:13,6,34,0,40
2022-11-09T06:34:20,6,34,0,40
2022-11-09T06:43:27,6,34,0,40
2022-11-09T06:52:34,6,34,0,40
2022-11-09T07:01:47,6,34,0,40
2022-11-09T07:10:54,6,34,0,40
2022-11-09T07:20:02,6,34,0,40
2022-11-09T07:29:10,6,34,0,40
2022-11-09T07:38:19,6,34,0,40
2022-11-09T07:47:28,6,34,0,40
2022-11-09T07:56:37,6,34,0,40
2022-11-09T08:05:46,6,34,0,40
2022-11-09T08:14:55,6,34,0,40
2022-11-09T08:24:05,6,34,0,40
2022-11-09T08:33:27,6,34,0,40
2022-11-09T08:42:37,6,34,0,40
2022-11-09T08:51:47,6,34,0,40
2022-11-09T09:00:57,6,34,0,40
2022-11-09T09:10:08,6,34,0,40
2022-11-09T09:19:19,6,34,0,40
2022-11-09T09:28:30,6,34,0,40
2022-11-09T09:37:52,6,34,0,40
2022-11-09T09:47:03,6,34,0,40
2022-11-09T09:56:16,6,34,0,40
2022-11-09T10:05:32,6,34,0,40
2022-11-09T10:14:45,6,34,0,40
2022-11-09T10:24:14,6,34,0,40
2022-11-09T10:33:28,6,34,0,40
2022-11-09T10:42:49,6,34,0,40
2022-11-09T10:52:03,6,34,0,40
2022-11-09T11:01:15,7,33,0,40
2022-11-09T11:10:36,7,33,0,40
2022-11-09T11:19:48,7,33,0,40
2022-11-09T11:29:01,7,33,0,40
2022-11-09T11:38:25,7,33,0,40
2022-11-09T11:47:39,7,33,0,40
2022-11-09T11:56:51,7,33,0,40
2022-11-09T12:06:06,7,33,0,40
2022-11-09T12:15:18,7,33,0,40
2022-11-09T12:24:40,7,33,0,40
2022-11-09T12:33:52,8,32,0,40
2022-11-09T12:43:04,8,32,0,40
2022-11-09T12:52:15,8,32,0,40
2022-11-09T13:01:37,8,32,0,40
2022-11-09T13:10:50,8,32,0,40
2022-11-09T13:20:02,9,31,0,40
2022-11-09T13:29:14,9,31,0,40
2022-11-09T13:38:41,9,31,0,40
2022-11-09T13:47:53,9,31,0,40
2022-11-09T13:57:06,9,31,0,40
2022-11-09T14:06:21,9,31,0,40
2022-11-09T14:15:49,9,31,0,40
2022-11-09T14:25:02,9,31,0,40
2022-11-09T14:34:15,9,31,0,40
2022-11-09T14:43:29,9,31,0,40
2022-11-09T14:52:53,9,31,0,40
2022-11-09T15:02:08,9,31,0,40
2022-11-09T15:11:22,9,31,0,40
2022-11-09T15:20:34,8,32,0,40
2022-11-09T15:29:57,8,32,0,40
2022-11-09T15:39:09,8,32,0,40
2022-11-09T15:48:22,8,32,0,40
2022-11-09T15:57:34,8,32,0,40
2022-11-09T16:07:02,8,32,0,40
2022-11-09T16:16:13,8,32,0,40
2022-11-09T16:25:25,9,31,0,40
2022-11-09T16:34:40,8,32,0,40
2022-11-09T16:44:03,9,31,0,40
2022-11-09T16:53:15,9,31,0,40
2022-11-09T17:02:28,9,31,0,40
2022-11-09T17:11:41,9,31,0,40
2022-11-09T17:21:05,9,31,0,40
2022-11-09T17:30:17,9,31,0,40
2022-11-09T17:39:27,9,31,0,40
2022-11-09T17:48:38,9,31,0,40
2022-11-09T17:57:50,9,31,0,40
2022-11-09T18:07:17,9,31,0,40
2022-11-09T18:16:28,9,31,0,40
2022-11-09T18:25:39,9,31,0,40
2022-11-09T18:34:49,9,31,0,40
2022-11-09T18:44:11,9,31,0,40
2022-11-09T18:53:20,9,31,0,40
2022-11-09T19:02:31,9,31,0,40
2022-11-09T19:11:42,9,31,0,40
2022-11-09T19:20:52,9,31,0,40
2022-11-09T19:30:03,9,31,0,40
2022-11-09T19:39:24,9,31,0,40
2022-11-09T19:48:33,10,30,0,40
2022-11-09T19:57:43,10,30,0,40
2022-11-09T20:06:52,10,30,0,40
2022-11-09T20:16:02,11,29,0,40
2022-11-09T20:25:11,11,29,0,40
2022-11-09T20:34:31,11,29,0,40
2022-11-09T20:43:42,11,29,0,40
2022-11-09T20:52:51,11,29,0,40
2022-11-09T21:02:00,12,28,0,40
2022-11-09T21:11:21,12,28,0,40
2022-11-09T21:20:30,12,28,0,40
2022-11-09T21:29:38,12,28,0,40
2022-11-09T21:38:47,12,28,0,40
2022-11-09T21:47:57,12,28,0,40
2022-11-09T21:57:05,12,28,0,40
2022-11-09T22:06:25,12,28,0,40
2022-11-09T22:15:35,12,28,0,40
2022-11-09T22:24:43,12,28,0,40
2022-11-09T22:33:52,12,28,0,40
2022-11-09T22:43:01,12,28,0,40
2022-11-09T22:52:08,12,28,0,40
2022-11-09T23:01:28,12,28,0,40
2022-11-09T23:10:37,12,28,0,40
2022-11-09T23:19:45,13,27,0,40
2022-11-09T23:28:53,13,27,0,40
2022-11-09T23:38:02,13,27,0,40
2022-11-09T23:47:10,13,27,0,40
2022-11-09T23:56:18,13,27,0,40
2022-11-10T00:05:39,13,27,0,40
2022-11-10T00:14:58,13,27,0,40
2022-11-10T00:24:08,13,27,0,40
2022-11-10T00:33:18,13,27,0,40
2022-11-10T00:42:29,13,27,0,40
2022-11-10T00:51:41,13,27,0,40
2022-11-10T01:00:51,13,27,0,40
2022-11-10T01:10:00,13,27,0,40
2022-11-10T01:19:22,13,27,0,40
2022-11-10T01:28:32,13,27,0,40
2022-11-10T01:37:41,13,27,0,40
2022-11-10T01:46:52,13,27,0,40
2022-11-10T01:56:00,13,27,0,40
2022-11-10T02:05:09,13,27,0,40
2022-11-10T02:14:17,13,27,0,40
2022-11-10T02:23:25,13,27,0,40
2022-11-10T02:32:35,13,27,0,40
2022-11-10T02:41:44,13,27,0,40
2022-11-10T02:50:52,13,27,0,40
2022-11-10T03:00:00,13,27,0,40
2022-11-10T03:09:08,13,27,0,40
2022-11-10T03:18:14,13,27,0,40
2022-11-10T03:27:21,13,27,0,40
2022-11-10T03:36:29,13,27,0,40
2022-11-10T03:45:37,13,27,0,40
2022-11-10T03:54:45,13,27,0,40
2022-11-10T04:03:53,13,27,0,40
2022-11-10T04:27:02,13,27,0,40
2022-11-10T04:36:35,13,27,0,40
2022-11-10T04:45:44,13,27,0,40
2022-11-10T04:54:56,13,27,0,40
2022-11-10T05:04:05,13,27,0,40
2022-11-10T05:13:12,13,27,0,40
2022-11-10T05:22:22,13,27,0,40
2022-11-10T05:31:30,13,27,0,40
2022-11-10T05:40:38,13,27,0,40
2022-11-10T05:49:46,13,27,0,40
2022-11-10T05:58:54,13,27,0,40
2022-11-10T06:08:02,13,27,0,40
2022-11-10T06:17:12,13,27,0,40
2022-11-10T06:26:20,13,27,0,40
2022-11-10T06:35:26,13,27,0,40
2022-11-10T06:44:33,13,27,0,40
2022-11-10T06:53:39,13,27,0,40
2022-11-10T07:02:50,13,27,0,40
2022-11-10T07:12:02,13,27,0,40
2022-11-10T07:21:10,13,27,0,40
2022-11-10T07:30:19,13,27,0,40
2022-11-10T07:39:27,13,27,0,40
2022-11-10T07:48:35,13,27,0,40
2022-11-10T07:57:43,13,27,0,40
2022-11-10T08:06:52,13,27,0,40
2022-11-10T08:16:00,13,27,0,40
2022-11-10T08:25:09,13,27,0,40
2022-11-10T08:34:17,13,27,0,40
2022-11-10T08:43:35,13,27,0,40
2022-11-10T08:52:43,13,27,0,40
2022-11-10T09:01:51,13,27,0,40
2022-11-10T09:11:01,13,27,0,40
2022-11-10T09:20:10,13,27,0,40
2022-11-10T09:29:21,13,27,0,40
2022-11-10T09:38:32,13,27,0,40
2022-11-10T09:47:43,13,27,0,40
2022-11-10T09:56:54,13,27,0,40
2022-11-10T10:06:16,14,26,0,40
2022-11-10T10:15:28,14,26,0,40
2022-11-10T10:24:39,14,26,0,40
2022-11-10T10:33:51,14,26,0,40
2022-11-10T10:43:13,14,26,0,40
2022-11-10T10:52:24,14,26,0,40
2022-11-10T11:01:39,15,25,0,40
2022-11-10T11:10:53,15,25,0,40
2022-11-10T11:20:05,15,25,0,40
2022-11-10T11:29:25,15,25,0,40
2022-11-10T11:38:38,15,25,0,40
2022-11-10T11:47:51,15,25,0,40
2022-11-10T11:57:03,15,25,0,40
2022-11-10T12:06:25,16,24,0,40
2022-11-10T12:15:37,16,24,0,40
2022-11-10T12:24:47,16,24,0,40
2022-11-10T12:33:59,16,24,0,40
2022-11-10T12:43:22,16,24,0,40
2022-11-10T12:52:33,16,24,0,40
2022-11-10T13:01:45,16,24,0,40
2022-11-10T13:11:09,16,24,0,40
2022-11-10T13:20:21,16,24,0,40
2022-11-10T13:29:32,16,24,0,40
2022-11-10T13:38:45,17,23,0,40
2022-11-10T13:48:08,17,23,0,40
2022-11-10T13:57:20,17,23,0,40
2022-11-10T14:06:36,17,23,0,40
2022-11-10T14:16:02,17,23,0,40
2022-11-10T14:25:16,17,23,0,40
2022-11-10T14:34:29,17,23,0,40
2022-11-10T14:43:52,17,23,0,40
2022-11-10T14:53:05,17,23,0,40
2022-11-10T15:02:17,17,23,0,40
2022-11-10T15:11:41,17,23,0,40
2022-11-10T15:20:52,17,23,0,40
2022-11-10T15:30:06,17,23,0,40
2022-11-10T15:39:19,17,23,0,40
2022-11-10T15:48:42,17,23,0,40
2022-11-10T15:57:53,17,23,0,40
2022-11-10T16:07:05,17,23,0,40
2022-11-10T16:16:27,17,23,0,40
2022-11-10T16:25:38,18,22,0,40
2022-11-10T16:34:51,18,22,0,40
2022-11-10T16:44:01,18,22,0,40
2022-11-10T16:53:23,18,22,0,40
2022-11-10T17:02:34,18,22,0,40
2022-11-10T17:11:44,18,22,0,40
2022-11-10T17:20:54,18,22,0,40
2022-11-10T17:30:18,18,22,0,40
2022-11-10T17:39:28,18,22,0,40
2022-11-10T17:48:38,18,22,0,40
2022-11-10T17:57:48,18,22,0,40
2022-11-10T18:07:01,18,22,0,40
2022-11-10T18:16:26,18,22,0,40
2022-11-10T18:25:39,18,22,0,40
2022-11-10T18:34:50,18,22,0,40
2022-11-10T18:44:01,18,22,0,40
2022-11-10T18:53:12,18,22,0,40
2022-11-10T19:02:34,18,22,0,40
2022-11-10T19:11:45,18,22,0,40
2022-11-10T19:20:56,18,22,0,40
2022-11-10T19:30:06,18,22,0,40
2022-11-10T19:39:17,18,22,0,40
2022-11-10T19:48:27,18,22,0,40
2022-11-10T19:57:51,18,22,0,40
2022-11-10T20:07:01,18,22,0,40
2022-11-10T20:16:11,18,22,0,40
2022-11-10T20:25:22,18,22,0,40
2022-11-10T20:34:48,18,22,0,40
2022-11-10T20:44:02,18,22,0,40
2022-11-10T20:53:17,18,22,0,40
2022-11-10T21:02:31,18,22,0,40
2022-11-10T21:11:45,18,22,0,40
2022-11-10T21:20:58,18,22,0,40
2022-11-10T21:30:22,18,22,0,40
2022-11-10T21:39:35,18,22,0,40
2022-11-10T21:48:49,18,22,0,40
2022-11-10T21:57:59,18,22,0,40
2022-11-10T22:07:09,18,22,0,40
2022-11-10T22:16:30,18,22,0,40
2022-11-10T22:25:37,18,22,0,40
2022-11-10T22:34:43,18,22,0,40
2022-11-10T22:43:48,18,22,0,40
2022-11-10T22:52:53,18,22,0,40
2022-11-10T23:02:00,18,22,0,40
2022-11-10T23:11:16,18,22,0,40
2022-11-10T23:20:22,18,22,0,40
2022-11-10T23:29:29,18,22,0,40
2022-11-10T23:38:34,18,22,0,40
2022-11-10T23:47:40,18,22,0,40
2022-11-10T23:56:45,18,22,0,40
2022-11-11T00:05:51,18,22,0,40
2022-11-11T00:15:02,18,22,0,40
2022-11-11T00:24:11,18,22,0,40
2022-11-11T00:33:29,18,22,0,40
2022-11-11T00:42:37,18,22,0,40
2022-11-11T00:51:46,18,22,0,40
2022-11-11T01:00:53,18,22,0,40
2022-11-11T01:10:01,18,22,0,40
2022-11-11T01:19:08,18,22,0,40
2022-11-11T01:28:15,18,22,0,40
2022-11-11T01:37:23,18,22,0,40
2022-11-11T01:46:30,18,22,0,40
2022-11-11T01:55:37,18,22,0,40
2022-11-11T02:04:43,18,22,0,40
2022-11-11T02:13:49,18,22,0,40
2022-11-11T02:22:53,18,22,0,40
2022-11-11T02:31:58,18,22,0,40
2022-11-11T02:41:03,18,22,0,40
2022-11-11T02:50:08,18,22,0,40
2022-11-11T02:59:12,18,22,0,40
2022-11-11T03:08:18,18,22,0,40
2022-11-11T03:17:23,18,22,0,40
2022-11-11T03:26:28,18,22,0,40
2022-11-11T03:35:33,18,22,0,40
2022-11-11T03:44:41,18,22,0,40
2022-11-11T03:53:48,18,22,0,40
2022-11-11T04:03:01,18,22,0,40
2022-11-11T04:23:09,18,22,0,40
2022-11-11T04:32:18,18,22,0,40
2022-11-11T04:41:27,18,22,0,40
2022-11-11T04:51:59,18,22,0,40
2022-11-11T05:01:27,18,22,0,40
2022-11-11T05:10:36,18,22,0,40
2022-11-11T05:20:29,18,22,0,40
2022-11-11T05:30:48,18,22,0,40
2022-11-11T05:40:53,18,22,0,40
2022-11-11T05:50:01,18,22,0,40
2022-11-11T05:59:10,18,22,0,40
2022-11-11T06:08:21,18,22,0,40
2022-11-11T06:17:31,18,22,0,40
2022-11-11T06:26:41,18,22,0,40
2022-11-11T06:35:50,18,22,0,40
2022-11-11T06:44:59,18,22,0,40
2022-11-11T06:54:08,18,22,0,40
2022-11-11T07:03:20,18,22,0,40
2022-11-11T07:12:29,18,22,0,40
2022-11-11T07:21:40,18,22,0,40
2022-11-11T07:30:51,18,22,0,40
2022-11-11T07:40:01,18,22,0,40
2022-11-11T07:49:14,18,22,0,40
2022-11-11T07:58:23,18,22,0,40
2022-11-11T08:07:32,18,22,0,40
2022-11-11T08:16:40,18,22,0,40
2022-11-11T08:25:50,18,22,0,40
2022-11-11T08:34:59,18,22,0,40
2022-11-11T08:44:07,18,22,0,40
2022-11-11T08:53:16,18,22,0,40
2022-11-11T09:02:24,18,22,0,40
2022-11-11T09:11:34,18,22,0,40
2022-11-11T09:21:00,18,22,0,40
2022-11-11T09:30:08,18,22,0,40
2022-11-11T09:44:17,18,22,0,40
2022-11-11T09:53:25,18,22,0,40
2022-11-11T10:02:34,18,22,0,40
2022-11-11T10:11:42,18,22,0,40
2022-11-11T10:20:51,18,22,0,40
2022-11-11T10:29:58,18,22,0,40
2022-11-11T10:39:07,18,22,0,40
2022-11-11T10:48:26,18,22,0,40
2022-11-11T10:57:34,18,22,0,40
2022-11-11T11:06:43,18,22,0,40
2022-11-11T11:15:52,18,22,0,40
2022-11-11T11:25:01,18,22,0,40
2022-11-11T11:34:28,18,22,0,40
2022-11-11T11:43:38,18,22,0,40
2022-11-11T11:52:46,18,22,0,40
2022-11-11T12:01:57,18,22,0,40
2022-11-11T12:11:07,18,22,0,40
2022-11-11T12:20:16,18,22,0,40
2022-11-11T12:29:26,18,22,0,40
2022-11-11T12:38:46,18,22,0,40
2022-11-11T12:47:53,18,22,0,40
2022-11-11T12:57:02,18,22,0,40
2022-11-11T13:06:13,18,22,0,40
2022-11-11T13:15:21,18,22,0,40
2022-11-11T13:24:31,18,22,0,40
2022-11-11T13:33:49,18,22,0,40
2022-11-11T13:42:58,18,22,0,40
2022-11-11T13:52:07,18,22,0,40
2022-11-11T14:01:15,18,22,0,40
2022-11-11T14:10:44,18,22,0,40
2022-11-11T14:19:51,18,22,0,40
2022-11-11T14:29:00,18,22,0,40
2022-11-11T14:38:09,18,22,0,40
2022-11-11T14:47:19,18,22,0,40
2022-11-11T14:56:28,18,22,0,40
2022-11-11T15:05:46,18,22,0,40
2022-11-11T15:14:57,18,22,0,40
2022-11-11T15:24:07,18,22,0,40
2022-11-11T15:33:15,18,22,0,40
2022-11-11T15:42:24,18,22,0,40
2022-11-11T15:51:50,18,22,0,40
2022-11-11T16:00:58,18,22,0,40
2022-11-11T16:10:06,18,22,0,40
2022-11-11T16:19:14,18,22,0,40
2022-11-11T16:28:23,18,22,0,40
2022-11-11T16:37:31,18,22,0,40
2022-11-11T16:46:40,18,22,0,40
2022-11-11T16:55:58,18,22,0,40
2022-11-11T17:05:06,18,22,0,40
2022-11-11T17:14:17,18,22,0,40
2022-11-11T17:23:27,18,22,0,40
2022-11-11T17:32:37,18,22,0,40
2022-11-11T17:41:45,18,22,0,40
2022-11-11T17:51:13,18,22,0,40
2022-11-11T18:00:23,18,22,0,40
2022-11-11T18:09:34,18,22,0,40
2022-11-11T18:18:46,18,22,0,40
2022-11-11T18:28:00,18,22,0,40
2022-11-11T18:37:13,18,22,0,40
2022-11-11T18:46:34,18,22,0,40
2022-11-11T18:55:44,18,22,0,40
2022-11-11T19:04:55,18,22,0,40
2022-11-11T19:14:05,18,22,0,40
2022-11-11T19:23:14,18,22,0,40
2022-11-11T19:32:23,18,22,0,40
2022-11-11T19:41:41,18,22,0,40
2022-11-11T19:50:50,18,22,0,40
2022-11-11T19:59:57,18,22,0,40
2022-11-11T20:09:04,18,22,0,40
2022-11-11T20:18:12,18,22,0,40
2022-11-11T20:27:20,19,21,0,40
2022-11-11T20:36:28,19,21,0,40
2022-11-11T20:45:57,19,21,0,40
2022-11-11T20:55:05,19,21,0,40
2022-11-11T21:04:13,19,21,0,40
2022-11-11T21:13:21,19,21,0,40
2022-11-11T21:22:29,19,21,0,40
2022-11-11T21:31:36,19,21,0,40
2022-11-11T21:40:42,19,21,0,40
2022-11-11T21:49:49,19,21,0,40
2022-11-11T21:58:55,19,21,0,40
2022-11-11T22:08:13,19,21,0,40
2022-11-11T22:17:21,19,21,0,40
2022-11-11T22:26:27,19,21,0,40
2022-11-11T22:35:35,19,21,0,40
2022-11-11T22:44:41,19,21,0,40
2022-11-11T22:53:49,19,21,0,40
2022-11-11T23:02:56,19,21,0,40
2022-11-11T23:12:03,20,20,0,40
2022-11-11T23:21:10,20,20,0,40
2022-11-11T23:30:18,20,20,0,40
2022-11-11T23:39:25,20,20,0,40
2022-11-11T23:48:51,21,19,0,40
2022-11-11T23:57:57,21,19,0,40
2022-11-12T00:07:05,21,19,0,40
2022-11-12T00:16:16,20,20,0,40
2022-11-12T00:25:25,20,20,0,40
2022-11-12T00:34:33,20,20,0,40
2022-11-12T00:43:41,20,20,0,40
2022-11-12T00:52:51,20,20,0,40
2022-11-12T01:01:59,20,20,0,40
2022-11-12T01:11:06,20,20,0,40
2022-11-12T01:20:14,20,20,0,40
2022-11-12T01:29:23,20,20,0,40
2022-11-12T01:38:31,20,20,0,40
2022-11-12T01:47:38,20,20,0,40
2022-11-12T01:56:46,20,20,0,40
2022-11-12T02:05:55,20,20,0,40
2022-11-12T02:15:05,20,20,0,40
2022-11-12T02:24:13,20,20,0,40
2022-11-12T02:33:21,20,20,0,40
2022-11-12T02:42:29,20,20,0,40
2022-11-12T02:51:36,20,20,0,40
2022-11-12T03:00:43,20,20,0,40
2022-11-12T03:09:51,20,20,0,40
2022-11-12T03:18:59,20,20,0,40
2022-11-12T03:28:07,20,20,0,40
2022-11-12T03:37:16,20,20,0,40
2022-11-12T03:46:26,20,20,0,40
2022-11-12T03:55:35,20,20,0,40
2022-11-12T04:04:44,20,20,0,40
2022-11-12T04:25:51,20,20,0,40
2022-11-12T04:35:24,20,20,0,40
2022-11-12T04:44:35,20,20,0,40
2022-11-12T04:53:44,20,20,0,40
2022-11-12T05:02:53,20,20,0,40
2022-11-12T05:12:00,20,20,0,40
2022-11-12T05:21:07,20,20,0,40
2022-11-12T05:30:14,20,20,0,40
2022-11-12T05:39:20,20,20,0,40
2022-11-12T05:48:28,20,20,0,40
2022-11-12T05:57:38,20,20,0,40
2022-11-12T06:06:49,20,20,0,40
2022-11-12T06:15:59,20,20,0,40
2022-11-12T06:25:09,20,20,0,40
2022-11-12T06:34:16,20,20,0,40
2022-11-12T06:43:25,20,20,0,40
2022-11-12T06:52:33,20,20,0,40
2022-11-12T07:01:43,20,20,0,40
2022-11-12T07:10:53,20,20,0,40
2022-11-12T07:20:01,20,20,0,40
2022-11-12T07:29:10,20,20,0,40
2022-11-12T07:38:19,20,20,0,40
2022-11-12T07:47:28,20,20,0,40
2022-11-12T07:56:38,20,20,0,40
2022-11-12T08:05:47,20,20,0,40
2022-11-12T08:14:56,20,20,0,40
2022-11-12T08:24:04,20,20,0,40
2022-11-12T08:33:13,20,20,0,40
2022-11-12T08:42:22,20,20,0,40
2022-11-12T08:51:34,20,20,0,40
2022-11-12T09:00:43,20,20,0,40
2022-11-12T09:09:51,20,20,0,40
2022-11-12T09:19:00,20,20,0,40
2022-11-12T09:28:07,20,20,0,40
2022-11-12T09:37:13,20,20,0,40
2022-11-12T09:46:20,20,20,0,40
2022-11-12T09:55:26,20,20,0,40
2022-11-12T10:04:31,20,20,0,40
2022-11-12T10:13:36,20,20,0,40
2022-11-12T10:22:41,20,20,0,40
2022-11-12T10:31:46,20,20,0,40
2022-11-12T10:40:51,20,20,0,40
2022-11-12T10:49:56,20,20,0,40
2022-11-12T10:59:02,20,20,0,40
2022-11-12T11:08:07,20,20,0,40
2022-11-12T11:17:12,20,20,0,40
2022-11-12T11:26:17,20,20,0,40
2022-11-12T11:35:23,20,20,0,40
2022-11-12T11:44:28,20,20,0,40
2022-11-12T11:53:34,20,20,0,40
2022-11-12T12:02:49,20,20,0,40
2022-11-12T12:11:54,20,20,0,40
2022-11-12T12:21:00,20,20,0,40
2022-11-12T12:30:06,20,20,0,40
2022-11-12T12:39:11,20,20,0,40
2022-11-12T12:48:17,20,20,0,40
2022-11-12T12:57:22,20,20,0,40
2022-11-12T13:06:27,20,20,0,40
2022-11-12T13:15:32,20,20,0,40
2022-11-12T13:24:37,20,20,0,40
2022-11-12T13:33:42,20,20,0,40
2022-11-12T13:42:47,20,20,0,40
2022-11-12T13:51:53,20,20,0,40
2022-11-12T14:00:58,20,20,0,40
2022-11-12T14:10:03,20,20,0,40
2022-11-12T14:19:08,20,20,0,40
2022-11-12T14:28:13,20,20,0,40
2022-11-12T14:37:30,20,20,0,40
2022-11-12T14:46:35,20,20,0,40
2022-11-12T14:55:40,20,20,0,40
2022-11-12T15:04:45,20,20,0,40
2022-11-12T15:13:50,20,20,0,40
2022-11-12T15:22:56,20,20,0,40
2022-11-12T15:32:01,20,20,0,40
2022-11-12T15:41:06,20,20,0,40
2022-11-12T15:50:11,20,20,0,40
2022-11-12T15:59:16,20,20,0,40
2022-11-12T16:08:22,20,20,0,40
2022-11-12T16:17:27,20,20,0,40
2022-11-12T16:26:33,20,20,0,40
2022-11-12T16:35:38,20,20,0,40
2022-11-12T16:44:43,20,20,0,40
2022-11-12T16:53:49,20,20,0,40
2022-11-12T17:03:04,20,20,0,40
2022-11-12T17:12:12,20,20,0,40
2022-11-12T17:21:17,20,20,0,40
2022-11-12T17:30:22,20,20,0,40
2022-11-12T17:39:28,20,20,0,40
2022-11-12T17:48:33,20,20,0,40
2022-11-12T17:57:39,20,20,0,40
2022-11-12T18:06:44,20,20,0,40
2022-11-12T18:15:49,20,20,0,40
2022-11-12T18:24:55,20,20,0,40
2022-11-12T18:35:05,20,20,0,40
2022-11-12T18:44:14,20,20,0,40
2022-11-12T18:53:21,20,20,0,40
2022-11-12T19:02:29,20,20,0,40
2022-11-12T19:11:35,20,20,0,40
2022-11-12T19:20:42,20,20,0,40
2022-11-12T19:29:48,20,20,0,40
2022-11-12T19:38:54,20,20,0,40
2022-11-12T19:48:10,20,20,0,40
2022-11-12T19:57:16,20,20,0,40
2022-11-12T20:06:21,20,20,0,40
2022-11-12T20:15:27,20,20,0,40
2022-11-12T20:24:32,20,20,0,40
2022-11-12T20:33:38,20,20,0,40
2022-11-12T20:42:42,20,20,0,40
2022-11-12T20:51:47,20,20,0,40
2022-11-12T21:00:53,20,20,0,40
2022-11-12T21:09:58,20,20,0,40
2022-11-12T21:19:05,20,20,0,40
2022-11-12T21:28:09,20,20,0,40
2022-11-12T21:37:15,20,20,0,40
2022-11-12T21:46:19,20,20,0,40
2022-11-12T21:55:24,20,20,0,40
2022-11-12T22:04:29,20,20,0,40
2022-11-12T22:13:35,20,20,0,40
2022-11-12T22:22:40,20,20,0,40
2022-11-12T22:31:45,20,20,0,40
2022-11-12T22:40:52,20,20,0,40
2022-11-12T22:50:07,20,20,0,40
2022-11-12T22:59:13,20,20,0,40
2022-11-12T23:08:18,20,20,0,40
2022-11-12T23:17:24,20,20,0,40
2022-11-12T23:26:30,20,20,0,40
2022-11-12T23:35:36,20,20,0,40
2022-11-12T23:44:41,20,20,0,40
2022-11-12T23:53:46,20,20,0,40
2022-11-13T00:02:52,20,20,0,40
2022-11-13T00:11:58,20,20,0,40
2022-11-13T00:21:06,20,20,0,40
2022-11-13T00:30:13,20,20,0,40
2022-11-13T00:39:20,20,20,0,40
2022-11-13T00:48:28,20,20,0,40
2022-11-13T00:57:34,20,20,0,40
2022-11-13T01:06:40,20,20,0,40
2022-11-13T01:15:45,20,20,0,40
2022-11-13T01:24:52,20,20,0,40
2022-11-13T01:34:09,20,20,0,40
2022-11-13T01:43:16,20,20,0,40
2022-11-13T01:52:21,20,20,0,40
2022-11-13T02:01:30,20,20,0,40
2022-11-13T02:10:39,20,20,0,40
2022-11-13T02:19:46,20,20,0,40
2022-11-13T02:28:53,20,20,0,40
2022-11-13T02:38:04,20,20,0,40
2022-11-13T02:47:10,20,20,0,40
2022-11-13T02:56:16,20,20,0,40
2022-11-13T03:05:22,20,20,0,40
2022-11-13T03:14:28,20,20,0,40
2022-11-13T03:23:35,20,20,0,40
2022-11-13T03:32:42,20,20,0,40
2022-11-13T03:41:50,20,20,0,40
2022-11-13T03:50:57,20,20,0,40
2022-11-13T04:00:06,20,20,0,40
2022-11-13T04:09:15,20,20,0,40
2022-11-13T04:28:05,20,20,0,40
2022-11-13T04:37:26,20,20,0,40
2022-11-13T04:46:35,20,20,0,40
2022-11-13T04:55:42,20,20,0,40
2022-11-13T05:04:49,20,20,0,40
2022-11-13T05:13:54,20,20,0,40
2022-11-13T05:22:58,20,20,0,40
2022-11-13T05:32:02,20,20,0,40
2022-11-13T05:41:08,20,20,0,40
2022-11-13T05:51:49,20,20,0,40
2022-11-13T06:00:58,20,20,0,40
2022-11-13T06:10:08,20,20,0,40
2022-11-13T06:19:16,20,20,0,40
2022-11-13T06:28:24,20,20,0,40
2022-11-13T06:37:31,20,20,0,40
2022-11-13T06:46:39,20,20,0,40
2022-11-13T06:55:45,20,20,0,40
2022-11-13T07:04:54,20,20,0,40
2022-11-13T07:14:01,20,20,0,40
2022-11-13T07:23:09,20,20,0,40
2022-11-13T07:32:17,20,20,0,40
2022-11-13T07:41:28,20,20,0,40
2022-11-13T07:50:37,20,20,0,40
2022-11-13T07:59:49,20,20,0,40
2022-11-13T08:09:03,20,20,0,40
2022-11-13T08:18:10,20,20,0,40
2022-11-13T08:27:18,20,20,0,40
2022-11-13T08:36:26,20,20,0,40
2022-11-13T08:45:33,20,20,0,40
2022-11-13T08:54:39,20,20,0,40
2022-11-13T09:03:45,20,20,0,40
2022-11-13T09:12:52,20,20,0,40
2022-11-13T10:15:58,20,20,0,40
2022-11-13T10:25:05,20,20,0,40
2022-11-13T10:34:12,20,20,0,40
2022-11-13T10:43:19,20,20,0,40
2022-11-13T10:52:28,20,20,0,40
2022-11-13T11:01:38,20,20,0,40
2022-11-13T11:10:46,20,20,0,40
2022-11-13T11:20:06,20,20,0,40
2022-11-13T11:29:14,20,20,0,40
2022-11-13T11:38:23,20,20,0,40
2022-11-13T11:47:34,20,20,0,40
2022-11-13T11:56:43,20,20,0,40
2022-11-13T12:05:54,20,20,0,40
2022-11-13T12:15:08,20,20,0,40
2022-11-13T12:24:17,20,20,0,40
2022-11-13T12:33:27,20,20,0,40
2022-11-13T12:42:34,20,20,0,40
2022-11-13T12:51:41,20,20,0,40
2022-11-13T13:00:50,20,20,0,40
2022-11-13T13:09:57,20,20,0,40
2022-11-13T13:19:06,20,20,0,40
2022-11-13T13:28:19,20,20,0,40
2022-11-13T13:37:28,20,20,0,40
2022-11-13T13:46:36,20,20,0,40
2022-11-13T13:55:45,20,20,0,40
2022-11-13T14:05:17,20,20,0,40
2022-11-13T14:14:24,20,20,0,40
2022-11-13T14:23:32,20,20,0,40
2022-11-13T14:32:44,20,20,0,40
2022-11-13T14:41:55,20,20,0,40
2022-11-13T14:51:02,20,20,0,40
2022-11-13T15:00:09,20,20,0,40
2022-11-13T15:09:16,20,20,0,40
2022-11-13T15:18:23,20,20,0,40
2022-11-13T15:27:30,20,20,0,40
2022-11-13T15:36:41,20,20,0,40
2022-11-13T15:45:48,20,20,0,40
2022-11-13T15:54:55,20,20,0,40
2022-11-13T16:04:02,20,20,0,40
2022-11-13T16:13:10,20,20,0,40
2022-11-13T16:22:18,20,20,0,40
2022-11-13T16:31:26,20,20,0,40
2022-11-13T16:40:50,20,20,0,40
2022-11-13T16:49:57,20,20,0,40
2022-11-13T16:59:05,20,20,0,40
2022-11-13T17:08:12,20,20,0,40
2022-11-13T17:17:20,20,20,0,40
2022-11-13T17:26:28,20,20,0,40
2022-11-13T17:35:35,20,20,0,40
2022-11-13T17:44:43,20,20,0,40
2022-11-13T17:53:51,20,20,0,40
2022-11-13T18:02:58,20,20,0,40
2022-11-13T18:12:05,20,20,0,40
2022-11-13T18:21:12,20,20,0,40
2022-11-13T18:30:19,20,20,0,40
2022-11-13T18:39:36,20,20,0,40
2022-11-13T18:48:43,20,20,0,40
2022-11-13T18:57:51,20,20,0,40
2022-11-13T19:06:59,20,20,0,40
2022-11-13T19:16:07,20,20,0,40
2022-11-13T19:25:15,20,20,0,40
2022-11-13T19:34:23,20,20,0,40
2022-11-13T19:43:31,20,20,0,40
2022-11-13T19:52:40,20,20,0,40
2022-11-13T20:01:48,20,20,0,40
2022-11-13T20:10:56,20,20,0,40
2022-11-13T20:20:04,20,20,0,40
2022-11-13T20:29:11,20,20,0,40
2022-11-13T20:38:29,20,20,0,40
2022-11-13T20:47:36,20,20,0,40
2022-11-13T20:56:43,20,20,0,40
2022-11-13T21:05:50,20,20,0,40
2022-11-13T21:14:57,20,20,0,40
2022-11-13T21:24:05,20,20,0,40
2022-11-13T21:33:12,20,20,0,40
2022-11-13T21:42:19,20,20,0,40
2022-11-13T21:51:26,20,20,0,40
2022-11-13T22:00:33,20,20,0,40
2022-11-13T22:09:40,20,20,0,40
2022-11-13T22:18:48,20,20,0,40
2022-11-13T22:28:04,20,20,0,40
2022-11-13T22:37:10,20,20,0,40
2022-11-13T22:46:17,20,20,0,40
2022-11-13T22:55:24,20,20,0,40
2022-11-13T23:04:32,20,20,0,40
2022-11-13T23:13:39,20,20,0,40
2022-11-13T23:22:47,20,20,0,40
2022-11-13T23:31:54,20,20,0,40
2022-11-13T23:41:01,20,20,0,40
2022-11-13T23:50:08,20,20,0,40
2022-11-13T23:59:15,20,20,0,40
2022-11-14T00:08:43,20,20,0,40
2022-11-14T00:17:57,20,20,0,40
2022-11-14T00:27:09,20,20,0,40
2022-11-14T00:36:33,20,20,0,40
2022-11-14T00:45:42,20,20,0,40
2022-11-14T00:54:51,20,20,0,40
2022-11-14T01:03:58,20,20,0,40
2022-11-14T01:13:11,20,20,0,40
2022-11-14T01:22:22,20,20,0,40
2022-11-14T01:31:32,20,20,0,40
2022-11-14T01:40:43,20,20,0,40
2022-11-14T01:49:52,20,20,0,40
2022-11-14T01:59:02,20,20,0,40
2022-11-14T02:08:12,20,20,0,40
2022-11-14T02:17:22,20,20,0,40
2022-11-14T02:26:33,20,20,0,40
2022-11-14T02:35:59,20,20,0,40
2022-11-14T02:45:08,20,20,0,40
2022-11-14T02:54:22,20,20,0,40
2022-11-14T03:03:36,20,20,0,40
2022-11-14T03:12:52,20,20,0,40
2022-11-14T03:22:08,20,20,0,40
2022-11-14T03:31:24,20,20,0,40
2022-11-14T03:40:41,20,20,0,40
2022-11-14T03:49:58,20,20,0,40
2022-11-14T03:59:14,20,20,0,40
2022-11-14T04:08:31,20,20,0,40
2022-11-14T04:29:56,20,20,0,40
2022-11-14T04:39:33,20,20,0,40
2022-11-14T04:48:45,20,20,0,40
2022-11-14T04:57:53,20,20,0,40
2022-11-14T05:07:01,20,20,0,40
2022-11-14T05:16:08,20,20,0,40
2022-11-14T05:25:15,20,20,0,40
2022-11-14T05:34:22,20,20,0,40
2022-11-14T05:43:30,20,20,0,40
2022-11-14T05:52:38,20,20,0,40
2022-11-14T06:01:49,20,20,0,40
2022-11-14T06:11:01,20,20,0,40
2022-11-14T06:20:12,20,20,0,40
2022-11-14T06:29:25,20,20,0,40
2022-11-14T06:38:35,20,20,0,40
2022-11-14T06:47:44,20,20,0,40
2022-11-14T06:56:53,20,20,0,40
2022-11-14T07:06:02,20,20,0,40
2022-11-14T07:15:12,20,20,0,40
2022-11-14T07:24:25,20,20,0,40
2022-11-14T07:33:36,20,20,0,40
2022-11-14T07:42:56,20,20,0,40
2022-11-14T07:52:07,20,20,0,40
2022-11-14T08:01:17,20,20,0,40
2022-11-14T08:10:29,20,20,0,40
2022-11-14T08:19:41,20,20,0,40
2022-11-14T08:28:53,20,20,0,40
2022-11-14T08:38:05,20,20,0,40
2022-11-14T08:47:17,20,20,0,40
2022-11-14T08:56:28,20,20,0,40
2022-11-14T09:05:39,20,20,0,40
2022-11-14T09:14:49,21,19,0,40
2022-11-14T09:24:05,21,19,0,40
2022-11-14T09:33:29,21,19,0,40
2022-11-14T09:42:41,22,18,0,40
2022-11-14T09:51:52,22,18,0,40
2022-11-14T10:01:03,22,18,0,40
2022-11-14T10:10:13,22,18,0,40
2022-11-14T10:19:22,22,18,0,40
2022-11-14T10:28:34,22,18,0,40
2022-11-14T10:37:44,22,18,0,40
2022-11-14T10:47:11,22,18,0,40
2022-11-14T10:56:22,22,18,0,40
2022-11-14T11:05:33,22,18,0,40
2022-11-14T11:14:45,22,18,0,40
2022-11-14T11:23:55,22,18,0,40
2022-11-14T11:33:16,22,18,0,40
2022-11-14T11:42:25,22,18,0,40
2022-11-14T11:51:35,22,18,0,40
2022-11-14T12:00:45,22,18,0,40
2022-11-14T12:09:55,22,18,0,40
2022-11-14T12:19:17,22,18,0,40
2022-11-14T12:28:27,23,17,0,40
2022-11-14T12:37:38,23,17,0,40
2022-11-14T12:46:48,23,17,0,40
2022-11-14T12:55:58,23,17,0,40
2022-11-14T13:05:09,23,17,0,40
2022-11-14T13:14:29,23,17,0,40
2022-11-14T13:23:40,23,17,0,40
2022-11-14T13:32:52,23,17,0,40
2022-11-14T13:42:04,23,17,0,40
2022-11-14T13:51:15,23,17,0,40
2022-11-14T14:00:26,23,17,0,40
2022-11-14T14:09:48,23,17,0,40
2022-11-14T14:18:59,23,17,0,40
2022-11-14T14:28:09,23,17,0,40
2022-11-14T14:37:21,23,17,0,40
2022-11-14T14:46:45,23,17,0,40
2022-11-14T14:55:54,23,17,0,40
2022-11-14T15:05:05,23,17,0,40
2022-11-14T15:14:15,23,17,0,40
2022-11-14T15:23:26,23,17,0,40
2022-11-14T15:32:36,23,17,0,40
2022-11-14T15:41:45,23,17,0,40
2022-11-14T15:51:07,23,17,0,40
2022-11-14T16:00:17,23,17,0,40
2022-11-14T16:09:27,23,17,0,40
2022-11-14T16:18:36,23,17,0,40
2022-11-14T16:27:46,23,17,0,40
2022-11-14T16:37:06,23,17,0,40
2022-11-14T16:46:15,23,17,0,40
2022-11-14T16:55:24,23,17,0,40
2022-11-14T17:04:34,23,17,0,40
2022-11-14T17:13:44,23,17,0,40
2022-11-14T17:23:03,23,17,0,40
2022-11-14T17:32:11,23,17,0,40
2022-11-14T17:41:20,23,17,0,40
2022-11-14T17:50:28,23,17,0,40
2022-11-14T17:59:36,24,16,0,40
2022-11-14T18:08:46,24,16,0,40
2022-11-14T18:18:05,24,16,0,40
2022-11-14T18:27:13,24,16,0,40
2022-11-14T18:36:22,24,16,0,40
2022-11-14T18:45:31,24,16,0,40
2022-11-14T18:54:39,24,16,0,40
2022-11-14T19:03:48,24,16,0,40
2022-11-14T19:12:56,24,16,0,40
2022-11-14T19:22:15,25,15,0,40
2022-11-14T19:31:23,25,15,0,40
2022-11-14T19:40:32,25,15,0,40
2022-11-14T19:49:40,25,15,0,40
2022-11-14T19:58:48,25,15,0,40
2022-11-14T20:07:56,26,14,0,40
2022-11-14T20:17:15,26,14,0,40
2022-11-14T20:26:23,26,14,0,40
2022-11-14T20:35:31,26,14,0,40
2022-11-14T20:44:38,26,14,0,40
2022-11-14T20:53:45,26,14,0,40
2022-11-14T21:02:53,26,14,0,40
2022-11-14T21:12:01,26,14,0,40
2022-11-14T21:21:08,26,14,0,40
2022-11-14T21:30:27,26,14,0,40
2022-11-14T21:39:35,26,14,0,40
2022-11-14T21:48:43,26,14,0,40
2022-11-14T21:57:50,26,14,0,40
2022-11-14T22:06:59,26,14,0,40
2022-11-14T22:16:07,26,14,0,40
2022-11-14T22:25:14,26,14,0,40
2022-11-14T22:34:21,26,14,0,40
2022-11-14T22:43:40,26,14,0,40
2022-11-14T22:52:47,26,14,0,40
2022-11-14T23:01:55,26,14,0,40
2022-11-14T23:11:03,26,14,0,40
2022-11-14T23:20:10,26,14,0,40
2022-11-14T23:29:17,26,14,0,40
2022-11-14T23:38:25,26,14,0,40
2022-11-14T23:47:32,26,14,0,40
2022-11-14T23:56:50,26,14,0,40
2022-11-15T00:05:58,26,14,0,40
2022-11-15T00:15:08,26,14,0,40
2022-11-15T00:24:21,26,14,0,40
2022-11-15T00:33:31,26,14,0,40
2022-11-15T00:42:40,26,14,0,40
2022-11-15T00:51:51,26,14,0,40
2022-11-15T01:01:00,26,14,0,40
2022-11-15T01:10:08,26,14,0,40
2022-11-15T01:19:17,26,14,0,40
2022-11-15T01:28:26,26,14,0,40
2022-11-15T01:37:36,26,14,0,40
2022-11-15T01:46:45,26,14,0,40
2022-11-15T01:55:53,26,14,0,40
2022-11-15T02:05:01,26,14,0,40
2022-11-15T02:14:19,26,14,0,40
2022-11-15T02:23:26,26,14,0,40
2022-11-15T02:32:33,26,14,0,40
2022-11-15T02:41:43,26,14,0,40
2022-11-15T02:50:53,26,14,0,40
2022-11-15T03:00:02,26,14,0,40
2022-11-15T03:09:12,26,14,0,40
2022-11-15T03:18:22,26,14,0,40
2022-11-15T03:27:30,26,14,0,40
2022-11-15T03:36:39,26,14,0,40
2022-11-15T03:45:48,26,14,0,40
2022-11-15T03:54:58,26,14,0,40
2022-11-15T04:04:07,26,14,0,40
2022-11-15T04:13:16,26,14,0,40
2022-11-15T04:31:24,26,14,0,40
2022-11-15T04:40:37,26,14,0,40
2022-11-15T04:49:48,26,14,0,40
2022-11-15T04:58:58,26,14,0,40
2022-11-15T05:08:08,26,14,0,40
2022-11-15T05:17:17,26,14,0,40
2022-11-15T05:26:25,26,14,0,40
2022-11-15T05:35:33,26,14,0,40
2022-11-15T05:44:41,26,14,0,40
2022-11-15T05:53:51,26,14,0,40
2022-11-15T06:03:03,26,14,0,40
2022-11-15T06:12:15,26,14,0,40
2022-11-15T06:21:25,26,14,0,40
2022-11-15T06:30:35,26,14,0,40
2022-11-15T06:39:43,26,14,0,40
2022-11-15T06:48:53,26,14,0,40
2022-11-15T06:58:03,26,14,0,40
2022-11-15T07:07:13,26,14,0,40
2022-11-15T07:16:24,26,14,0,40
2022-11-15T07:25:34,26,14,0,40
2022-11-15T07:34:48,26,14,0,40
2022-11-15T07:43:59,26,14,0,40
2022-11-15T07:53:10,26,14,0,40
2022-11-15T08:02:22,26,14,0,40
2022-11-15T08:11:44,26,14,0,40
2022-11-15T08:20:54,26,14,0,40
2022-11-15T08:30:07,26,14,0,40
2022-11-15T08:39:17,26,14,0,40
2022-11-15T08:48:28,26,14,0,40
2022-11-15T08:57:38,26,14,0,40
2022-11-15T09:06:49,26,14,0,40
2022-11-15T09:16:00,26,14,0,40
2022-11-15T09:25:12,26,14,0,40
2022-11-15T09:34:23,27,13,0,40
2022-11-15T09:43:46,27,13,0,40
2022-11-15T09:52:58,27,13,0,40
2022-11-15T10:02:09,27,13,0,40
2022-11-15T10:11:20,27,13,0,40
2022-11-15T10:20:32,27,13,0,40
2022-11-15T10:29:43,27,13,0,40
2022-11-15T10:39:26,27,13,0,40
2022-11-15T10:48:40,27,13,0,40
2022-11-15T10:57:53,27,13,0,40
2022-11-15T11:07:06,27,13,0,40
2022-11-15T11:16:17,27,13,0,40
2022-11-15T11:25:33,27,13,0,40
2022-11-15T11:34:59,27,13,0,40
2022-11-15T11:44:13,27,13,0,40
2022-11-15T11:53:25,27,13,0,40
2022-11-15T12:02:40,27,13,0,40
2022-11-15T12:11:52,27,13,0,40
2022-11-15T12:21:19,27,13,0,40
2022-11-15T12:30:34,27,13,0,40
2022-11-15T12:39:48,27,13,0,40
2022-11-15T12:49:00,27,13,0,40
2022-11-15T12:58:14,27,13,0,40
2022-11-15T13:07:40,27,13,0,40
2022-11-15T13:16:53,27,13,0,40
2022-11-15T13:26:05,27,13,0,40
2022-11-15T13:35:17,27,13,0,40
2022-11-15T13:44:41,28,12,0,40
2022-11-15T13:53:54,28,12,0,40
2022-11-15T14:03:07,28,12,0,40
2022-11-15T14:12:19,28,12,0,40
2022-11-15T14:21:32,28,12,0,40
2022-11-15T14:30:54,28,12,0,40
2022-11-15T14:40:07,28,12,0,40
2022-11-15T14:49:21,28,12,0,40
2022-11-15T14:58:45,29,11,0,40
2022-11-15T15:07:58,29,11,0,40
2022-11-15T15:17:10,29,11,0,40
2022-11-15T15:26:22,29,11,0,40
2022-11-15T15:35:47,29,11,0,40
2022-11-15T15:44:59,29,11,0,40
2022-11-15T15:54:11,29,11,0,40
2022-11-15T16:03:23,29,11,0,40
2022-11-15T16:12:36,29,11,0,40
2022-11-15T16:22:00,29,11,0,40
2022-11-15T16:31:11,29,11,0,40
2022-11-15T16:40:24,29,11,0,40
2022-11-15T16:49:34,29,11,0,40
2022-11-15T16:58:43,29,11,0,40
2022-11-15T17:08:07,30,10,0,40
2022-11-15T17:17:18,30,10,0,40
2022-11-15T17:26:28,30,10,0,40
2022-11-15T17:35:38,30,10,0,40
2022-11-15T17:44:48,30,10,0,40
2022-11-15T17:54:08,30,10,0,40
2022-11-15T18:03:17,31,9,0,40
2022-11-15T18:12:27,31,9,0,40
2022-11-15T18:21:39,31,9,0,40
2022-11-15T18:30:50,31,9,0,40
2022-11-15T18:40:12,31,9,0,40
2022-11-15T18:49:21,31,9,0,40
2022-11-15T18:58:33,31,9,0,40
2022-11-15T19:07:44,31,9,0,40
2022-11-15T19:16:55,31,9,0,40
2022-11-15T19:26:06,31,9,0,40
2022-11-15T19:35:28,31,9,0,40
2022-11-15T19:44:37,31,9,0,40
2022-11-15T19:53:47,31,9,0,40
2022-11-15T20:02:58,31,9,0,40
2022-11-15T20:12:08,31,9,0,40
2022-11-15T20:21:28,31,9,0,40
2022-11-15T20:30:38,31,9,0,40
2022-11-15T20:39:48,31,9,0,40
2022-11-15T20:48:58,31,9,0,40
2022-11-15T20:58:07,31,9,0,40
2022-11-15T21:07:17,31,9,0,40
2022-11-15T21:16:38,31,9,0,40
2022-11-15T21:25:59,31,9,0,40
2022-11-15T21:35:09,31,9,0,40
2022-11-15T21:44:19,31,9,0,40
2022-11-15T21:53:28,31,9,0,40
2022-11-15T22:02:37,31,9,0,40
2022-11-15T22:11:58,31,9,0,40
2022-11-15T22:21:07,31,9,0,40
2022-11-15T22:30:17,31,9,0,40
2022-11-15T22:39:27,31,9,0,40
2022-11-15T22:48:36,31,9,0,40
2022-11-15T22:57:46,31,9,0,40
2022-11-15T23:07:06,31,9,0,40
2022-11-15T23:16:15,31,9,0,40
2022-11-15T23:25:25,31,9,0,40
2022-11-15T23:34:34,31,9,0,40
2022-11-15T23:43:44,31,9,0,40
2022-11-15T23:52:52,31,9,0,40
2022-11-16T00:02:02,31,9,0,40
2022-11-16T00:11:15,31,9,0,40
2022-11-16T00:20:30,31,9,0,40
2022-11-16T00:29:53,31,9,0,40
2022-11-16T00:39:06,31,9,0,40
2022-11-16T00:48:18,31,9,0,40
2022-11-16T00:57:30,31,9,0,40
2022-11-16T01:06:42,31,9,0,40
2022-11-16T01:15:54,31,9,0,40
2022-11-16T01:25:07,31,9,0,40
2022-11-16T01:34:20,31,9,0,40
2022-11-16T01:43:32,31,9,0,40
2022-11-16T01:52:44,31,9,0,40
2022-11-16T02:01:55,31,9,0,40
2022-11-16T02:11:07,32,8,0,40
2022-11-16T02:20:19,32,8,0,40
2022-11-16T02:29:32,32,8,0,40
2022-11-16T02:38:44,32,8,0,40
2022-11-16T02:47:55,32,8,0,40
2022-11-16T02:57:16,32,8,0,40
2022-11-16T03:06:28,32,8,0,40
2022-11-16T03:15:40,32,8,0,40
2022-11-16T03:24:51,32,8,0,40
2022-11-16T03:34:04,32,8,0,40
2022-11-16T03:43:17,32,8,0,40
2022-11-16T03:52:30,32,8,0,40
2022-11-16T04:01:42,32,8,0,40
2022-11-16T04:24:57,32,8,0,40
2022-11-16T04:34:12,32,8,0,40
2022-11-16T04:43:26,32,8,0,40
2022-11-16T04:52:39,32,8,0,40
2022-11-16T05:01:49,32,8,0,40
2022-11-16T05:11:00,32,8,0,40
2022-11-16T05:20:11,32,8,0,40
2022-11-16T05:29:20,32,8,0,40
2022-11-16T05:38:31,32,8,0,40
2022-11-16T05:47:42,32,8,0,40
2022-11-16T05:56:57,32,8,0,40
2022-11-16T06:06:13,32,8,0,40
2022-11-16T06:15:26,32,8,0,40
2022-11-16T06:24:39,32,8,0,40
2022-11-16T06:33:51,32,8,0,40
2022-11-16T06:43:03,32,8,0,40
2022-11-16T06:52:14,32,8,0,40
2022-11-16T07:01:26,32,8,0,40
2022-11-16T07:10:39,32,8,0,40
2022-11-16T07:19:55,32,8,0,40
2022-11-16T07:29:07,32,8,0,40
2022-11-16T07:38:21,32,8,0,40
2022-11-16T07:47:34,32,8,0,40
2022-11-16T07:56:48,32,8,0,40
2022-11-16T08:06:10,32,8,0,40
2022-11-16T08:15:24,32,8,0,40
2022-11-16T08:24:38,32,8,0,40
2022-11-16T08:33:52,32,8,0,40
2022-11-16T08:43:07,32,8,0,40
2022-11-16T08:52:21,32,8,0,40
2022-11-16T09:01:36,32,8,0,40
2022-11-16T09:10:52,32,8,0,40
2022-11-16T09:20:06,32,8,0,40
2022-11-16T09:29:20,32,8,0,40
2022-11-16T09:38:32,32,8,0,40
2022-11-16T09:47:57,32,8,0,40
2022-11-16T09:57:11,32,8,0,40
2022-11-16T10:06:25,32,8,0,40
2022-11-16T10:15:37,32,8,0,40
2022-11-16T10:24:50,32,8,0,40
2022-11-16T10:34:02,32,8,0,40
2022-11-16T10:43:16,32,8,0,40
2022-11-16T10:52:40,32,8,0,40
2022-11-16T11:01:54,32,8,0,40
2022-11-16T11:11:07,32,8,0,40
2022-11-16T11:20:21,32,8,0,40
2022-11-16T11:29:33,32,8,0,40
2022-11-16T11:38:46,32,8,0,40
2022-11-16T11:48:11,32,8,0,40
2022-11-16T11:57:25,32,8,0,40
2022-11-16T12:06:39,32,8,0,40
2022-11-16T12:15:53,32,8,0,40
2022-11-16T12:25:08,33,7,0,40
2022-11-16T12:34:21,33,7,0,40
2022-11-16T12:43:44,33,7,0,40
2022-11-16T12:52:56,33,7,0,40
2022-11-16T13:02:12,33,7,0,40
2022-11-16T13:11:31,33,7,0,40
2022-11-16T13:20:49,33,7,0,40
2022-11-16T13:30:15,33,7,0,40
2022-11-16T13:39:34,33,7,0,40
2022-11-16T13:48:53,33,7,0,40
2022-11-16T13:58:07,33,7,0,40
2022-11-16T14:07:24,33,7,0,40
2022-11-16T14:16:37,33,7,0,40
2022-11-16T14:26:04,33,7,0,40
2022-11-16T14:35:23,34,6,0,40
2022-11-16T14:44:38,34,6,0,40
2022-11-16T14:53:57,34,6,0,40
2022-11-16T15:03:24,34,6,0,40
2022-11-16T15:12:42,34,6,0,40
2022-11-16T15:21:57,35,5,0,40
2022-11-16T15:31:11,35,5,0,40
2022-11-16T15:40:25,35,5,0,40
2022-11-16T15:49:49,35,5,0,40
2022-11-16T15:59:11,35,5,0,40
2022-11-16T16:08:26,35,5,0,40
2022-11-16T16:17:44,35,5,0,40
2022-11-16T16:27:00,35,5,0,40
2022-11-16T16:36:23,35,5,0,40
2022-11-16T16:45:36,35,5,0,40
2022-11-16T16:54:55,35,5,0,40
2022-11-16T17:04:08,35,5,0,40
2022-11-16T17:13:24,35,5,0,40
2022-11-16T17:22:47,35,5,0,40
2022-11-16T17:31:59,35,5,0,40
2022-11-16T17:41:09,36,4,0,40
2022-11-16T17:50:20,36,4,0,40
2022-11-16T17:59:31,36,4,0,40
2022-11-16T18:08:52,37,3,0,40
2022-11-16T18:18:04,37,3,0,40
2022-11-16T18:27:14,37,3,0,40
2022-11-16T18:36:25,37,3,0,40
2022-11-16T18:45:36,38,2,0,40
2022-11-16T18:54:57,39,1,0,40
2022-11-16T19:04:08,40,0,0,40
2022-11-16T19:13:18,40,0,0,40
2022-11-16T19:22:28,40,0,0,40
2022-11-16T19:31:37,40,0,0,40
2022-11-16T19:40:47,40,0,0,40
2022-11-16T19:49:58,40,0,0,40
2022-11-16T19:59:18,40,0,0,40
2022-11-16T20:08:30,40,0,0,40
2022-11-16T20:17:41,40,0,0,40
2022-11-16T20:26:52,40,0,0,40
2022-11-16T20:36:01,40,0,0,40
2022-11-16T20:45:18,40,0,0,40
2022-11-16T20:54:29,40,0,0,40
2022-11-16T21:03:50,40,0,0,40
2022-11-16T21:13:00,40,0,0,40
2022-11-16T21:22:10,40,0,0,40
2022-11-16T21:31:20,40,0,0,40
2022-11-16T21:40:29,40,0,0,40
2022-11-16T21:49:39,40,0,0,40
2022-11-16T21:58:48,40,0,0,40
2022-11-16T22:08:10,40,0,0,40
2022-11-16T22:17:20,40,0,0,40
2022-11-16T22:26:31,40,0,0,40
2022-11-16T22:35:42,40,0,0,40
2022-11-16T22:44:52,40,0,0,40
2022-11-16T22:54:00,40,0,0,40
2022-11-16T23:03:10,40,0,0,40
2022-11-16T23:12:30,40,0,0,40
2022-11-16T23:21:39,40,0,0,40
2022-11-16T23:30:48,40,0,0,40
2022-11-16T23:39:57,40,0,0,40
2022-11-16T23:49:06,40,0,0,40
2022-11-16T23:58:14,40,0,0,40
2022-11-17T00:07:24,40,0,0,40
2022-11-17T00:16:47,40,0,0,40
2022-11-17T00:25:59,40,0,0,40
2022-11-17T00:35:10,40,0,0,40
2022-11-17T00:44:21,40,0,0,40
2022-11-17T00:53:32,40,0,0,40
2022-11-17T01:02:45,40,0,0,40
2022-11-17T01:11:55,40,0,0,40
2022-11-17T01:21:05,40,0,0,40
2022-11-17T01:30:16,40,0,0,40
2022-11-17T01:39:27,40,0,0,40
2022-11-17T01:48:46,40,0,0,40
2022-11-17T01:57:55,40,0,0,40
2022-11-17T02:07:05,40,0,0,40
2022-11-17T02:16:14,40,0,0,40
2022-11-17T02:25:22,40,0,0,40
2022-11-17T02:34:32,40,0,0,40
2022-11-17T02:43:43,40,0,0,40
2022-11-17T02:52:54,40,0,0,40
2022-11-17T03:02:04,40,0,0,40
2022-11-17T03:11:15,40,0,0,40
2022-11-17T03:20:25,40,0,0,40
2022-11-17T03:29:34,40,0,0,40
2022-11-17T03:38:45,40,0,0,40
2022-11-17T03:47:56,40,0,0,40
2022-11-17T03:57:08,40,0,0,40
2022-11-17T04:06:19,40,0,0,40
2022-11-17T04:17:35,40,0,0,40
2022-11-17T04:34:53,40,0,0,40
2022-11-17T04:44:06,40,0,0,40
2022-11-17T04:53:19,40,0,0,40
2022-11-17T05:02:31,40,0,0,40
2022-11-17T05:11:42,40,0,0,40
2022-11-17T05:20:52,40,0,0,40
2022-11-17T05:30:01,40,0,0,40
2022-11-17T05:39:12,40,0,0,40
2022-11-17T05:48:23,40,0,0,40
2022-11-17T05:57:35,40,0,0,40
2022-11-17T06:14:23,40,0,0,40
2022-11-17T06:23:35,40,0,0,40
2022-11-17T06:32:46,40,0,0,40
2022-11-17T06:41:56,40,0,0,40
2022-11-17T06:51:06,40,0,0,40
2022-11-17T07:00:17,40,0,0,40
2022-11-17T07:09:28,40,0,0,40
2022-11-17T07:18:40,40,0,0,40
2022-11-17T07:27:52,40,0,0,40
2022-11-17T07:37:04,40,0,0,40
2022-11-17T07:46:25,40,0,0,40
2022-11-17T07:55:38,40,0,0,40
2022-11-17T08:04:51,40,0,0,40
2022-11-17T08:14:03,40,0,0,40
2022-11-17T08:23:16,40,0,0,40
2022-11-17T08:32:29,40,0,0,40
2022-11-17T08:41:41,40,0,0,40
2022-11-17T08:50:53,40,0,0,40
2022-11-17T09:00:06,40,0,0,40
2022-11-17T09:09:18,40,0,0,40
2022-11-17T09:18:32,40,0,0,40
2022-11-17T09:27:45,40,0,0,40
2022-11-17T09:36:59,40,0,0,40
2022-11-17T09:46:24,40,0,0,40
2022-11-17T09:55:38,40,0,0,40
2022-11-17T10:04:51,40,0,0,40
2022-11-17T10:14:05,40,0,0,40
2022-11-17T10:23:18,40,0,0,40
2022-11-17T10:32:43,40,0,0,40
2022-11-17T10:41:57,40,0,0,40
2022-11-17T10:51:11,40,0,0,40
2022-11-17T11:00:25,40,0,0,40
2022-11-17T11:09:38,40,0,0,40
2022-11-17T11:19:03,40,0,0,40
2022-11-17T11:28:17,40,0,0,40
2022-11-17T11:37:31,40,0,0,40
2022-11-17T11:46:46,40,0,0,40
2022-11-17T11:56:09,40,0,0,40
2022-11-17T12:05:25,40,0,0,40
2022-11-17T12:14:40,40,0,0,40
2022-11-17T12:23:52,40,0,0,40
2022-11-17T12:33:07,40,0,1,40
2022-11-17T12:42:29,40,0,1,40
2022-11-17T12:51:42,40,0,1,40
2022-11-17T13:00:56,40,0,1,40
2022-11-17T13:10:11,40,0,1,40
2022-11-17T13:19:25,40,0,1,40
2022-11-17T13:28:51,40,0,1,40
2022-11-17T13:38:05,40,0,1,40
2022-11-17T13:47:19,40,0,1,40
2022-11-17T13:56:33,40,0,1,40
2022-11-17T14:05:59,40,0,1,40
2022-11-17T14:15:15,40,0,1,40
2022-11-17T14:24:30,40,0,1,40
2022-11-17T14:33:45,40,0,1,40
2022-11-17T14:43:10,40,0,1,40
2022-11-17T14:52:26,40,0,1,40
2022-11-17T15:01:42,40,0,2,40
2022-11-17T15:10:57,40,0,1,40
2022-11-17T15:20:22,40,0,1,40
2022-11-17T15:29:36,40,0,1,40
2022-11-17T15:38:50,40,0,1,40
2022-11-17T15:48:04,40,0,1,40
2022-11-17T15:57:18,40,0,1,40
2022-11-17T16:06:44,40,0,1,40
2022-11-17T16:15:57,40,0,1,40
2022-11-17T16:25:08,40,0,1,40
2022-11-17T16:34:20,40,0,1,40
2022-11-17T16:43:31,40,0,1,40
2022-11-17T16:52:54,40,0,1,40
2022-11-17T17:02:06,40,0,1,40
2022-11-17T17:11:19,40,0,1,40
2022-11-17T17:20:30,40,0,1,40
2022-11-17T17:29:42,40,0,2,40
2022-11-17T17:38:54,40,0,2,40
2022-11-17T17:48:16,40,0,2,40
2022-11-17T17:57:28,40,0,2,40
2022-11-17T18:06:41,40,0,2,40
2022-11-17T18:15:52,40,0,2,40
2022-11-17T18:25:04,40,0,3,40
2022-11-17T18:34:16,40,0,3,40
2022-11-17T18:43:38,40,0,3,40
2022-11-17T18:52:49,40,0,3,40
2022-11-17T19:02:01,40,0,3,40
2022-11-17T19:11:11,40,0,3,40
2022-11-17T19:20:22,40,0,3,40
2022-11-17T19:29:33,40,0,3,40
2022-11-17T19:38:55,40,0,3,40
2022-11-17T19:48:05,40,0,3,40
2022-11-17T19:57:16,40,0,3,40
2022-11-17T20:06:26,40,0,3,40
2022-11-17T20:15:37,40,0,3,40
2022-11-17T20:24:47,40,0,3,40
2022-11-17T20:34:06,40,0,3,40
2022-11-17T20:43:16,40,0,4,40
2022-11-17T20:52:25,40,0,4,40
2022-11-17T21:01:35,40,0,4,40
2022-11-17T21:10:44,40,0,4,40
2022-11-17T21:19:53,40,0,4,40
2022-11-17T21:29:14,40,0,4,40
2022-11-17T21:38:24,40,0,4,40
2022-11-17T21:47:34,40,0,4,40
2022-11-17T21:56:43,40,0,4,40
2022-11-17T22:05:53,40,0,4,40
2022-11-17T22:15:04,40,0,4,40
2022-11-17T22:24:14,40,0,4,40
2022-11-17T22:33:41,40,0,4,40
2022-11-17T22:43:00,40,0,4,40
2022-11-17T22:52:20,40,0,4,40
2022-11-17T23:01:48,40,0,4,40
2022-11-17T23:11:13,40,0,5,40
2022-11-17T23:20:37,40,0,5,40
2022-11-17T23:30:11,40,0,5,40
2022-11-17T23:39:45,40,0,5,40
2022-11-17T23:49:25,40,0,5,40
2022-11-17T23:58:54,40,0,5,40
2022-11-18T00:08:25,40,0,5,40
2022-11-18T00:17:53,40,0,5,40
2022-11-18T00:27:17,40,0,5,40
2022-11-18T00:36:39,40,0,5,40
2022-11-18T00:46:01,40,0,5,40
2022-11-18T00:55:22,40,0,5,40
2022-11-18T01:04:41,40,0,5,40
2022-11-18T01:14:00,40,0,5,40
2022-11-18T01:23:17,40,0,5,40
2022-11-18T01:32:39,40,0,5,40
2022-11-18T01:41:51,40,0,5,40
2022-11-18T01:51:02,40,0,5,40
2022-11-18T02:00:11,40,0,5,40
2022-11-18T02:09:21,40,0,5,40
2022-11-18T02:18:32,40,0,5,40
2022-11-18T02:27:41,40,0,5,40
2022-11-18T02:36:53,40,0,5,40
2022-11-18T02:46:05,40,0,5,40
2022-11-18T02:55:17,40,0,5,40
2022-11-18T03:04:28,40,0,5,40
2022-11-18T03:13:39,40,0,5,40
2022-11-18T03:22:50,40,0,5,40
2022-11-18T03:32:00,40,0,5,40
2022-11-18T03:41:12,40,0,5,40
2022-11-18T03:50:24,40,0,5,40
2022-11-18T03:59:37,40,0,5,40
2022-11-18T04:09:01,40,0,5,40
2022-11-18T04:29:11,40,0,5,40
2022-11-18T04:38:24,40,0,5,40
2022-11-18T04:48:48,40,0,5,40
2022-11-18T04:58:20,40,0,5,40
2022-11-18T05:07:33,40,0,5,40
2022-11-18T05:16:45,40,0,5,40
2022-11-18T05:25:55,40,0,5,40
2022-11-18T05:35:05,40,0,5,40
2022-11-18T05:44:15,40,0,5,40
2022-11-18T05:53:28,40,0,5,40
2022-11-18T06:02:49,40,0,5,40
2022-11-18T06:12:03,40,0,5,40
2022-11-18T06:21:16,40,0,5,40
2022-11-18T06:30:28,40,0,5,40
2022-11-18T06:39:39,40,0,5,40
2022-11-18T06:48:50,40,0,5,40
2022-11-18T06:58:00,40,0,5,40
2022-11-18T07:07:12,40,0,5,40
2022-11-18T07:16:24,40,0,5,40
2022-11-18T07:25:36,40,0,5,40
2022-11-18T07:34:49,40,0,5,40
2022-11-18T07:44:04,40,0,5,40
2022-11-18T07:53:17,40,0,5,40
2022-11-18T08:02:31,40,0,5,40
2022-11-18T08:11:44,40,0,5,40
2022-11-18T08:20:57,40,0,5,40
2022-11-18T08:30:12,40,0,5,40
2022-11-18T08:39:24,40,0,5,40
2022-11-18T08:48:39,40,0,5,40
2022-11-18T08:57:54,40,0,5,40
2022-11-18T09:07:19,40,0,5,40
2022-11-18T09:16:34,40,0,5,40
2022-11-18T09:25:48,40,0,5,40
2022-11-18T09:35:02,40,0,5,40
2022-11-18T09:44:18,40,0,5,40
2022-11-18T09:53:32,40,0,5,40
2022-11-18T10:02:48,40,0,5,40
2022-11-18T10:12:13,40,0,5,40
2022-11-18T10:21:28,40,0,5,40
2022-11-18T10:30:43,40,0,5,40
2022-11-18T10:39:58,40,0,5,40
2022-11-18T10:49:13,40,0,5,40
2022-11-18T10:58:27,40,0,5,40
2022-11-18T11:07:53,40,0,5,40
2022-11-18T11:17:10,40,0,5,40
2022-11-18T11:26:25,40,0,5,40
2022-11-18T11:35:40,40,0,5,40
2022-11-18T11:44:55,40,0,5,40
2022-11-18T11:54:19,40,0,5,40
2022-11-18T12:03:36,40,0,5,40
2022-11-18T12:12:51,40,0,5,40
2022-11-18T12:22:07,40,0,5,40
2022-11-18T12:31:21,40,0,5,40
2022-11-18T12:40:46,40,0,5,40
2022-11-18T12:50:01,40,0,5,40
2022-11-18T12:59:14,40,0,5,40
2022-11-18T13:08:28,40,0,5,40
2022-11-18T13:17:46,40,0,5,40
2022-11-18T13:27:12,40,0,5,40
2022-11-18T13:36:25,40,0,5,40
2022-11-18T13:45:38,40,0,5,40
2022-11-18T13:54:52,40,0,5,40
2022-11-18T14:04:08,40,0,5,40
2022-11-18T14:13:35,40,0,5,40
2022-11-18T14:22:50,40,0,5,40
2022-11-18T14:32:06,40,0,5,40
2022-11-18T14:41:30,40,0,5,40
2022-11-18T14:50:45,40,0,5,40
2022-11-18T15:00:01,40,0,5,40
2022-11-18T15:09:15,40,0,5,40
2022-11-18T15:18:30,40,0,5,40
2022-11-18T15:27:57,40,0,5,40
2022-11-18T15:37:14,40,0,5,40
2022-11-18T15:46:30,40,0,5,40
2022-11-18T15:55:44,40,0,5,40
2022-11-18T16:05:01,40,0,6,40
2022-11-18T16:14:26,40,0,6,40
2022-11-18T16:23:39,40,0,6,40
2022-11-18T16:32:54,40,0,6,40
2022-11-18T16:42:07,40,0,6,40
2022-11-18T16:51:20,40,0,6,40
2022-11-18T17:00:37,40,0,6,40
2022-11-18T17:09:51,40,0,6,40
2022-11-18T17:19:17,40,0,6,40
2022-11-18T17:28:30,40,0,6,40
2022-11-18T17:37:44,40,0,6,40
2022-11-18T17:46:58,40,0,6,40
2022-11-18T17:56:11,40,0,6,40
2022-11-18T18:05:26,40,0,6,40
2022-11-18T18:14:40,40,0,6,40
2022-11-18T18:24:04,40,0,6,40
2022-11-18T18:33:17,40,0,6,40
2022-11-18T18:42:29,40,0,6,40
2022-11-18T18:51:41,40,0,6,40
2022-11-18T19:00:54,40,0,6,40
2022-11-18T19:10:07,40,0,6,40
2022-11-18T19:19:18,40,0,6,40
2022-11-18T19:28:41,40,0,6,40
2022-11-18T19:37:53,40,0,6,40
2022-11-18T19:47:06,40,0,6,40
2022-11-18T19:56:17,40,0,6,40
2022-11-18T20:05:29,40,0,6,40
2022-11-18T20:14:43,40,0,6,40
2022-11-18T20:23:55,40,0,6,40
2022-11-18T20:33:08,40,0,6,40
2022-11-18T20:42:30,40,0,6,40
2022-11-18T20:51:42,40,0,6,40
2022-11-18T21:00:54,40,0,6,40
2022-11-18T21:10:06,40,0,6,40
2022-11-18T21:19:17,40,0,6,40
2022-11-18T21:28:29,40,0,6,40
2022-11-18T21:37:39,40,0,6,40
2022-11-18T21:46:59,40,0,6,40
2022-11-18T21:56:09,40,0,6,40
2022-11-18T22:05:19,40,0,6,40
2022-11-18T22:14:30,40,0,6,40
2022-11-18T22:23:41,40,0,6,40
2022-11-18T22:32:52,40,0,6,40
2022-11-18T22:42:02,40,0,6,40
2022-11-18T22:51:11,40,0,6,40
2022-11-18T23:00:21,40,0,6,40
2022-11-18T23:09:32,40,0,6,40
2022-11-18T23:18:42,40,0,6,40
2022-11-18T23:28:03,40,0,6,40
2022-11-18T23:37:13,40,0,6,40
2022-11-18T23:46:24,40,0,6,40
2022-11-18T23:55:35,40,0,6,40
2022-11-19T00:04:47,40,0,6,40
2022-11-19T00:14:00,40,0,6,40
2022-11-19T00:23:13,40,0,6,40
2022-11-19T00:32:25,40,0,6,40
2022-11-19T00:41:39,40,0,6,40
2022-11-19T00:50:53,40,0,6,40
2022-11-19T01:00:06,40,0,6,40
2022-11-19T01:09:21,40,0,6,40
2022-11-19T01:18:33,40,0,6,40
2022-11-19T01:27:46,40,0,6,40
2022-11-19T01:37:08,40,0,6,40
2022-11-19T01:46:19,40,0,6,40
2022-11-19T01:55:31,40,0,6,40
2022-11-19T02:04:42,40,0,6,40
2022-11-19T02:13:52,40,0,6,40
2022-11-19T02:23:02,40,0,6,40
2022-11-19T02:32:13,40,0,6,40
2022-11-19T02:41:23,40,0,6,40
2022-11-19T02:50:33,40,0,6,40
2022-11-19T02:59:45,40,0,6,40
2022-11-19T03:08:56,40,0,6,40
2022-11-19T03:18:06,40,0,6,40
2022-11-19T03:27:16,40,0,6,40
2022-11-19T03:36:26,40,0,6,40
2022-11-19T03:45:41,40,0,6,40
2022-11-19T03:54:54,40,0,6,40
2022-11-19T04:04:07,40,0,6,40
2022-11-19T04:13:19,40,0,6,40
2022-11-19T04:36:34,40,0,6,40
2022-11-19T04:45:48,40,0,6,40
2022-11-19T04:55:01,40,0,7,40
2022-11-19T05:04:12,40,0,7,40
2022-11-19T05:13:26,40,0,7,40
2022-11-19T05:22:38,40,0,7,40
2022-11-19T05:31:51,40,0,7,40
2022-11-19T05:41:04,40,0,7,40
2022-11-19T05:50:18,40,0,7,40
2022-11-19T05:59:32,40,0,7,40
2022-11-19T06:08:47,40,0,7,40
2022-11-19T06:18:02,40,0,7,40
2022-11-19T06:27:16,40,0,7,40
2022-11-19T06:36:29,40,0,7,40
2022-11-19T06:45:44,40,0,7,40
2022-11-19T06:54:57,40,0,7,40
2022-11-19T07:04:12,40,0,7,40
2022-11-19T07:13:26,40,0,7,40
2022-11-19T07:22:42,40,0,7,40
2022-11-19T07:31:58,40,0,7,40
2022-11-19T07:41:21,40,0,7,40
2022-11-19T07:50:35,40,0,7,40
2022-11-19T07:59:49,40,0,7,40
2022-11-19T08:09:04,40,0,7,40
2022-11-19T08:18:18,40,0,7,40
2022-11-19T08:27:32,40,0,7,40
2022-11-19T08:36:46,40,0,7,40
2022-11-19T08:46:00,40,0,7,40
2022-11-19T08:55:13,40,0,7,40
2022-11-19T09:04:26,40,0,7,40
2022-11-19T09:13:39,40,0,7,40
2022-11-19T09:22:53,40,0,7,40
2022-11-19T09:32:07,40,0,7,40
2022-11-19T09:41:20,40,0,7,40
2022-11-19T09:50:50,40,0,7,40
2022-11-19T10:00:04,40,0,7,40
2022-11-19T10:09:17,40,0,7,40
2022-11-19T10:18:30,40,0,7,40
2022-11-19T10:27:42,40,0,7,40
2022-11-19T10:36:54,40,0,7,40
2022-11-19T10:46:06,40,0,7,40
2022-11-19T10:55:18,40,0,7,40
2022-11-19T11:04:30,40,0,7,40
2022-11-19T11:13:41,40,0,7,40
2022-11-19T11:22:53,40,0,7,40
2022-11-19T11:32:05,40,0,7,40
2022-11-19T11:41:16,40,0,7,40
2022-11-19T11:50:28,40,0,7,40
2022-11-19T11:59:48,40,0,7,40
2022-11-19T12:09:00,40,0,7,40
2022-11-19T12:18:12,40,0,7,40
2022-11-19T12:27:24,40,0,7,40
2022-11-19T12:36:36,40,0,7,40
2022-11-19T12:45:47,40,0,7,40
2022-11-19T12:54:59,40,0,7,40
2022-11-19T13:04:10,40,0,7,40
2022-11-19T13:13:21,40,0,7,40
2022-11-19T13:22:32,40,0,7,40
2022-11-19T13:31:59,40,0,7,40
2022-11-19T13:41:10,40,0,7,40
2022-11-19T13:50:22,40,0,7,40
2022-11-19T13:59:35,40,0,7,40
2022-11-19T14:08:47,40,0,7,40
2022-11-19T14:18:00,40,0,7,40
2022-11-19T14:27:13,40,0,7,40
2022-11-19T14:36:32,40,0,7,40
2022-11-19T14:45:50,40,0,7,40
2022-11-19T14:55:08,40,0,7,40
2022-11-19T15:04:36,40,0,7,40
2022-11-19T15:13:54,40,0,7,40
2022-11-19T15:23:13,40,0,7,40
2022-11-19T15:32:31,40,0,7,40
2022-11-19T15:41:50,40,0,7,40
2022-11-19T15:51:08,40,0,7,40
2022-11-19T16:00:25,40,0,7,40
2022-11-19T16:09:40,40,0,7,40
2022-11-19T16:18:55,40,0,7,40
2022-11-19T16:28:07,40,0,7,40
2022-11-19T16:37:19,40,0,7,40
2022-11-19T16:46:30,40,0,7,40
2022-11-19T16:55:41,40,0,7,40
2022-11-19T17:05:03,40,0,7,40
2022-11-19T17:14:15,40,0,7,40
2022-11-19T17:23:29,40,0,7,40
2022-11-19T17:32:39,40,0,7,40
2022-11-19T17:41:50,40,0,7,40
2022-11-19T17:51:01,40,0,7,40
2022-11-19T18:00:13,40,0,7,40
2022-11-19T18:09:26,40,0,7,40
2022-11-19T18:18:37,40,0,7,40
2022-11-19T18:27:50,40,0,7,40
2022-11-19T18:37:02,40,0,7,40
2022-11-19T18:46:15,40,0,7,40
2022-11-19T18:55:27,40,0,7,40
2022-11-19T19:04:38,40,0,7,40
2022-11-19T19:13:50,40,0,7,40
2022-11-19T19:23:22,40,0,7,40
2022-11-19T19:32:33,40,0,7,40
2022-11-19T19:41:45,40,0,7,40
2022-11-19T19:50:57,40,0,7,40
2022-11-19T20:00:10,40,0,7,40
2022-11-19T20:09:22,40,0,7,40
2022-11-19T20:18:34,40,0,7,40
2022-11-19T20:27:48,40,0,7,40
2022-11-19T20:37:01,40,0,7,40
2022-11-19T20:46:13,40,0,7,40
2022-11-19T20:55:25,40,0,7,40
2022-11-19T21:04:37,40,0,7,40
2022-11-19T21:13:49,40,0,7,40
2022-11-19T21:23:02,40,0,7,40
2022-11-19T21:32:24,40,0,7,40
2022-11-19T21:41:37,40,0,7,40
2022-11-19T21:50:50,40,0,7,40
2022-11-19T22:00:01,40,0,7,40
2022-11-19T22:09:13,40,0,7,40
2022-11-19T22:18:26,40,0,7,40
2022-11-19T22:27:37,40,0,7,40
2022-11-19T22:36:49,40,0,7,40
2022-11-19T22:46:01,40,0,7,40
2022-11-19T22:55:13,40,0,7,40
2022-11-19T23:04:26,40,0,7,40
2022-11-19T23:13:38,40,0,7,40
2022-11-19T23:22:51,40,0,7,40
2022-11-19T23:32:03,40,0,7,40
2022-11-19T23:41:15,40,0,7,40
2022-11-19T23:50:26,40,0,7,40
2022-11-19T23:59:37,40,0,7,40
2022-11-20T00:09:06,40,0,7,40
2022-11-20T00:18:17,40,0,7,40
2022-11-20T01:09:41,40,0,7,40
2022-11-20T01:18:53,40,0,7,40
2022-11-20T01:28:06,40,0,7,40
2022-11-20T01:37:17,40,0,7,40
2022-11-20T01:46:30,40,0,7,40
2022-11-20T01:55:42,40,0,7,40
2022-11-20T02:04:57,40,0,7,40
2022-11-20T02:14:13,40,0,7,40
2022-11-20T02:23:36,40,0,7,40
2022-11-20T02:32:54,40,0,7,40
2022-11-20T02:42:07,40,0,7,40
2022-11-20T02:51:22,40,0,7,40
2022-11-20T03:00:36,40,0,7,40
2022-11-20T03:09:52,40,0,7,40
2022-11-20T03:19:04,40,0,7,40
2022-11-20T03:28:26,40,0,7,40
2022-11-20T03:37:40,40,0,7,40
2022-11-20T03:46:54,40,0,7,40
2022-11-20T03:56:08,40,0,7,40
2022-11-20T04:05:22,40,0,7,40
2022-11-20T04:21:17,40,0,7,40
2022-11-20T04:31:44,40,0,7,40
2022-11-20T04:41:15,40,0,7,40
2022-11-20T04:50:31,40,0,7,40
2022-11-20T04:59:45,40,0,7,40
2022-11-20T05:08:57,40,0,7,40
2022-11-20T05:18:09,40,0,7,40
2022-11-20T05:27:21,40,0,7,40
2022-11-20T05:36:32,40,0,7,40
2022-11-20T05:45:44,40,0,7,40
2022-11-20T05:54:58,40,0,7,40
2022-11-20T06:04:15,40,0,7,40
2022-11-20T06:13:31,40,0,7,40
2022-11-20T06:22:46,40,0,7,40
2022-11-20T06:31:59,40,0,7,40
2022-11-20T06:41:12,40,0,7,40
2022-11-20T06:50:25,40,0,7,40
2022-11-20T06:59:37,40,0,7,40
2022-11-20T07:08:51,40,0,7,40
2022-11-20T07:18:04,40,0,7,40
2022-11-20T07:27:18,40,0,7,40
2022-11-20T07:36:36,40,0,7,40
2022-11-20T07:45:50,40,0,7,40
2022-11-20T07:55:04,40,0,7,40
2022-11-20T08:04:17,40,0,7,40
2022-11-20T08:13:32,40,0,7,40
2022-11-20T08:22:45,40,0,7,40
2022-11-20T08:31:59,40,0,7,40
2022-11-20T08:41:12,40,0,7,40
2022-11-20T08:50:25,40,0,7,40
2022-11-20T08:59:37,40,0,7,40
2022-11-20T09:08:52,40,0,7,40
2022-11-20T09:18:04,40,0,7,40
2022-11-20T09:27:17,40,0,7,40
2022-11-20T09:36:30,40,0,7,40
2022-11-20T09:45:53,40,0,7,40
2022-11-20T09:55:06,40,0,7,40
2022-11-20T10:04:18,40,0,7,40
2022-11-20T10:13:27,40,0,7,40
2022-11-20T10:22:37,40,0,7,40
2022-11-20T10:31:46,40,0,7,40
2022-11-20T10:40:56,40,0,7,40
2022-11-20T10:50:06,40,0,7,40
2022-11-20T10:59:15,40,0,7,40
2022-11-20T11:08:24,40,0,7,40
2022-11-20T11:17:34,40,0,7,40
2022-11-20T11:26:44,40,0,7,40
2022-11-20T11:35:53,40,0,7,40
2022-11-20T11:45:03,40,0,7,40
2022-11-20T11:54:13,40,0,7,40
2022-11-20T12:03:23,40,0,7,40
2022-11-20T12:12:34,40,0,7,40
2022-11-20T12:21:45,40,0,7,40
2022-11-20T12:30:56,40,0,7,40
2022-11-20T12:40:07,40,0,7,40
2022-11-20T12:49:28,40,0,7,40
2022-11-20T12:58:40,40,0,7,40
2022-11-20T13:07:50,40,0,7,40
2022-11-20T13:17:00,40,0,7,40
2022-11-20T13:26:10,40,0,7,40
2022-11-20T13:35:20,40,0,7,40
2022-11-20T13:44:30,40,0,7,40
2022-11-20T13:53:39,40,0,7,40
2022-11-20T14:02:49,40,0,7,40
2022-11-20T14:11:59,40,0,7,40
2022-11-20T14:21:08,40,0,7,40
2022-11-20T14:30:18,40,0,7,40
2022-11-20T14:39:28,40,0,7,40
2022-11-20T14:48:37,40,0,7,40
2022-11-20T14:57:56,40,0,7,40
2022-11-20T15:07:06,40,0,7,40
2022-11-20T15:16:15,40,0,7,40
2022-11-20T15:25:25,40,0,7,40
2022-11-20T15:34:35,40,0,7,40
2022-11-20T15:43:44,40,0,7,40
2022-11-20T15:52:54,40,0,7,40
2022-11-20T16:02:04,40,0,7,40
2022-11-20T16:11:13,40,0,7,40
2022-11-20T16:20:23,40,0,7,40
2022-11-20T16:29:33,40,0,7,40
2022-11-20T16:38:43,40,0,7,40
2022-11-20T16:47:53,40,0,7,40
2022-11-20T16:57:12,40,0,7,40
2022-11-20T17:06:23,40,0,7,40
2022-11-20T17:15:33,40,0,7,40
2022-11-20T17:24:43,40,0,7,40
2022-11-20T17:40:10,40,0,7,40
2022-11-20T17:49:21,40,0,7,40
2022-11-20T17:58:31,40,0,7,40
2022-11-20T18:07:42,40,0,7,40
2022-11-20T18:16:52,40,0,7,40
2022-11-20T18:26:02,40,0,7,40
2022-11-20T18:35:12,40,0,7,40
2022-11-20T18:44:22,40,0,7,40
2022-11-20T18:53:43,40,0,7,40
2022-11-20T19:02:54,40,0,7,40
2022-11-20T19:12:06,40,0,7,40
2022-11-20T19:21:17,40,0,7,40
2022-11-20T19:30:26,40,0,8,40
2022-11-20T19:39:36,40,0,8,40
2022-11-20T19:48:47,40,0,8,40
2022-11-20T19:57:56,40,0,8,40
2022-11-20T20:07:06,40,0,8,40
2022-11-20T20:16:26,40,0,8,40
2022-11-20T20:25:36,40,0,8,40
2022-11-20T20:34:46,40,0,8,40
2022-11-20T20:43:56,40,0,8,40
2022-11-20T20:53:05,40,0,8,40
2022-11-20T21:02:15,40,0,8,40
2022-11-20T21:11:25,40,0,8,40
2022-11-20T21:20:34,40,0,8,40
2022-11-20T21:29:45,40,0,8,40
2022-11-20T21:38:55,40,0,8,40
2022-11-20T21:48:05,40,0,8,40
2022-11-20T21:57:25,40,0,8,40
2022-11-20T22:06:36,40,0,8,40
2022-11-20T22:15:47,40,0,8,40
2022-11-20T22:24:57,40,0,8,40
2022-11-20T22:34:08,40,0,8,40
2022-11-20T22:43:17,40,0,8,40
2022-11-20T22:52:27,40,0,8,40
2022-11-20T23:01:37,40,0,8,40
2022-11-20T23:10:47,40,0,8,40
2022-11-20T23:19:57,40,0,8,40
2022-11-20T23:29:09,40,0,8,40
2022-11-20T23:38:29,40,0,8,40
2022-11-20T23:47:40,40,0,8,40
2022-11-20T23:56:51,40,0,8,40
2022-11-21T00:06:04,40,0,8,40
2022-11-21T00:15:18,40,0,8,40
2022-11-21T00:24:34,40,0,8,40
2022-11-21T00:33:48,40,0,8,40
2022-11-21T00:43:03,40,0,8,40
2022-11-21T00:52:15,40,0,8,40
2022-11-21T01:01:28,40,0,8,40
2022-11-21T01:10:46,40,0,8,40
2022-11-21T01:20:01,40,0,8,40
2022-11-21T01:29:15,40,0,8,40
2022-11-21T01:38:29,40,0,8,40
2022-11-21T01:47:43,40,0,8,40
2022-11-21T01:56:56,40,0,8,40
2022-11-21T02:06:11,40,0,8,40
2022-11-21T02:15:25,40,0,8,40
2022-11-21T02:24:39,40,0,8,40
2022-11-21T02:33:53,40,0,8,40
2022-11-21T02:43:15,40,0,8,40
2022-11-21T02:52:27,40,0,8,40
2022-11-21T03:01:39,40,0,8,40
2022-11-21T03:10:57,40,0,8,40
2022-11-21T03:20:08,40,0,8,40
2022-11-21T03:29:21,40,0,8,40
2022-11-21T03:38:33,40,0,8,40
2022-11-21T03:47:47,40,0,8,40
2022-11-21T03:57:01,40,0,8,40
2022-11-21T04:06:16,40,0,8,40
2022-11-21T04:28:15,40,0,8,40
2022-11-21T04:37:29,40,0,8,40
2022-11-21T04:48:12,40,0,8,40
2022-11-21T04:57:26,40,0,8,40
2022-11-21T05:06:37,40,0,8,40
2022-11-21T05:15:51,40,0,8,40
2022-11-21T05:25:02,40,0,8,40
2022-11-21T05:34:12,40,0,8,40
2022-11-21T05:43:24,40,0,8,40
2022-11-21T05:52:37,40,0,8,40
2022-11-21T06:01:52,40,0,8,40
2022-11-21T06:11:06,40,0,8,40
2022-11-21T06:20:21,40,0,8,40
2022-11-21T06:29:34,40,0,8,40
2022-11-21T06:38:46,40,0,8,40
2022-11-21T06:47:59,40,0,8,40
2022-11-21T06:57:11,40,0,8,40
2022-11-21T07:06:23,40,0,8,40
2022-11-21T07:15:36,40,0,8,40
2022-11-21T07:24:51,40,0,8,40
2022-11-21T07:34:04,40,0,8,40
2022-11-21T07:43:18,40,0,8,40
2022-11-21T07:52:32,40,0,8,40
2022-11-21T08:01:50,40,0,8,40
2022-11-21T08:11:05,40,0,8,40
2022-11-21T08:20:19,40,0,8,40
2022-11-21T08:29:47,40,0,8,40
2022-11-21T08:39:01,40,0,8,40
2022-11-21T08:48:14,40,0,8,40
2022-11-21T08:57:28,40,0,8,40
2022-11-21T09:06:42,40,0,8,40
2022-11-21T09:15:55,40,0,8,40
2022-11-21T09:25:09,40,0,8,40
2022-11-21T09:34:22,40,0,8,40
2022-11-21T09:43:35,40,0,8,40
2022-11-21T09:52:49,40,0,8,40
2022-11-21T10:02:04,40,0,8,40
2022-11-21T10:11:20,40,0,8,40
2022-11-21T10:20:35,40,0,8,40
2022-11-21T10:29:50,40,0,8,40
2022-11-21T10:39:05,40,0,8,40
2022-11-21T10:48:31,40,0,8,40
2022-11-21T10:57:45,40,0,8,40
2022-11-21T11:06:59,40,0,8,40
2022-11-21T11:16:29,40,0,8,40
2022-11-21T11:25:45,40,0,8,40
2022-11-21T11:34:59,40,0,8,40
2022-11-21T11:44:14,40,0,8,40
2022-11-21T11:53:29,40,0,8,40
2022-11-21T12:02:56,40,0,8,40
2022-11-21T12:12:11,40,0,8,40
2022-11-21T12:21:25,40,0,8,40
2022-11-21T12:30:40,40,0,8,40
2022-11-21T12:39:57,40,0,8,40
2022-11-21T12:49:14,40,0,8,40
2022-11-21T12:58:34,40,0,8,40
2022-11-21T13:07:57,40,0,8,40
2022-11-21T13:17:12,40,0,8,40
2022-11-21T13:26:36,40,0,8,40
2022-11-21T13:35:51,40,0,8,40
2022-11-21T13:45:05,40,0,8,40
2022-11-21T13:54:20,40,0,8,40
2022-11-21T14:03:37,40,0,8,40
2022-11-21T14:12:51,40,0,8,40
2022-11-21T14:22:06,40,0,8,40
2022-11-21T14:31:32,40,0,8,40
2022-11-21T14:40:48,40,0,8,40
2022-11-21T14:50:04,40,0,8,40
2022-11-21T14:59:20,40,0,8,40
2022-11-21T15:08:36,40,0,8,40
2022-11-21T15:17:52,40,0,8,40
2022-11-21T15:27:06,40,0,8,40
2022-11-21T15:36:22,40,0,8,40
2022-11-21T15:45:46,40,0,8,40
2022-11-21T15:55:01,40,0,8,40
2022-11-21T16:04:17,40,0,8,40
2022-11-21T16:13:31,40,0,8,40
2022-11-21T16:22:45,40,0,8,40
2022-11-21T16:31:59,40,0,8,40
2022-11-21T16:41:14,40,0,8,40
2022-11-21T16:50:41,40,0,8,40
2022-11-21T16:59:56,40,0,8,40
2022-11-21T17:09:11,40,0,8,40
2022-11-21T17:18:27,40,0,8,40
2022-11-21T17:27:42,40,0,8,40
2022-11-21T17:36:55,40,0,8,40
2022-11-21T17:46:10,40,0,8,40
2022-11-21T17:55:25,40,0,8,40
2022-11-21T18:04:40,40,0,8,40
2022-11-21T18:13:55,40,0,8,40
2022-11-21T18:23:20,40,0,8,40
2022-11-21T18:32:35,40,0,8,40
2022-11-21T18:41:50,40,0,8,40
2022-11-21T18:51:05,40,0,8,40
2022-11-21T19:00:20,40,0,8,40
2022-11-21T19:09:35,40,0,8,40
2022-11-21T19:18:48,40,0,8,40
2022-11-21T19:28:10,40,0,8,40
2022-11-21T19:37:23,40,0,8,40
2022-11-21T19:46:36,40,0,8,40
2022-11-21T19:55:49,40,0,8,40
2022-11-21T20:05:02,40,0,8,40
2022-11-21T20:14:15,40,0,8,40
2022-11-21T20:23:28,40,0,8,40
2022-11-21T20:32:42,40,0,8,40
2022-11-21T20:41:55,40,0,8,40
2022-11-21T20:51:08,40,0,8,40
2022-11-21T21:00:29,40,0,8,40
2022-11-21T21:09:42,40,0,8,40
2022-11-21T21:18:55,40,0,8,40
2022-11-21T21:28:08,40,0,8,40
2022-11-21T21:37:21,40,0,8,40
2022-11-21T21:46:34,40,0,8,40
2022-11-21T21:55:47,40,0,8,40
2022-11-21T22:04:59,40,0,8,40
2022-11-21T22:14:13,40,0,8,40
2022-11-21T22:23:25,40,0,8,40
2022-11-21T22:32:38,40,0,8,40
2022-11-21T22:42:02,40,0,8,40
2022-11-21T22:51:15,40,0,8,40
2022-11-21T23:00:28,40,0,8,40
2022-11-21T23:09:42,40,0,8,40
2022-11-21T23:18:55,40,0,8,40
2022-11-21T23:28:09,40,0,8,40
2022-11-21T23:37:22,40,0,8,40
2022-11-21T23:46:35,40,0,8,40
2022-11-21T23:55:49,40,0,8,40
2022-11-22T00:05:04,40,0,8,40
2022-11-22T00:14:19,40,0,8,40
2022-11-22T00:23:34,40,0,8,40
2022-11-22T00:32:59,40,0,8,40
2022-11-22T00:42:15,40,0,8,40
2022-11-22T00:51:31,40,0,8,40
2022-11-22T01:00:46,40,0,8,40
2022-11-22T01:10:03,40,0,8,40
2022-11-22T01:19:18,40,0,8,40
2022-11-22T01:28:32,40,0,8,40
2022-11-22T01:37:49,40,0,8,40
2022-11-22T01:47:03,40,0,8,40
2022-11-22T01:56:19,40,0,8,40
2022-11-22T02:05:34,40,0,8,40
2022-11-22T02:14:47,40,0,8,40
2022-11-22T02:24:01,40,0,8,40
2022-11-22T02:33:15,40,0,8,40
2022-11-22T02:42:41,40,0,8,40
2022-11-22T02:51:53,40,0,8,40
2022-11-22T03:01:06,40,0,8,40
2022-11-22T03:10:19,40,0,8,40
2022-11-22T03:19:32,40,0,8,40
2022-11-22T03:28:44,40,0,8,40
2022-11-22T03:38:01,40,0,8,40
2022-11-22T03:47:18,40,0,8,40
2022-11-22T03:56:34,40,0,8,40
2022-11-22T04:05:50,40,0,8,40
2022-11-22T04:20:19,40,0,8,40
2022-11-22T04:29:36,40,0,8,40
2022-11-22T04:40:10,40,0,8,40
2022-11-22T04:49:43,40,0,8,40
2022-11-22T04:58:59,40,0,8,40
2022-11-22T05:08:14,40,0,8,40
2022-11-22T05:17:30,40,0,8,40
2022-11-22T05:26:45,40,0,8,40
2022-11-22T05:36:00,40,0,8,40
2022-11-22T05:45:17,40,0,8,40
2022-11-22T05:54:34,40,0,8,40
2022-11-22T06:03:52,40,0,8,40
2022-11-22T06:13:10,40,0,8,40
2022-11-22T06:22:27,40,0,8,40
2022-11-22T06:31:43,40,0,8,40
2022-11-22T06:40:57,40,0,8,40
2022-11-22T06:50:12,40,0,8,40
2022-11-22T06:59:25,40,0,8,40
2022-11-22T07:08:45,40,0,8,40
2022-11-22T07:18:00,40,0,8,40
2022-11-22T07:27:15,40,0,8,40
2022-11-22T07:36:32,40,0,8,40
2022-11-22T07:45:48,40,0,8,40
2022-11-22T07:55:04,40,0,8,40
2022-11-22T08:04:20,40,0,8,40
2022-11-22T08:13:38,40,0,8,40
2022-11-22T08:22:55,40,0,8,40
2022-11-22T08:32:40,40,0,8,40
2022-11-22T08:41:56,40,0,8,40
2022-11-22T08:51:11,40,0,8,40
2022-11-22T09:00:27,40,0,8,40
2022-11-22T09:09:43,40,0,8,40
2022-11-22T09:18:58,40,0,8,40
2022-11-22T09:28:14,40,0,8,40
2022-11-22T09:37:30,40,0,8,40
2022-11-22T09:46:46,40,0,8,40
2022-11-22T09:56:01,40,0,8,40
2022-11-22T10:05:16,40,0,8,40
2022-11-22T10:14:33,40,0,8,40
2022-11-22T10:23:53,40,0,8,40
2022-11-22T10:33:09,40,0,8,40
2022-11-22T10:42:26,40,0,8,40
2022-11-22T10:51:53,40,0,8,40
2022-11-22T11:01:09,40,0,8,40
2022-11-22T11:10:27,40,0,8,40
2022-11-22T11:19:44,40,0,8,40
2022-11-22T11:29:01,40,0,8,40
2022-11-22T11:38:17,40,0,8,40
2022-11-22T11:47:34,40,0,8,40
2022-11-22T11:56:51,40,0,8,40
2022-11-22T12:06:20,40,0,8,40
2022-11-22T12:15:36,40,0,8,40
2022-11-22T12:24:53,40,0,8,40
2022-11-22T12:34:12,40,0,8,40
2022-11-22T12:43:29,40,0,8,40
2022-11-22T12:52:45,40,0,8,40
2022-11-22T13:02:04,40,0,8,40
2022-11-22T13:11:21,40,0,8,40
2022-11-22T13:20:40,40,0,8,40
2022-11-22T13:30:29,40,0,8,40
2022-11-22T13:39:47,40,0,8,40
2022-11-22T13:49:05,40,0,8,40
2022-11-22T13:58:24,40,0,8,40
2022-11-22T14:07:42,40,0,8,40
2022-11-22T14:16:59,40,0,8,40
2022-11-22T14:26:17,40,0,8,40
2022-11-22T14:35:45,40,0,8,40
2022-11-22T14:45:05,40,0,8,40
2022-11-22T14:54:22,40,0,8,40
2022-11-22T15:03:40,40,0,8,40
2022-11-22T15:12:57,40,0,8,40
2022-11-22T15:22:13,40,0,8,40
2022-11-22T15:31:30,40,0,8,40
2022-11-22T15:40:47,40,0,8,40
2022-11-22T15:50:15,40,0,8,40
2022-11-22T15:59:31,40,0,8,40
2022-11-22T16:08:47,40,0,8,40
2022-11-22T16:18:03,40,0,8,40
2022-11-22T16:27:20,40,0,8,40
2022-11-22T16:36:37,40,0,8,40
2022-11-22T16:45:53,40,0,8,40
2022-11-22T16:55:09,40,0,8,40
2022-11-22T17:04:25,40,0,8,40
2022-11-22T17:13:42,40,0,8,40
2022-11-22T17:23:24,40,0,8,40
2022-11-22T17:32:40,40,0,8,40
2022-11-22T17:41:57,40,0,8,40
2022-11-22T17:51:15,40,0,8,40
2022-11-22T18:00:33,40,0,8,40
2022-11-22T18:09:50,40,0,8,40
2022-11-22T18:19:07,40,0,8,40
2022-11-22T18:28:23,40,0,8,40
2022-11-22T18:37:39,40,0,8,40
2022-11-22T18:46:56,40,0,8,40
2022-11-22T18:56:24,40,0,8,40
2022-11-22T19:05:40,40,0,8,40
2022-11-22T19:14:56,40,0,8,40
2022-11-22T19:24:11,40,0,8,40
2022-11-22T19:33:27,40,0,8,40
2022-11-22T19:42:42,40,0,8,40
2022-11-22T19:51:56,40,0,8,40
2022-11-22T20:01:10,40,0,8,40
2022-11-22T20:10:23,40,0,8,40
2022-11-22T20:19:37,40,0,8,40
2022-11-22T20:29:02,40,0,8,40
2022-11-22T20:38:17,40,0,8,40
2022-11-22T20:47:30,40,0,8,40
2022-11-22T20:56:44,40,0,8,40
2022-11-22T21:05:58,40,0,8,40
2022-11-22T21:15:11,40,0,8,40
2022-11-22T21:24:25,40,0,8,40
2022-11-22T21:33:40,40,0,8,40
2022-11-22T21:42:53,40,0,8,40
2022-11-22T21:52:06,40,0,8,40
2022-11-22T22:01:19,40,0,8,40
2022-11-22T22:10:33,40,0,8,40
2022-11-22T22:19:46,40,0,8,40
2022-11-22T22:28:59,40,0,8,40
2022-11-22T22:38:13,40,0,8,40
2022-11-22T22:47:35,40,0,8,40
2022-11-22T22:56:49,40,0,8,40
2022-11-22T23:06:02,40,0,8,40
2022-11-22T23:15:15,40,0,8,40
2022-11-22T23:24:29,40,0,8,40
2022-11-22T23:33:42,40,0,8,40
2022-11-22T23:42:55,40,0,8,40
2022-11-22T23:52:08,40,0,8,40
2022-11-23T00:01:21,40,0,8,40
2022-11-23T00:10:36,40,0,8,40
2022-11-23T00:19:52,40,0,8,40
2022-11-23T00:29:07,40,0,8,40
2022-11-23T00:38:24,40,0,8,40
2022-11-23T00:47:39,40,0,8,40
2022-11-23T00:56:56,40,0,8,40
2022-11-23T01:06:12,40,0,8,40
2022-11-23T01:15:40,40,0,8,40
2022-11-23T01:24:58,40,0,8,40
2022-11-23T01:34:14,40,0,8,40
2022-11-23T01:43:31,40,0,8,40
2022-11-23T01:52:47,40,0,8,40
2022-11-23T02:02:03,40,0,8,40
2022-11-23T02:11:18,40,0,8,40
2022-11-23T02:20:32,40,0,8,40
2022-11-23T02:29:48,40,0,8,40
2022-11-23T02:39:05,40,0,8,40
2022-11-23T02:48:20,40,0,8,40
2022-11-23T02:57:35,40,0,8,40
2022-11-23T03:06:50,40,0,8,40
2022-11-23T03:16:04,40,0,8,40
2022-11-23T03:25:18,40,0,8,40
2022-11-23T03:34:32,40,0,8,40
2022-11-23T03:43:48,40,0,8,40
2022-11-23T03:53:04,40,0,8,40
2022-11-23T04:02:19,40,0,8,40
2022-11-23T04:25:30,40,0,8,40
2022-11-23T04:35:15,40,0,8,40
2022-11-23T04:44:32,40,0,8,40
2022-11-23T04:53:49,40,0,8,40
2022-11-23T05:03:04,40,0,8,40
2022-11-23T05:12:17,40,0,8,40
2022-11-23T05:21:30,40,0,8,40
2022-11-23T05:30:43,40,0,8,40
2022-11-23T05:41:22,40,0,8,40
2022-11-23T05:50:58,40,0,8,40
2022-11-23T06:00:16,40,0,8,40
2022-11-23T06:09:34,40,0,8,40
2022-11-23T06:18:51,40,0,8,40
2022-11-23T06:28:08,40,0,8,40
2022-11-23T06:37:23,40,0,8,40
2022-11-23T06:46:38,40,0,8,40
2022-11-23T06:55:53,40,0,8,40
2022-11-23T07:05:08,40,0,8,40
2022-11-23T07:14:24,40,0,8,40
2022-11-23T07:23:40,40,0,8,40
2022-11-23T07:32:56,40,0,8,40
2022-11-23T07:42:13,40,0,8,40
2022-11-23T07:51:29,40,0,8,40
2022-11-23T08:00:46,40,0,8,40
2022-11-23T08:10:02,40,0,8,40
2022-11-23T08:19:19,40,0,8,40
2022-11-23T08:28:36,40,0,8,40
2022-11-23T08:38:01,40,0,8,40
2022-11-23T08:47:16,40,0,8,40
2022-11-23T08:56:34,40,0,8,40
2022-11-23T09:05:50,40,0,8,40
2022-11-23T09:15:06,40,0,8,40
2022-11-23T09:24:22,40,0,8,40
2022-11-23T09:33:38,40,0,8,40
2022-11-23T09:42:54,40,0,8,40
2022-11-23T09:52:11,40,0,8,40
2022-11-23T10:01:27,40,0,8,40
2022-11-23T10:10:43,40,0,8,40
2022-11-23T10:19:59,40,0,8,40
2022-11-23T10:29:15,40,0,8,40
2022-11-23T10:38:31,40,0,8,40
2022-11-23T10:47:46,40,0,8,40
2022-11-23T10:57:02,40,0,8,40
2022-11-23T11:06:18,40,0,8,40
2022-11-23T11:15:34,40,0,8,40
2022-11-23T11:24:49,40,0,8,40
2022-11-23T11:34:19,40,0,8,40
2022-11-23T11:43:34,40,0,8,40
2022-11-23T11:52:50,40,0,8,40
2022-11-23T12:02:07,40,0,8,40
2022-11-23T12:11:23,40,0,8,40
2022-11-23T12:20:39,40,0,8,40
2022-11-23T12:29:55,40,0,8,40
2022-11-23T12:39:11,40,0,8,40
2022-11-23T12:48:27,40,0,8,40
2022-11-23T12:57:46,40,0,8,40
2022-11-23T13:07:03,40,0,8,40
2022-11-23T13:16:30,40,0,8,40
2022-11-23T13:25:46,40,0,8,40
2022-11-23T13:35:03,40,0,8,40
2022-11-23T13:44:19,40,0,8,40
2022-11-23T13:53:36,40,0,8,40
2022-11-23T14:02:54,40,0,8,40
2022-11-23T14:12:12,40,0,8,40
2022-11-23T14:21:30,40,0,8,40
2022-11-23T14:30:47,40,0,8,40
2022-11-23T14:40:04,40,0,8,40
2022-11-23T14:49:20,40,0,8,40
2022-11-23T14:58:47,40,0,8,40
2022-11-23T15:08:03,40,0,8,40
2022-11-23T15:17:19,40,0,8,40
2022-11-23T15:26:36,40,0,8,40
2022-11-23T15:35:53,40,0,8,40
2022-11-23T15:45:10,40,0,8,40
2022-11-23T15:54:27,40,0,8,40
2022-11-23T16:03:44,40,0,8,40
2022-11-23T16:12:59,40,0,8,40
2022-11-23T16:22:15,40,0,8,40
2022-11-23T16:31:31,40,0,8,40
2022-11-23T16:40:47,40,0,8,40
2022-11-23T16:50:03,40,0,8,40
2022-11-23T16:59:19,40,0,8,40
2022-11-23T17:08:36,40,0,8,40
2022-11-23T17:17:51,40,0,8,40
2022-11-23T17:27:17,40,0,8,40
2022-11-23T17:36:33,40,0,8,40
2022-11-23T17:45:48,40,0,8,40
2022-11-23T17:55:04,40,0,8,40
2022-11-23T18:04:19,40,0,8,40
2022-11-23T18:13:35,40,0,8,40
2022-11-23T18:22:50,40,0,8,40
2022-11-23T18:32:08,40,0,8,40
2022-11-23T18:41:25,40,0,8,40
2022-11-23T18:50:42,40,0,8,40
2022-11-23T18:59:58,40,0,8,40
2022-11-23T19:09:15,40,0,8,40
2022-11-23T19:18:32,40,0,8,40
2022-11-23T19:27:49,40,0,8,40
2022-11-23T19:37:07,40,0,8,40
2022-11-23T19:46:24,40,0,8,40
2022-11-23T19:55:41,40,0,8,40
2022-11-23T20:04:58,40,0,8,40
2022-11-23T20:14:25,40,0,8,40
2022-11-23T20:23:42,40,0,8,40
2022-11-23T20:32:59,40,0,8,40
2022-11-23T20:42:17,40,0,8,40
2022-11-23T20:51:33,40,0,8,40
2022-11-23T21:00:49,40,0,8,40
2022-11-23T21:10:06,40,0,8,40
2022-11-23T21:19:23,40,0,8,40
2022-11-23T21:28:40,40,0,8,40
2022-11-23T21:37:57,40,0,8,40
2022-11-23T21:47:13,40,0,8,40
2022-11-23T21:56:29,40,0,8,40
2022-11-23T22:05:45,40,0,8,40
2022-11-23T22:15:02,40,0,8,40
2022-11-23T22:24:19,40,0,8,40
2022-11-23T22:33:37,40,0,8,40
2022-11-23T22:42:54,40,0,8,40
2022-11-23T22:52:10,40,0,8,40
2022-11-23T23:01:27,40,0,8,40
2022-11-23T23:10:44,40,0,8,40
2022-11-23T23:20:00,40,0,8,40
2022-11-23T23:29:18,40,0,8,40
2022-11-23T23:38:46,40,0,8,40
2022-11-23T23:48:02,40,0,8,40
2022-11-23T23:57:19,40,0,8,40
2022-11-24T00:06:37,40,0,8,40
2022-11-24T00:15:56,40,0,8,40
2022-11-24T00:25:16,40,0,8,40
2022-11-24T00:34:36,40,0,8,40
2022-11-24T00:43:56,40,0,8,40
2022-11-24T00:53:17,40,0,8,40
2022-11-24T01:02:36,40,0,8,40
2022-11-24T01:11:58,40,0,8,40
2022-11-24T01:21:18,40,0,8,40
2022-11-24T01:30:37,40,0,8,40
2022-11-24T01:39:54,40,0,8,40
2022-11-24T01:49:11,40,0,8,40
2022-11-24T01:58:28,40,0,8,40
2022-11-24T02:07:47,40,0,8,40
2022-11-24T02:17:07,40,0,8,40
2022-11-24T02:26:25,40,0,8,40
2022-11-24T02:35:47,40,0,8,40
2022-11-24T02:45:08,40,0,8,40
2022-11-24T02:54:25,40,0,8,40
2022-11-24T03:03:42,40,0,8,40
2022-11-24T03:12:59,40,0,8,40
2022-11-24T03:22:16,40,0,8,40
2022-11-24T03:31:33,40,0,8,40
2022-11-24T03:40:52,40,0,8,40
2022-11-24T03:50:12,40,0,8,40
2022-11-24T03:59:31,40,0,8,40
2022-11-24T04:08:54,40,0,8,40
2022-11-24T04:27:25,40,0,8,40
2022-11-24T04:36:47,40,0,8,40
2022-11-24T04:46:07,40,0,8,40
2022-11-24T04:56:55,40,0,8,40
2022-11-24T05:06:16,40,0,8,40
2022-11-24T05:15:39,40,0,8,40
2022-11-24T05:25:00,40,0,8,40
2022-11-24T05:34:21,40,0,8,40
2022-11-24T05:43:42,40,0,8,40
2022-11-24T05:53:03,40,0,8,40
2022-11-24T06:02:26,40,0,8,40
2022-11-24T06:11:48,40,0,8,40
2022-11-24T06:21:09,40,0,8,40
2022-11-24T06:30:31,40,0,8,40
2022-11-24T06:39:54,40,0,8,40
2022-11-24T06:49:16,40,0,8,40
2022-11-24T06:58:39,40,0,8,40
2022-11-24T07:08:03,40,0,8,40
2022-11-24T07:17:26,40,0,8,40
2022-11-24T07:26:49,40,0,8,40
2022-11-24T07:36:13,40,0,8,40
2022-11-24T07:45:35,40,0,8,40
2022-11-24T07:54:59,40,0,8,40
2022-11-24T08:04:22,40,0,8,40
2022-11-24T08:13:44,40,0,8,40
2022-11-24T08:23:07,40,0,8,40
2022-11-24T08:32:29,40,0,8,40
2022-11-24T08:41:50,40,0,8,40
2022-11-24T08:51:11,40,0,8,40
2022-11-24T09:00:33,40,0,8,40
2022-11-24T09:09:55,40,0,8,40
2022-11-24T09:19:16,40,0,8,40
2022-11-24T09:28:36,40,0,8,40
2022-11-24T09:37:56,40,0,8,40
2022-11-24T09:47:17,40,0,8,40
2022-11-24T09:56:35,40,0,8,40
2022-11-24T10:05:51,40,0,8,40
2022-11-24T10:15:08,40,0,8,40
2022-11-24T10:24:24,40,0,8,40
2022-11-24T10:33:39,40,0,8,40
2022-11-24T10:42:54,40,0,8,40
2022-11-24T10:52:09,40,0,8,40
2022-11-24T11:01:25,40,0,8,40
2022-11-24T11:10:40,40,0,8,40
2022-11-24T11:19:55,40,0,8,40
2022-11-24T11:29:10,40,0,8,40
2022-11-24T11:38:26,40,0,8,40
2022-11-24T11:47:41,40,0,8,40
2022-11-24T11:57:01,40,0,8,40
2022-11-24T12:06:16,40,0,8,40
2022-11-24T12:15:32,40,0,8,40
2022-11-24T12:24:47,40,0,8,40
2022-11-24T12:34:02,40,0,8,40
2022-11-24T12:43:16,40,0,8,40
2022-11-24T12:52:31,40,0,8,40
2022-11-24T13:01:46,40,0,8,40
2022-11-24T13:11:00,40,0,8,40
2022-11-24T13:20:15,40,0,8,40
2022-11-24T13:29:29,40,0,8,40
2022-11-24T13:38:43,40,0,8,40
2022-11-24T13:47:58,40,0,8,40
2022-11-24T13:57:12,40,0,8,40
2022-11-24T14:06:26,40,0,8,40
2022-11-24T14:15:40,40,0,8,40
2022-11-24T14:24:55,40,0,8,40
2022-11-24T14:34:10,40,0,8,40
2022-11-24T14:43:24,40,0,8,40
2022-11-24T14:52:38,40,0,8,40
2022-11-24T15:01:52,40,0,8,40
2022-11-24T15:11:06,40,0,8,40
2022-11-24T15:20:20,40,0,8,40
2022-11-24T15:29:35,40,0,8,40
2022-11-24T15:38:49,40,0,8,40
2022-11-24T15:48:03,40,0,8,40
2022-11-24T15:57:17,40,0,8,40
2022-11-24T16:06:31,40,0,8,40
2022-11-24T16:15:45,40,0,8,40
2022-11-24T16:25:00,40,0,8,40
2022-11-24T16:34:13,40,0,8,40
2022-11-24T16:43:27,40,0,8,40
2022-11-24T16:52:41,40,0,8,40
2022-11-24T17:01:54,40,0,8,40
2022-11-24T17:11:08,40,0,8,40
2022-11-24T17:20:22,40,0,8,40
2022-11-24T17:29:37,40,0,8,40
2022-11-24T17:38:51,40,0,8,40
2022-11-24T17:48:05,40,0,8,40
2022-11-24T17:57:19,40,0,8,40
2022-11-24T18:06:33,40,0,8,40
2022-11-24T18:15:47,40,0,8,40
2022-11-24T18:25:02,40,0,8,40
2022-11-24T18:34:16,40,0,8,40
2022-11-24T18:43:31,40,0,8,40
2022-11-24T18:52:44,40,0,8,40
2022-11-24T19:01:59,40,0,8,40
2022-11-24T19:11:13,40,0,8,40
2022-11-24T19:20:27,40,0,8,40
2022-11-24T19:29:41,40,0,8,40
2022-11-24T19:38:55,40,0,8,40
2022-11-24T19:48:21,40,0,8,40
2022-11-24T19:57:35,40,0,8,40
2022-11-24T20:06:50,40,0,8,40
2022-11-24T20:16:03,40,0,8,40
2022-11-24T20:25:17,40,0,8,40
2022-11-24T20:34:31,40,0,8,40
2022-11-24T20:43:45,40,0,8,40
2022-11-24T20:52:58,40,0,8,40
2022-11-24T21:02:13,40,0,8,40
2022-11-24T21:11:28,40,0,8,40
2022-11-24T21:20:43,40,0,8,40
2022-11-24T21:29:57,40,0,8,40
2022-11-24T21:39:12,40,0,8,40
2022-11-24T21:48:26,40,0,8,40
2022-11-24T21:57:40,40,0,8,40
2022-11-24T22:06:55,40,0,8,40
2022-11-24T22:16:09,40,0,8,40
2022-11-24T22:25:23,40,0,8,40
2022-11-24T22:34:38,40,0,8,40
2022-11-24T22:43:52,40,0,8,40
2022-11-24T22:53:06,40,0,8,40
2022-11-24T23:02:20,40,0,8,40
2022-11-24T23:11:36,40,0,8,40
2022-11-24T23:20:52,40,0,8,40
2022-11-24T23:30:07,40,0,8,40
2022-11-24T23:39:21,40,0,8,40
2022-11-24T23:48:35,40,0,8,40
2022-11-24T23:57:49,40,0,8,40
2022-11-25T00:07:04,40,0,8,40
2022-11-25T00:16:23,40,0,8,40
2022-11-25T00:25:38,40,0,8,40
2022-11-25T00:34:54,40,0,8,40
2022-11-25T00:44:10,40,0,8,40
2022-11-25T00:53:26,40,0,8,40
2022-11-25T01:02:41,40,0,8,40
2022-11-25T01:11:58,40,0,8,40
2022-11-25T01:21:15,40,0,8,40
2022-11-25T01:30:32,40,0,8,40
2022-11-25T01:39:57,40,0,8,40
2022-11-25T01:49:10,40,0,8,40
2022-11-25T01:58:28,40,0,8,40
2022-11-25T02:07:44,40,0,8,40
2022-11-25T02:17:01,40,0,8,40
2022-11-25T02:26:17,40,0,8,40
2022-11-25T02:35:35,40,0,8,40
2022-11-25T02:44:50,40,0,8,40
2022-11-25T02:54:04,40,0,8,40
2022-11-25T03:03:19,40,0,8,40
2022-11-25T03:12:35,40,0,8,40
2022-11-25T03:21:51,40,0,8,40
2022-11-25T03:31:06,40,0,8,40
2022-11-25T03:40:23,40,0,8,40
2022-11-25T03:49:40,40,0,8,40
2022-11-25T03:58:57,40,0,8,40
2022-11-25T04:20:35,40,0,8,40
2022-11-25T04:29:53,40,0,8,40
2022-11-25T04:40:24,40,0,8,40
2022-11-25T04:49:58,40,0,8,40
2022-11-25T04:59:14,40,0,8,40
2022-11-25T05:08:29,40,0,8,40
2022-11-25T05:17:44,40,0,8,40
2022-11-25T05:26:59,40,0,8,40
2022-11-25T05:36:13,40,0,8,40
2022-11-25T05:45:28,40,0,8,40
2022-11-25T05:54:45,40,0,8,40
2022-11-25T06:04:05,40,0,8,40
2022-11-25T06:13:23,40,0,8,40
2022-11-25T06:22:42,40,0,8,40
2022-11-25T06:32:00,40,0,8,40
2022-11-25T06:41:17,40,0,8,40
2022-11-25T06:50:34,40,0,8,40
2022-11-25T06:59:50,40,0,8,40
2022-11-25T07:09:07,40,0,8,40
2022-11-25T07:18:24,40,0,8,40
2022-11-25T07:27:42,40,0,8,40
2022-11-25T07:36:59,40,0,8,40
2022-11-25T07:46:17,40,0,8,40
2022-11-25T07:55:36,40,0,8,40
2022-11-25T08:04:53,40,0,8,40
2022-11-25T08:14:09,40,0,8,40
2022-11-25T08:23:26,40,0,8,40
2022-11-25T08:32:43,40,0,8,40
2022-11-25T08:42:02,40,0,8,40
2022-11-25T08:51:19,40,0,8,40
2022-11-25T09:00:34,40,0,8,40
2022-11-25T09:09:50,40,0,8,40
2022-11-25T09:19:06,40,0,8,40
2022-11-25T09:28:22,40,0,8,40
2022-11-25T09:37:38,40,0,8,40
2022-11-25T09:46:54,40,0,8,40
2022-11-25T09:56:10,40,0,8,40
2022-11-25T10:05:25,40,0,8,40
2022-11-25T10:14:42,40,0,8,40
2022-11-25T10:23:57,40,0,8,40
2022-11-25T10:33:13,40,0,8,40
2022-11-25T10:42:29,40,0,8,40
2022-11-25T10:51:45,40,0,8,40
2022-11-25T11:01:00,40,0,8,40
2022-11-25T11:10:16,40,0,8,40
2022-11-25T11:19:32,40,0,8,40
2022-11-25T11:28:47,40,0,8,40
2022-11-25T11:38:03,40,0,8,40
2022-11-25T11:47:19,40,0,8,40
2022-11-25T11:56:35,40,0,8,40
2022-11-25T12:05:53,40,0,8,40
2022-11-25T12:15:09,40,0,8,40
2022-11-25T12:24:26,40,0,8,40
2022-11-25T12:33:42,40,0,8,40
2022-11-25T12:42:58,40,0,8,40
2022-11-25T12:52:16,40,0,8,40
2022-11-25T13:01:33,40,0,8,40
2022-11-25T13:10:49,40,0,8,40
2022-11-25T13:20:04,40,0,8,40
2022-11-25T13:29:24,40,0,8,40
2022-11-25T13:38:45,40,0,8,40
2022-11-25T13:48:06,40,0,8,40
2022-11-25T13:57:27,40,0,8,40
2022-11-25T14:06:50,40,0,8,40
2022-11-25T14:16:12,40,0,8,40
2022-11-25T14:25:33,40,0,8,40
2022-11-25T14:35:18,40,0,8,40
2022-11-25T14:44:40,40,0,8,40
2022-11-25T14:54:00,40,0,8,40
2022-11-25T15:03:18,40,0,8,40
2022-11-25T15:12:37,40,0,8,40
2022-11-25T15:21:56,40,0,8,40
2022-11-25T15:31:11,40,0,8,40
2022-11-25T15:40:27,40,0,8,40
2022-11-25T15:49:42,40,0,8,40
2022-11-25T15:58:58,40,0,8,40
2022-11-25T16:08:15,40,0,8,40
2022-11-25T16:17:30,40,0,8,40
2022-11-25T16:26:46,40,0,8,40
2022-11-25T16:36:02,40,0,8,40
2022-11-25T16:45:18,40,0,8,40
2022-11-25T16:54:33,40,0,8,40
2022-11-25T17:03:49,40,0,8,40
2022-11-25T17:13:05,40,0,8,40
2022-11-25T17:22:21,40,0,8,40
2022-11-25T17:31:39,40,0,8,40
2022-11-25T17:40:56,40,0,8,40
2022-11-25T17:50:12,40,0,8,40
2022-11-25T17:59:28,40,0,8,40
2022-11-25T18:08:44,40,0,8,40
2022-11-25T18:18:00,40,0,8,40
2022-11-25T18:27:17,40,0,8,40
2022-11-25T18:36:34,40,0,8,40
2022-11-25T18:45:51,40,0,8,40
2022-11-25T18:55:07,40,0,8,40
2022-11-25T19:04:24,40,0,8,40
2022-11-25T19:13:41,40,0,8,40
2022-11-25T19:22:59,40,0,8,40
2022-11-25T19:32:24,40,0,8,40
2022-11-25T19:41:41,40,0,8,40
2022-11-25T19:50:58,40,0,8,40
2022-11-25T20:00:15,40,0,8,40
2022-11-25T20:09:31,40,0,8,40
2022-11-25T20:18:48,40,0,8,40
2022-11-25T20:28:04,40,0,8,40
2022-11-25T20:37:20,40,0,8,40
2022-11-25T20:46:34,40,0,8,40
2022-11-25T20:55:49,40,0,8,40
2022-11-25T21:05:03,40,0,8,40
2022-11-25T21:14:19,40,0,8,40
2022-11-25T21:23:34,40,0,8,40
2022-11-25T21:32:50,40,0,8,40
2022-11-25T21:42:05,40,0,8,40
2022-11-25T21:51:21,40,0,8,40
2022-11-25T22:00:35,40,0,8,40
2022-11-25T22:09:51,40,0,8,40
2022-11-25T22:19:06,40,0,8,40
2022-11-25T22:28:22,40,0,8,40
2022-11-25T22:37:37,40,0,8,40
2022-11-25T22:46:52,40,0,8,40
2022-11-25T22:56:18,40,0,8,40
2022-11-25T23:05:34,40,0,8,40
2022-11-25T23:14:49,40,0,8,40
2022-11-25T23:24:04,40,0,8,40
2022-11-25T23:33:18,40,0,8,40
2022-11-25T23:42:33,40,0,8,40
2022-11-25T23:51:47,40,0,8,40
2022-11-26T00:01:01,40,0,8,40
2022-11-26T00:10:16,40,0,8,40
2022-11-26T00:19:34,40,0,8,40
2022-11-26T00:28:49,40,0,8,40
2022-11-26T00:38:05,40,0,8,40
2022-11-26T00:47:22,40,0,8,40
2022-11-26T00:56:38,40,0,8,40
2022-11-26T01:05:53,40,0,8,40
2022-11-26T01:15:08,40,0,8,40
2022-11-26T01:24:24,40,0,8,40
2022-11-26T01:33:39,40,0,8,40
2022-11-26T01:42:53,40,0,8,40
2022-11-26T01:52:07,40,0,8,40
2022-11-26T02:01:26,40,0,8,40
2022-11-26T02:10:43,40,0,8,40
2022-11-26T02:19:59,40,0,8,40
2022-11-26T02:29:14,40,0,8,40
2022-11-26T02:38:32,40,0,8,40
2022-11-26T02:47:47,40,0,8,40
2022-11-26T02:57:02,40,0,8,40
2022-11-26T03:06:17,40,0,8,40
2022-11-26T03:15:33,40,0,8,40
2022-11-26T03:24:48,40,0,8,40
2022-11-26T03:34:05,40,0,8,40
2022-11-26T03:43:22,40,0,8,40
2022-11-26T03:52:39,40,0,8,40
2022-11-26T04:01:56,40,0,8,40
2022-11-26T04:11:13,40,0,8,40
2022-11-26T04:31:31,40,0,8,40
2022-11-26T04:40:50,40,0,8,40
2022-11-26T04:51:34,40,0,8,40
2022-11-26T05:01:00,40,0,8,40
2022-11-26T05:10:16,40,0,8,40
2022-11-26T05:19:30,40,0,8,40
2022-11-26T05:28:45,40,0,8,40
2022-11-26T05:37:59,40,0,8,40
2022-11-26T05:47:14,40,0,8,40
2022-11-26T05:56:32,40,0,8,40
2022-11-26T06:05:50,40,0,8,40
2022-11-26T06:15:09,40,0,8,40
2022-11-26T06:24:26,40,0,8,40
2022-11-26T06:33:45,40,0,8,40
2022-11-26T06:43:01,40,0,8,40
2022-11-26T06:52:16,40,0,8,40
2022-11-26T07:01:33,40,0,8,40
2022-11-26T07:10:50,40,0,8,40
2022-11-26T07:20:07,40,0,8,40
2022-11-26T07:29:23,40,0,8,40
2022-11-26T07:38:40,40,0,8,40
2022-11-26T07:47:56,40,0,8,40
2022-11-26T07:57:13,40,0,8,40
2022-11-26T08:06:29,40,0,8,40
2022-11-26T08:15:45,40,0,8,40
2022-11-26T08:25:03,40,0,8,40
2022-11-26T08:34:23,40,0,8,40
2022-11-26T08:43:40,40,0,8,40
2022-11-26T08:52:56,40,0,8,40
2022-11-26T09:02:12,40,0,8,40
2022-11-26T09:11:27,40,0,8,40
2022-11-26T09:20:43,40,0,8,40
2022-11-26T09:30:00,40,0,8,40
2022-11-26T09:39:17,40,0,8,40
2022-11-26T09:48:35,40,0,8,40
2022-11-26T09:57:52,40,0,8,40
2022-11-26T10:07:09,40,0,8,40
2022-11-26T10:16:26,40,0,8,40
2022-11-26T10:25:42,40,0,8,40
2022-11-26T10:34:59,40,0,8,40
2022-11-26T10:44:16,40,0,8,40
2022-11-26T10:53:33,40,0,8,40
2022-11-26T11:02:49,40,0,8,40
2022-11-26T11:12:05,40,0,8,40
2022-11-26T11:21:22,40,0,8,40
2022-11-26T11:30:38,40,0,8,40
2022-11-26T11:39:55,40,0,8,40
2022-11-26T11:49:12,40,0,8,40
2022-11-26T11:58:28,40,0,8,40
2022-11-26T12:07:44,40,0,8,40
2022-11-26T12:17:11,40,0,8,40
2022-11-26T12:26:27,40,0,8,40
2022-11-26T12:35:43,40,0,8,40
2022-11-26T12:44:58,40,0,8,40
2022-11-26T12:54:13,40,0,8,40
2022-11-26T13:03:29,40,0,8,40
2022-11-26T13:12:44,40,0,8,40
2022-11-26T13:22:00,40,0,8,40
2022-11-26T13:31:16,40,0,8,40
2022-11-26T13:40:33,40,0,8,40
2022-11-26T13:49:49,40,0,8,40
2022-11-26T13:59:04,40,0,8,40
2022-11-26T14:08:20,40,0,8,40
2022-11-26T14:17:35,40,0,8,40
2022-11-26T14:26:51,40,0,8,40
2022-11-26T14:36:07,40,0,8,40
2022-11-26T14:45:23,40,0,8,40
2022-11-26T14:54:39,40,0,8,40
2022-11-26T15:03:54,40,0,8,40
2022-11-26T15:13:10,40,0,8,40
2022-11-26T15:22:26,40,0,8,40
2022-11-26T15:31:41,40,0,8,40
2022-11-26T15:40:57,40,0,8,40
2022-11-26T15:50:13,40,0,8,40
2022-11-26T15:59:37,40,0,8,40
2022-11-26T16:08:53,40,0,8,40
2022-11-26T16:18:08,40,0,8,40
2022-11-26T16:27:25,40,0,8,40
2022-11-26T16:36:41,40,0,8,40
2022-11-26T16:45:57,40,0,8,40
2022-11-26T16:55:13,40,0,8,40
2022-11-26T17:04:28,40,0,8,40
2022-11-26T17:13:44,40,0,8,40
2022-11-26T17:23:01,40,0,8,40
2022-11-26T17:32:17,40,0,8,40
2022-11-26T17:41:32,40,0,8,40
2022-11-26T17:50:48,40,0,8,40
2022-11-26T18:00:03,40,0,8,40
2022-11-26T18:09:22,40,0,8,40
2022-11-26T18:18:39,40,0,8,40
2022-11-26T18:27:55,40,0,8,40
2022-11-26T18:37:12,40,0,8,40
2022-11-26T18:46:28,40,0,8,40
2022-11-26T18:55:43,40,0,8,40
2022-11-26T19:05:00,40,0,8,40
2022-11-26T19:14:16,40,0,8,40
2022-11-26T19:23:31,40,0,8,40
2022-11-26T19:32:46,40,0,8,40
2022-11-26T19:42:00,40,0,8,40
2022-11-26T19:51:14,40,0,8,40
2022-11-26T20:00:39,40,0,8,40
2022-11-26T20:09:52,40,0,8,40
2022-11-26T20:19:06,40,0,8,40
2022-11-26T20:28:20,40,0,8,40
2022-11-26T20:37:34,40,0,8,40
2022-11-26T20:46:48,40,0,8,40
2022-11-26T20:56:02,40,0,8,40
2022-11-26T21:05:16,40,0,8,40
2022-11-26T21:14:30,40,0,9,40
2022-11-26T21:23:44,40,0,9,40
2022-11-26T21:32:59,40,0,9,40
2022-11-26T21:42:13,40,0,9,40
2022-11-26T21:51:27,40,0,9,40
2022-11-26T22:00:41,40,0,9,40
2022-11-26T22:09:56,40,0,9,40
2022-11-26T22:19:10,40,0,9,40
2022-11-26T22:28:25,40,0,9,40
2022-11-26T22:37:40,40,0,9,40
2022-11-26T22:46:54,40,0,9,40
2022-11-26T22:56:18,40,0,9,40
2022-11-26T23:05:32,40,0,9,40
2022-11-26T23:14:47,40,0,9,40
2022-11-26T23:24:02,40,0,9,40
2022-11-26T23:33:16,40,0,9,40
2022-11-26T23:42:29,40,0,9,40
2022-11-26T23:51:43,40,0,9,40
2022-11-27T00:00:57,40,0,9,40
2022-11-27T00:10:12,40,0,9,40
2022-11-27T00:19:32,40,0,9,40
2022-11-27T00:28:46,40,0,9,40
2022-11-27T00:38:01,40,0,9,40
2022-11-27T00:47:15,40,0,9,40
2022-11-27T00:56:30,40,0,9,40
2022-11-27T01:05:43,40,0,9,40
2022-11-27T01:14:58,40,0,9,40
2022-11-27T01:24:11,40,0,9,40
2022-11-27T01:33:25,40,0,9,40
2022-11-27T01:42:39,40,0,9,40
2022-11-27T01:51:53,40,0,9,40
2022-11-27T02:01:09,40,0,9,40
2022-11-27T02:10:23,40,0,9,40
2022-11-27T02:19:37,40,0,9,40
2022-11-27T02:28:51,40,0,9,40
2022-11-27T02:38:13,40,0,9,40
2022-11-27T02:47:33,40,0,9,40
2022-11-27T02:56:52,40,0,9,40
2022-11-27T03:06:08,40,0,9,40
2022-11-27T03:15:26,40,0,9,40
2022-11-27T03:24:44,40,0,9,40
2022-11-27T03:34:01,40,0,9,40
2022-11-27T03:43:19,40,0,9,40
2022-11-27T03:52:38,40,0,9,40
2022-11-27T04:01:56,40,0,9,40
2022-11-27T04:25:32,40,0,9,40
2022-11-27T04:35:14,40,0,9,40
2022-11-27T04:44:32,40,0,9,40
2022-11-27T04:53:50,40,0,9,40
2022-11-27T05:03:07,40,0,9,40
2022-11-27T05:12:23,40,0,9,40
2022-11-27T05:21:40,40,0,9,40
2022-11-27T05:30:57,40,0,9,40
2022-11-27T05:40:14,40,0,9,40
2022-11-27T05:49:32,40,0,9,40
2022-11-27T05:58:51,40,0,9,40
2022-11-27T06:08:10,40,0,9,40
2022-11-27T06:17:28,40,0,9,40
2022-11-27T06:26:46,40,0,9,40
2022-11-27T06:36:01,40,0,9,40
2022-11-27T06:45:17,40,0,9,40
2022-11-27T06:54:32,40,0,9,40
2022-11-27T07:03:48,40,0,9,40
2022-11-27T07:13:05,40,0,9,40
2022-11-27T07:22:22,40,0,9,40
2022-11-27T07:31:39,40,0,9,40
2022-11-27T07:40:57,40,0,9,40
2022-11-27T07:50:15,40,0,9,40
2022-11-27T07:59:33,40,0,9,40
2022-11-27T08:08:50,40,0,9,40
2022-11-27T08:18:07,40,0,9,40
2022-11-27T08:27:24,40,0,9,40
2022-11-27T08:36:41,40,0,9,40
2022-11-27T08:45:57,40,0,9,40
2022-11-27T08:55:14,40,0,9,40
2022-11-27T09:04:30,40,0,9,40
2022-11-27T09:13:46,40,0,9,40
2022-11-27T09:23:02,40,0,9,40
2022-11-27T09:32:18,40,0,9,40
2022-11-27T09:41:35,40,0,9,40
2022-11-27T09:50:51,40,0,9,40
2022-11-27T10:00:07,40,0,9,40
2022-11-27T10:09:23,40,0,9,40
2022-11-27T10:18:39,40,0,9,40
2022-11-27T10:27:55,40,0,9,40
2022-11-27T10:37:11,40,0,9,40
2022-11-27T10:46:27,40,0,9,40
2022-11-27T10:55:43,40,0,9,40
2022-11-27T11:04:59,40,0,9,40
2022-11-27T11:14:16,40,0,9,40
2022-11-27T11:23:33,40,0,9,40
2022-11-27T11:32:50,40,0,9,40
2022-11-27T11:42:06,40,0,9,40
2022-11-27T11:51:23,40,0,9,40
2022-11-27T12:00:39,40,0,9,40
2022-11-27T12:09:54,40,0,9,40
2022-11-27T12:19:10,40,0,9,40
2022-11-27T12:28:26,40,0,9,40
2022-11-27T12:37:42,40,0,9,40
2022-11-27T12:46:58,40,0,9,40
2022-11-27T12:56:23,40,0,9,40
2022-11-27T13:05:39,40,0,9,40
2022-11-27T13:14:55,40,0,9,40
2022-11-27T13:24:11,40,0,9,40
2022-11-27T13:33:26,40,0,9,40
2022-11-27T13:42:42,40,0,9,40
2022-11-27T13:51:58,40,0,9,40
2022-11-27T14:01:15,40,0,9,40
2022-11-27T14:10:30,40,0,9,40
2022-11-27T14:19:47,40,0,9,40
2022-11-27T14:29:02,40,0,9,40
2022-11-27T14:38:18,40,0,9,40
2022-11-27T14:47:35,40,0,9,40
2022-11-27T14:56:50,40,0,9,40
2022-11-27T15:06:07,40,0,9,40
2022-11-27T15:15:24,40,0,9,40
2022-11-27T15:24:41,40,0,9,40
2022-11-27T15:33:57,40,0,9,40
2022-11-27T15:43:14,40,0,9,40
2022-11-27T15:52:30,40,0,9,40
2022-11-27T16:01:46,40,0,9,40
2022-11-27T16:11:02,40,0,9,40
2022-11-27T16:20:31,40,0,9,40
2022-11-27T16:29:48,40,0,9,40
2022-11-27T16:39:05,40,0,9,40
2022-11-27T16:48:21,40,0,9,40
2022-11-27T16:57:37,40,0,9,40
2022-11-27T17:06:54,40,0,9,40
2022-11-27T17:16:11,40,0,9,40
2022-11-27T17:25:28,40,0,9,40
2022-11-27T17:34:45,40,0,9,40
2022-11-27T17:44:01,40,0,9,40
2022-11-27T17:53:18,40,0,9,40
2022-11-27T18:02:34,40,0,9,40
2022-11-27T18:11:51,40,0,9,40
2022-11-27T18:21:07,40,0,9,40
2022-11-27T18:30:23,40,0,9,40
2022-11-27T18:39:39,40,0,9,40
2022-11-27T18:49:09,40,0,9,40
2022-11-27T18:58:31,40,0,9,40
2022-11-27T19:07:49,40,0,9,40
2022-11-27T19:17:07,40,0,9,40
2022-11-27T19:26:27,40,0,9,40
2022-11-27T19:35:43,40,0,9,40
2022-11-27T19:44:59,40,0,9,40
2022-11-27T19:54:16,40,0,9,40
2022-11-27T20:03:32,40,0,9,40
2022-11-27T20:12:48,40,0,9,40
2022-11-27T20:22:04,40,0,9,40
2022-11-27T20:31:23,40,0,9,40
2022-11-27T20:40:40,40,0,9,40
2022-11-27T20:49:56,40,0,9,40
2022-11-27T20:59:14,40,0,9,40
2022-11-27T21:08:37,40,0,9,40
2022-11-27T21:18:12,40,0,9,40
2022-11-27T21:27:36,40,0,9,40
2022-11-27T21:36:59,40,0,9,40
2022-11-27T21:46:22,40,0,9,40
2022-11-27T21:55:46,40,0,9,40
2022-11-27T22:05:09,40,0,9,40
2022-11-27T22:14:32,40,0,9,40
2022-11-27T22:23:56,40,0,9,40
2022-11-27T22:33:17,40,0,9,40
2022-11-27T22:42:36,40,0,9,40
2022-11-27T22:51:55,40,0,9,40
2022-11-27T23:01:11,40,0,9,40
2022-11-27T23:10:28,40,0,9,40
2022-11-27T23:19:44,40,0,9,40
2022-11-27T23:29:00,40,0,9,40
2022-11-27T23:38:17,40,0,9,40
2022-11-27T23:47:33,40,0,9,40
2022-11-27T23:56:48,40,0,9,40
2022-11-28T00:06:04,40,0,9,40
2022-11-28T00:15:21,40,0,9,40
2022-11-28T00:24:50,40,0,9,40
2022-11-28T00:34:10,40,0,9,40
2022-11-28T00:43:27,40,0,9,40
2022-11-28T00:52:44,40,0,9,40
2022-11-28T01:02:00,40,0,9,40
2022-11-28T01:11:16,40,0,9,40
2022-11-28T01:20:36,40,0,9,40
2022-11-28T01:29:55,40,0,9,40
2022-11-28T01:39:14,40,0,9,40
2022-11-28T01:48:31,40,0,9,40
2022-11-28T01:57:52,40,0,9,40
2022-11-28T02:07:09,40,0,9,40
2022-11-28T02:16:28,40,0,9,40
2022-11-28T02:25:45,40,0,9,40
2022-11-28T02:35:02,40,0,9,40
2022-11-28T02:44:18,40,0,9,40
2022-11-28T02:53:33,40,0,9,40
2022-11-28T03:02:48,40,0,9,40
2022-11-28T03:12:04,40,0,9,40
2022-11-28T03:21:21,40,0,9,40
2022-11-28T03:30:36,40,0,9,40
2022-11-28T03:39:53,40,0,9,40
2022-11-28T03:49:10,40,0,9,40
2022-11-28T03:58:27,40,0,9,40
2022-11-28T04:09:37,40,0,9,40
2022-11-28T04:28:36,40,0,9,40
2022-11-28T04:38:18,40,0,9,40
2022-11-28T04:47:37,40,0,9,40
2022-11-28T04:56:55,40,0,9,40
2022-11-28T05:06:12,40,0,9,40
2022-11-28T05:15:27,40,0,9,40
2022-11-28T05:24:44,40,0,9,40
2022-11-28T05:34:00,40,0,9,40
2022-11-28T05:43:17,40,0,9,40
2022-11-28T05:52:35,40,0,9,40
2022-11-28T06:01:55,40,0,9,40
2022-11-28T06:11:16,40,0,9,40
2022-11-28T06:20:36,40,0,9,40
2022-11-28T06:29:54,40,0,9,40
2022-11-28T06:39:11,40,0,9,40
2022-11-28T06:48:29,40,0,9,40
2022-11-28T06:57:48,40,0,9,40
2022-11-28T07:07:06,40,0,9,40
2022-11-28T07:16:25,40,0,9,40
2022-11-28T07:25:42,40,0,9,40
2022-11-28T07:35:01,40,0,9,40
2022-11-28T07:44:22,40,0,9,40
2022-11-28T07:53:41,40,0,9,40
2022-11-28T08:03:01,40,0,9,40
2022-11-28T08:12:19,40,0,9,40
2022-11-28T08:21:37,40,0,9,40
2022-11-28T08:30:57,40,0,9,40
2022-11-28T08:40:15,40,0,9,40
2022-11-28T08:49:33,40,0,9,40
2022-11-28T08:58:53,40,0,9,40
2022-11-28T09:08:12,40,0,9,40
2022-11-28T09:17:32,40,0,9,40
2022-11-28T09:26:52,40,0,9,40
2022-11-28T09:36:13,40,0,9,40
2022-11-28T09:45:50,40,0,9,40
2022-11-28T09:55:12,40,0,9,40
2022-11-28T10:04:35,40,0,9,40
2022-11-28T10:13:58,40,0,9,40
2022-11-28T10:23:20,40,0,9,40
2022-11-28T10:32:42,40,0,9,40
2022-11-28T10:42:04,40,0,9,40
2022-11-28T10:51:26,40,0,9,40
2022-11-28T11:00:48,40,0,9,40
2022-11-28T11:10:09,40,0,9,40
2022-11-28T11:19:41,40,0,9,40
2022-11-28T11:29:02,40,0,9,40
2022-11-28T11:38:23,40,0,9,40
2022-11-28T11:47:44,40,0,9,40
2022-11-28T11:57:05,40,0,9,40
2022-11-28T12:06:26,40,0,9,40
2022-11-28T12:15:48,40,0,9,40
2022-11-28T12:25:29,40,0,9,40
2022-11-28T12:34:49,40,0,9,40
2022-11-28T12:44:10,40,0,9,40
2022-11-28T12:53:30,40,0,9,40
2022-11-28T13:02:52,40,0,9,40
2022-11-28T13:12:25,40,0,9,40
2022-11-28T13:21:46,40,0,9,40
2022-11-28T13:31:09,40,0,9,40
2022-11-28T13:40:32,40,0,9,40
2022-11-28T13:49:54,40,0,9,40
2022-11-28T13:59:26,40,0,9,40
2022-11-28T14:08:47,40,0,9,40
2022-11-28T14:18:08,40,0,9,40
2022-11-28T14:27:29,40,0,9,40
2022-11-28T14:36:50,40,0,9,40
2022-11-28T14:46:10,40,0,9,40
2022-11-28T14:55:31,40,0,9,40
2022-11-28T15:05:03,40,0,9,40
2022-11-28T15:14:23,40,0,9,40
2022-11-28T15:23:44,40,0,9,40
2022-11-28T15:33:05,40,0,9,40
2022-11-28T15:42:26,40,0,9,40
2022-11-28T15:51:46,40,0,9,40
2022-11-28T16:01:19,40,0,9,40
2022-11-28T16:10:39,40,0,9,40
2022-11-28T16:19:58,40,0,9,40
2022-11-28T16:29:18,40,0,9,40
2022-11-28T16:38:37,40,0,9,40
2022-11-28T16:47:57,40,0,9,40
2022-11-28T16:57:16,40,0,9,40
2022-11-28T17:06:36,40,0,9,40
2022-11-28T17:15:57,40,0,9,40
2022-11-28T17:25:17,40,0,9,40
2022-11-28T17:34:47,40,0,9,40
2022-11-28T17:44:07,40,0,9,40
2022-11-28T17:53:27,40,0,9,40
2022-11-28T18:02:48,40,0,9,40
2022-11-28T18:12:07,40,0,9,40
2022-11-28T18:21:26,40,0,9,40
2022-11-28T18:30:46,40,0,9,40
2022-11-28T18:40:05,40,0,9,40
2022-11-28T18:49:24,40,0,9,40
2022-11-28T18:58:54,40,0,9,40
2022-11-28T19:08:15,40,0,9,40
2022-11-28T19:17:34,40,0,9,40
2022-11-28T19:26:54,40,0,9,40
2022-11-28T19:36:14,40,0,9,40
2022-11-28T19:45:34,40,0,9,40
2022-11-28T19:54:54,40,0,9,40
2022-11-28T20:04:14,40,0,9,40
2022-11-28T20:13:33,40,0,9,40
2022-11-28T20:22:52,40,0,9,40
2022-11-28T20:32:22,40,0,9,40
2022-11-28T20:41:41,40,0,9,40
2022-11-28T20:50:59,40,0,9,40
2022-11-28T21:00:17,40,0,9,40
2022-11-28T21:09:35,40,0,9,40
2022-11-28T21:18:53,40,0,9,40
2022-11-28T21:28:12,40,0,9,40
2022-11-28T21:37:31,40,0,9,40
2022-11-28T21:46:50,40,0,9,40
2022-11-28T21:56:09,40,0,9,40
2022-11-28T22:05:39,40,0,9,40
2022-11-28T22:14:59,40,0,9,40
2022-11-28T22:24:17,40,0,9,40
2022-11-28T22:33:36,40,0,9,40
2022-11-28T22:42:54,40,0,9,40
2022-11-28T22:52:13,40,0,9,40
2022-11-28T23:01:31,40,0,9,40
2022-11-28T23:10:50,40,0,9,40
2022-11-28T23:20:11,40,0,9,40
2022-11-28T23:29:30,40,0,9,40
2022-11-28T23:38:48,40,0,9,40
2022-11-28T23:48:17,40,0,9,40
2022-11-28T23:57:35,40,0,9,40
2022-11-29T00:06:54,40,0,9,40
2022-11-29T00:16:16,40,0,9,40
2022-11-29T00:25:38,40,0,9,40
2022-11-29T00:34:58,40,0,9,40
2022-11-29T00:44:18,40,0,9,40
2022-11-29T00:53:39,40,0,9,40
2022-11-29T01:02:59,40,0,9,40
2022-11-29T01:12:19,40,0,9,40
2022-11-29T01:21:39,40,0,9,40
2022-11-29T01:31:01,40,0,9,40
2022-11-29T01:40:22,40,0,9,40
2022-11-29T01:49:41,40,0,9,40
2022-11-29T01:59:02,40,0,9,40
2022-11-29T02:08:22,40,0,9,40
2022-11-29T02:17:40,40,0,9,40
2022-11-29T02:26:58,40,0,9,40
2022-11-29T02:36:16,40,0,9,40
2022-11-29T02:45:33,40,0,9,40
2022-11-29T02:54:52,40,0,9,40
2022-11-29T03:04:12,40,0,9,40
2022-11-29T03:13:33,40,0,9,40
2022-11-29T03:22:53,40,0,9,40
2022-11-29T03:32:13,40,0,9,40
2022-11-29T03:41:34,40,0,9,40
2022-11-29T03:50:54,40,0,9,40
2022-11-29T04:00:15,40,0,9,40
2022-11-29T04:09:35,40,0,9,40
2022-11-29T04:26:58,40,0,9,40
2022-11-29T04:36:20,40,0,9,40
2022-11-29T04:47:20,40,0,9,40
2022-11-29T04:56:41,40,0,9,40
2022-11-29T05:06:01,40,0,9,40
2022-11-29T05:15:21,40,0,9,40
2022-11-29T05:24:40,40,0,9,40
2022-11-29T05:33:59,40,0,9,40
2022-11-29T05:43:17,40,0,9,40
2022-11-29T05:52:37,40,0,9,40
2022-11-29T06:01:59,40,0,9,40
2022-11-29T06:11:21,40,0,9,40
2022-11-29T06:20:41,40,0,9,40
2022-11-29T06:30:02,40,0,9,40
2022-11-29T06:39:21,40,0,9,40
2022-11-29T06:48:40,40,0,9,40
2022-11-29T06:58:00,40,0,9,40
2022-11-29T07:07:20,40,0,9,40
2022-11-29T07:16:41,40,0,9,40
2022-11-29T07:26:01,40,0,9,40
2022-11-29T07:35:23,40,0,9,40
2022-11-29T07:44:46,40,0,9,40
2022-11-29T07:54:08,40,0,9,40
2022-11-29T08:03:30,40,0,9,40
2022-11-29T08:12:50,40,0,9,40
2022-11-29T08:22:13,40,0,9,40
2022-11-29T08:31:35,40,0,9,40
2022-11-29T08:40:58,40,0,9,40
2022-11-29T08:50:21,40,0,9,40
2022-11-29T08:59:45,40,0,9,40
2022-11-29T09:09:09,40,0,9,40
2022-11-29T09:18:33,40,0,9,40
2022-11-29T09:27:56,40,0,9,40
2022-11-29T09:37:28,40,0,9,40
2022-11-29T09:46:51,40,0,9,40
2022-11-29T09:56:13,40,0,9,40
2022-11-29T10:05:50,40,0,9,40
2022-11-29T10:15:13,40,0,9,40
2022-11-29T10:24:36,40,0,9,40
2022-11-29T10:33:58,40,0,9,40
2022-11-29T10:43:20,40,0,9,40
2022-11-29T10:52:42,40,0,9,40
2022-11-29T11:02:27,40,0,9,40
2022-11-29T11:11:49,40,0,9,40
2022-11-29T11:21:11,40,0,9,40
2022-11-29T11:30:33,40,0,9,40
2022-11-29T11:39:55,40,0,9,40
2022-11-29T11:49:17,40,0,9,40
2022-11-29T11:58:39,40,0,9,40
2022-11-29T12:08:01,40,0,9,40
2022-11-29T12:17:21,40,0,9,40
2022-11-29T12:26:54,40,0,9,40
2022-11-29T12:36:15,40,0,9,40
2022-11-29T12:45:36,40,0,9,40
2022-11-29T12:54:57,40,0,9,40
2022-11-29T13:04:20,40,0,9,40
2022-11-29T13:13:42,40,0,9,40
2022-11-29T13:23:04,40,0,9,40
2022-11-29T13:32:26,40,0,9,40
2022-11-29T13:42:05,40,0,9,40
2022-11-29T13:51:26,40,0,9,40
2022-11-29T14:00:48,40,0,9,40
2022-11-29T14:10:12,40,0,9,40
2022-11-29T14:19:35,40,0,9,40
2022-11-29T14:28:57,40,0,9,40
2022-11-29T14:38:18,40,0,9,40
2022-11-29T14:47:50,40,0,9,40
2022-11-29T14:57:12,40,0,9,40
2022-11-29T15:06:33,40,0,9,40
2022-11-29T15:15:54,40,0,9,40
2022-11-29T15:25:16,40,0,9,40
2022-11-29T15:34:37,40,0,9,40
2022-11-29T15:44:18,40,0,9,40
2022-11-29T15:53:39,40,0,9,40
2022-11-29T16:03:01,40,0,9,40
2022-11-29T16:12:21,40,0,9,40
2022-11-29T16:21:41,40,0,9,40
2022-11-29T16:31:01,40,0,9,40
2022-11-29T16:40:21,40,0,9,40
2022-11-29T16:49:41,40,0,9,40
2022-11-29T16:59:00,40,0,9,40
2022-11-29T17:08:21,40,0,9,40
2022-11-29T17:17:53,40,0,9,40
2022-11-29T17:27:12,40,0,9,40
2022-11-29T17:36:32,40,0,9,40
2022-11-29T17:45:52,40,0,9,40
2022-11-29T17:55:12,40,0,9,40
2022-11-29T18:04:31,40,0,9,40
2022-11-29T18:13:51,40,0,9,40
2022-11-29T18:23:10,40,0,9,40
2022-11-29T18:32:29,40,0,9,40
2022-11-29T18:41:59,40,0,9,40
2022-11-29T18:51:18,40,0,9,40
2022-11-29T19:00:38,40,0,8,40
2022-11-29T19:09:57,40,0,8,40
2022-11-29T19:19:17,40,0,8,40
2022-11-29T19:28:36,40,0,8,40
2022-11-29T19:37:55,40,0,8,40
2022-11-29T19:47:14,40,0,8,40
2022-11-29T19:56:32,40,0,8,40
2022-11-29T20:05:51,40,0,8,40
2022-11-29T20:15:11,40,0,8,40
2022-11-29T20:24:49,40,0,8,40
2022-11-29T20:34:09,40,0,8,40
2022-11-29T20:43:28,40,0,8,40
2022-11-29T20:52:47,40,0,8,40
2022-11-29T21:02:06,40,0,8,40
2022-11-29T21:11:26,40,0,8,40
2022-11-29T21:20:46,40,0,8,40
2022-11-29T21:30:05,40,0,8,40
2022-11-29T21:39:24,40,0,8,40
2022-11-29T21:48:43,40,0,8,40
2022-11-29T21:58:01,40,0,8,40
2022-11-29T22:07:32,40,0,8,40
2022-11-29T22:16:51,40,0,8,40
2022-11-29T22:26:09,40,0,8,40
2022-11-29T22:35:28,40,0,8,40
2022-11-29T22:44:47,40,0,8,40
2022-11-29T22:54:05,40,0,8,40
2022-11-29T23:03:23,40,0,8,40
2022-11-29T23:12:43,40,0,8,40
2022-11-29T23:22:01,40,0,8,40
2022-11-29T23:31:20,40,0,8,40
2022-11-29T23:40:39,40,0,8,40
2022-11-29T23:50:18,40,0,8,40
2022-11-29T23:59:36,40,0,8,40
2022-11-30T00:08:55,40,0,8,40
2022-11-30T00:18:16,40,0,8,40
2022-11-30T00:27:36,40,0,8,40
2022-11-30T00:36:58,40,0,8,40
2022-11-30T00:46:19,40,0,8,40
2022-11-30T00:55:41,40,0,8,40
2022-11-30T01:05:01,40,0,8,40
2022-11-30T01:14:22,40,0,8,40
2022-11-30T01:23:43,40,0,8,40
2022-11-30T01:33:05,40,0,8,40
2022-11-30T01:42:38,40,0,8,40
2022-11-30T01:51:59,40,0,8,40
2022-11-30T02:01:21,40,0,8,40
2022-11-30T02:10:41,40,0,8,40
2022-11-30T02:20:01,40,0,8,40
2022-11-30T02:29:22,40,0,8,40
2022-11-30T02:38:45,40,0,8,40
2022-11-30T02:48:06,40,0,8,40
2022-11-30T02:57:26,40,0,8,40
2022-11-30T03:06:45,40,0,8,40
2022-11-30T03:16:03,40,0,8,40
2022-11-30T03:25:22,40,0,8,40
2022-11-30T03:34:41,40,0,8,40
2022-11-30T03:44:03,40,0,8,40
2022-11-30T03:53:24,40,0,8,40
2022-11-30T04:02:44,40,0,8,40
2022-11-30T04:12:06,40,0,8,40
2022-11-30T04:31:35,40,0,8,40
2022-11-30T04:40:58,40,0,8,40
2022-11-30T04:50:20,40,0,8,40
2022-11-30T04:59:41,40,0,8,40
2022-11-30T05:10:40,40,0,8,40
2022-11-30T05:19:59,40,0,8,40
2022-11-30T05:29:17,40,0,8,40
2022-11-30T05:38:36,40,0,8,40
2022-11-30T05:47:55,40,0,8,40
2022-11-30T05:57:17,40,0,8,40
2022-11-30T06:06:41,40,0,8,40
2022-11-30T06:16:05,40,0,8,40
2022-11-30T06:25:27,40,0,8,40
2022-11-30T06:34:47,40,0,8,40
2022-11-30T06:44:07,40,0,8,40
2022-11-30T06:53:26,40,0,8,40
2022-11-30T07:02:47,40,0,8,40
2022-11-30T07:12:10,40,0,8,40
2022-11-30T07:21:32,40,0,8,40
2022-11-30T07:30:53,40,0,8,40
2022-11-30T07:40:15,40,0,8,40
2022-11-30T07:49:36,40,0,8,40
2022-11-30T07:58:58,40,0,8,40
2022-11-30T08:08:35,40,0,8,40
2022-11-30T08:17:57,40,0,8,40
2022-11-30T08:27:19,40,0,8,40
2022-11-30T08:36:40,40,0,8,40
2022-11-30T08:46:00,40,0,8,40
2022-11-30T08:55:21,40,0,8,40
2022-11-30T09:04:43,40,0,8,40
2022-11-30T09:14:04,40,0,8,40
2022-11-30T09:23:24,40,0,8,40
2022-11-30T09:32:46,40,0,8,40
2022-11-30T09:42:06,40,0,8,40
2022-11-30T09:51:29,40,0,8,40
2022-11-30T10:00:51,40,0,8,40
2022-11-30T10:10:20,40,0,8,40
2022-11-30T10:19:40,40,0,8,40
2022-11-30T10:28:59,40,0,8,40
2022-11-30T10:38:18,40,0,8,40
2022-11-30T10:47:36,40,0,8,40
2022-11-30T10:56:55,40,0,8,40
2022-11-30T11:06:15,40,0,8,40
2022-11-30T11:15:48,40,0,8,40
2022-11-30T11:25:07,40,0,8,40
2022-11-30T11:34:29,40,0,8,40
2022-11-30T11:43:49,40,0,8,40
2022-11-30T11:53:09,40,0,8,40
2022-11-30T12:02:29,40,0,8,40
2022-11-30T12:11:48,40,0,8,40
2022-11-30T12:21:08,40,0,8,40
2022-11-30T12:30:37,40,0,8,40
2022-11-30T12:39:56,40,0,8,40
2022-11-30T12:49:15,40,0,8,40
2022-11-30T12:58:34,40,0,8,40
2022-11-30T13:07:55,40,0,8,40
2022-11-30T13:17:16,40,0,8,40
2022-11-30T13:26:38,40,0,8,40
2022-11-30T13:36:02,40,0,8,40
2022-11-30T13:45:35,40,0,8,40
2022-11-30T13:54:55,40,0,8,40
2022-11-30T14:04:16,40,0,8,40
2022-11-30T14:13:37,40,0,8,40
2022-11-30T14:22:58,40,0,8,40
2022-11-30T14:32:19,40,0,8,40
2022-11-30T14:41:39,40,0,8,40
2022-11-30T14:51:01,40,0,8,40
2022-11-30T15:00:24,40,0,8,40
2022-11-30T15:09:54,40,0,8,40
2022-11-30T15:19:14,40,0,8,40
2022-11-30T15:28:37,40,0,8,40
2022-11-30T15:37:56,40,0,8,40
2022-11-30T15:47:16,40,0,8,40
2022-11-30T15:56:34,40,0,8,40
2022-11-30T16:05:56,40,0,8,40
2022-11-30T16:15:15,40,0,8,40
2022-11-30T16:24:52,40,0,8,40
2022-11-30T16:34:11,40,0,8,40
2022-11-30T16:43:29,40,0,8,40
2022-11-30T16:52:47,40,0,8,40
2022-11-30T17:02:05,40,0,8,40
2022-11-30T17:11:25,40,0,8,40
2022-11-30T17:20:43,40,0,8,40
2022-11-30T17:30:02,40,0,8,40
2022-11-30T17:39:20,40,0,8,40
2022-11-30T17:48:49,40,0,8,40
2022-11-30T17:58:07,40,0,8,40
2022-11-30T18:07:26,40,0,8,40
2022-11-30T18:16:44,40,0,8,40
2022-11-30T18:26:03,40,0,8,40
2022-11-30T18:35:21,40,0,8,40
2022-11-30T18:44:40,40,0,8,40
2022-11-30T18:53:58,40,0,8,40
2022-11-30T19:03:16,40,0,8,40
2022-11-30T19:12:44,40,0,8,40
2022-11-30T19:22:02,40,0,8,40
2022-11-30T19:31:20,40,0,8,40
2022-11-30T19:40:39,40,0,8,40
2022-11-30T19:49:59,40,0,8,40
2022-11-30T19:59:17,40,0,8,40
2022-11-30T20:08:38,40,0,8,40
2022-11-30T20:17:59,40,0,8,40
2022-11-30T20:27:16,40,0,8,40
2022-11-30T20:36:33,40,0,8,40
2022-11-30T20:45:51,40,0,8,40
2022-11-30T20:55:09,40,0,8,40
2022-11-30T21:04:27,40,0,8,40
2022-11-30T21:13:45,40,0,8,40
2022-11-30T21:23:03,40,0,8,40
2022-11-30T21:32:31,40,0,8,40
2022-11-30T21:41:51,40,0,8,40
2022-11-30T21:51:10,40,0,8,40
2022-11-30T22:00:27,40,0,8,40
2022-11-30T22:09:45,40,0,8,40
2022-11-30T22:19:04,40,0,8,40
2022-11-30T22:28:22,40,0,8,40
2022-11-30T22:37:40,40,0,8,40
2022-11-30T22:46:59,40,0,8,40
2022-11-30T22:56:16,40,0,8,40
2022-11-30T23:05:35,40,0,8,40
2022-11-30T23:14:54,40,0,8,40
2022-11-30T23:24:12,40,0,8,40
2022-11-30T23:33:30,40,0,8,40
2022-11-30T23:42:47,40,0,8,40
2022-11-30T23:52:15,40,0,8,40
2022-12-01T00:01:32,40,0,8,40
2022-12-01T00:10:50,40,0,8,40
2022-12-01T00:20:14,40,0,8,40
2022-12-01T00:29:32,40,0,8,40
2022-12-01T00:38:52,40,0,8,40
2022-12-01T00:48:11,40,0,8,40
2022-12-01T00:57:32,40,0,8,40
2022-12-01T01:07:11,40,0,8,40
2022-12-01T01:16:33,40,0,8,40
2022-12-01T01:25:55,40,0,8,40
2022-12-01T01:35:17,40,0,8,40
2022-12-01T01:44:37,40,0,8,40
2022-12-01T01:53:56,40,0,8,40
2022-12-01T02:03:14,40,0,8,40
2022-12-01T02:12:31,40,0,8,40
2022-12-01T02:21:49,40,0,8,40
2022-12-01T02:31:06,40,0,8,40
2022-12-01T02:40:23,40,0,8,40
2022-12-01T02:49:40,40,0,8,40
2022-12-01T02:58:57,40,0,8,40
2022-12-01T03:08:15,40,0,8,40
2022-12-01T03:17:33,40,0,8,40
2022-12-01T03:26:50,40,0,8,40
2022-12-01T03:36:08,40,0,8,40
2022-12-01T03:45:27,40,0,8,40
2022-12-01T03:54:46,40,0,8,40
2022-12-01T04:05:40,40,0,8,40
2022-12-01T04:15:49,40,0,8,40
2022-12-01T04:39:58,40,0,8,40
2022-12-01T04:49:20,40,0,8,40
2022-12-01T04:58:38,40,0,8,40
2022-12-01T05:07:58,40,0,8,40
2022-12-01T05:17:21,40,0,8,40
2022-12-01T05:26:42,40,0,8,40
2022-12-01T05:36:05,40,0,8,40
2022-12-01T05:45:27,40,0,8,40
2022-12-01T05:54:53,40,0,8,40
2022-12-01T06:04:24,40,0,8,40
2022-12-01T06:13:47,40,0,8,40
2022-12-01T06:23:09,40,0,8,40
2022-12-01T06:32:30,40,0,8,40
2022-12-01T06:41:54,40,0,8,40
2022-12-01T06:51:16,40,0,8,40
2022-12-01T07:00:37,40,0,8,40
2022-12-01T07:10:01,40,0,8,40
2022-12-01T07:19:23,40,0,8,40
2022-12-01T07:28:45,40,0,8,40
2022-12-01T07:38:07,40,0,8,40
2022-12-01T07:47:31,40,0,8,40
2022-12-01T07:56:52,40,0,8,40
2022-12-01T08:06:12,40,0,8,40
2022-12-01T08:15:33,40,0,8,40
2022-12-01T08:24:54,40,0,8,40
2022-12-01T09:27:24,40,0,8,40
2022-12-01T09:36:52,40,0,8,40
2022-12-01T09:46:17,40,0,8,40
2022-12-01T09:55:38,40,0,8,40
2022-12-01T10:04:59,40,0,8,40
2022-12-01T10:14:33,40,0,8,40
2022-12-01T10:23:56,40,0,8,40
2022-12-01T10:33:18,40,0,8,40
2022-12-01T10:42:41,40,0,8,40
2022-12-01T10:52:02,40,0,8,40
2022-12-01T11:01:23,40,0,8,40
2022-12-01T11:10:46,40,0,8,40
2022-12-01T11:20:07,40,0,8,40
2022-12-01T11:29:36,40,0,8,40
2022-12-01T11:38:58,40,0,8,40
2022-12-01T11:48:20,40,0,8,40
2022-12-01T11:57:42,40,0,8,40
2022-12-01T12:07:03,40,0,8,40
2022-12-01T12:16:23,40,0,8,40
2022-12-01T12:25:54,40,0,8,40
2022-12-01T12:35:16,40,0,8,40
2022-12-01T12:44:36,40,0,8,40
2022-12-01T12:53:57,40,0,8,40
2022-12-01T13:03:19,40,0,8,40
2022-12-01T13:12:42,40,0,8,40
2022-12-01T13:22:04,40,0,8,40
2022-12-01T13:31:27,40,0,8,40
2022-12-01T13:40:50,40,0,8,40
2022-12-01T13:50:12,40,0,8,40
2022-12-01T13:59:47,40,0,8,40
2022-12-01T14:09:09,40,0,8,40
2022-12-01T14:18:31,40,0,8,40
2022-12-01T14:27:53,40,0,8,40
2022-12-01T14:37:15,40,0,8,40
2022-12-01T14:46:38,40,0,8,40
2022-12-01T14:56:00,40,0,8,40
2022-12-01T15:05:22,40,0,8,40
2022-12-01T15:14:43,40,0,8,40
2022-12-01T15:24:14,40,0,8,40
2022-12-01T15:33:36,40,0,8,40
2022-12-01T15:42:58,40,0,8,40
2022-12-01T15:52:18,40,0,8,40
2022-12-01T16:01:40,40,0,8,40
2022-12-01T16:11:01,40,0,8,40
2022-12-01T16:20:22,40,0,8,40
2022-12-01T16:29:42,40,0,8,40
2022-12-01T16:39:03,40,0,8,40
2022-12-01T16:48:23,40,0,8,40
2022-12-01T16:57:43,40,0,8,40
2022-12-01T17:07:16,40,0,8,40
2022-12-01T17:16:36,40,0,8,40
2022-12-01T17:25:56,40,0,8,40
2022-12-01T17:35:17,40,0,8,40
2022-12-01T17:44:36,40,0,8,40
2022-12-01T17:53:55,40,0,8,40
2022-12-01T18:03:15,40,0,8,40
2022-12-01T18:12:35,40,0,8,40
2022-12-01T18:21:56,40,0,8,40
2022-12-01T18:31:16,40,0,8,40
2022-12-01T18:40:35,40,0,8,40
2022-12-01T18:50:05,40,0,8,40
2022-12-01T18:59:25,40,0,8,40
2022-12-01T19:08:44,40,0,8,40
2022-12-01T19:18:05,40,0,8,40
2022-12-01T19:27:25,40,0,8,40
2022-12-01T19:36:46,40,0,8,40
2022-12-01T19:46:06,40,0,8,40
2022-12-01T19:55:27,40,0,8,40
2022-12-01T20:04:46,40,0,8,40
2022-12-01T20:14:06,40,0,8,40
2022-12-01T20:23:26,40,0,8,40
2022-12-01T20:32:45,40,0,8,40
2022-12-01T20:42:18,40,0,8,40
2022-12-01T20:51:46,40,0,8,40
2022-12-01T21:01:12,40,0,8,40
2022-12-01T21:10:40,40,0,8,40
2022-12-01T21:20:09,40,0,8,40
2022-12-01T21:29:42,40,0,8,40
2022-12-01T21:39:14,40,0,8,40
2022-12-01T21:48:49,40,0,8,40
2022-12-01T21:58:23,40,0,8,40
2022-12-01T22:07:58,40,0,8,40
2022-12-01T22:17:28,40,0,8,40
2022-12-01T22:27:07,40,0,8,40
2022-12-01T22:36:30,40,0,8,40
2022-12-01T22:45:51,40,0,8,40
2022-12-01T22:55:20,40,0,8,40
2022-12-01T23:04:51,40,0,8,40
2022-12-01T23:14:21,40,0,8,40
2022-12-01T23:23:49,40,0,8,40
2022-12-01T23:33:18,40,0,8,40
2022-12-01T23:42:48,40,0,8,40
2022-12-01T23:52:15,40,0,8,40
2022-12-02T00:01:43,40,0,8,40
2022-12-02T00:11:13,40,0,8,40
2022-12-02T00:20:43,40,0,8,40
2022-12-02T00:30:09,40,0,8,40
2022-12-02T00:39:35,40,0,8,40
2022-12-02T00:49:09,40,0,8,40
2022-12-02T00:58:29,40,0,8,40
2022-12-02T01:07:49,40,0,8,40
2022-12-02T01:17:12,40,0,8,40
2022-12-02T01:26:34,40,0,8,40
2022-12-02T01:35:59,40,0,8,40
2022-12-02T01:45:19,40,0,8,40
2022-12-02T01:54:42,40,0,8,40
2022-12-02T02:04:01,40,0,8,40
2022-12-02T02:13:17,40,0,8,40
2022-12-02T02:22:34,40,0,8,40
2022-12-02T02:31:51,40,0,8,40
2022-12-02T02:41:10,40,0,8,40
2022-12-02T02:50:27,40,0,8,40
2022-12-02T02:59:43,40,0,8,40
2022-12-02T03:09:01,40,0,8,40
2022-12-02T03:18:30,40,0,8,40
2022-12-02T03:27:49,40,0,8,40
2022-12-02T03:37:07,40,0,8,40
2022-12-02T03:46:29,40,0,8,40
2022-12-02T03:55:48,40,0,8,40
2022-12-02T04:07:14,40,0,8,40
2022-12-02T04:22:47,40,0,8,40
2022-12-02T04:32:21,40,0,8,40
2022-12-02T04:41:43,40,0,8,40
2022-12-02T04:51:02,40,0,8,40
2022-12-02T05:00:21,40,0,8,40
2022-12-02T05:09:40,40,0,8,40
2022-12-02T05:18:59,40,0,8,40
2022-12-02T05:28:18,40,0,8,40
2022-12-02T05:37:38,40,0,8,40
2022-12-02T05:46:57,40,0,8,40
2022-12-02T05:56:20,40,0,8,40
2022-12-02T06:05:46,40,0,8,40
2022-12-02T06:15:10,40,0,8,40
2022-12-02T06:24:31,40,0,8,40
2022-12-02T06:33:52,40,0,8,40
2022-12-02T06:43:12,40,0,8,40
2022-12-02T06:52:33,40,0,8,40
2022-12-02T07:01:54,40,0,8,40
2022-12-02T07:11:15,40,0,8,40
2022-12-02T07:20:37,40,0,8,40
2022-12-02T07:30:00,40,0,8,40
2022-12-02T07:39:22,40,0,8,40
2022-12-02T07:48:42,40,0,8,40
2022-12-02T07:58:05,40,0,8,40
2022-12-02T08:07:28,40,0,8,40
2022-12-02T08:16:51,40,0,8,40
2022-12-02T08:26:14,40,0,8,40
2022-12-02T08:35:45,40,0,8,40
2022-12-02T08:45:05,40,0,8,40
2022-12-02T08:54:26,40,0,8,40
2022-12-02T09:03:46,40,0,8,40
2022-12-02T09:13:06,40,0,8,40
2022-12-02T09:22:26,40,0,8,40
2022-12-02T09:31:48,40,0,8,40
2022-12-02T09:41:13,40,0,8,40
2022-12-02T09:50:34,40,0,8,40
2022-12-02T09:59:56,40,0,8,40
2022-12-02T10:09:30,40,0,8,40
2022-12-02T10:18:50,40,0,8,40
2022-12-02T10:28:10,40,0,8,40
2022-12-02T10:37:32,40,0,8,40
2022-12-02T10:46:52,40,0,8,40
2022-12-02T10:56:13,40,0,8,40
2022-12-02T11:05:36,40,0,8,40
2022-12-02T11:15:09,40,0,8,40
2022-12-02T11:24:34,40,0,8,40
2022-12-02T11:34:00,40,0,8,40
2022-12-02T11:43:26,40,0,8,40
2022-12-02T11:52:47,40,0,8,40
2022-12-02T12:02:08,40,0,8,40
2022-12-02T12:11:30,40,0,8,40
2022-12-02T12:20:59,40,0,8,40
2022-12-02T12:30:19,40,0,8,40
2022-12-02T12:39:39,40,0,8,40
2022-12-02T12:49:01,40,0,8,40
2022-12-02T12:58:23,40,0,8,40
2022-12-02T13:07:44,40,0,8,40
2022-12-02T13:17:05,40,0,8,40
2022-12-02T13:26:26,40,0,8,40
2022-12-02T13:35:58,40,0,8,40
2022-12-02T13:45:18,40,0,8,40
2022-12-02T13:54:39,40,0,8,40
2022-12-02T14:04:02,40,0,8,40
2022-12-02T14:13:24,40,0,8,40
2022-12-02T14:22:56,40,0,8,40
2022-12-02T14:32:18,40,0,8,40
2022-12-02T14:41:38,40,0,8,40
2022-12-02T14:51:00,40,0,8,40
2022-12-02T15:00:22,40,0,8,40
2022-12-02T15:09:44,40,0,8,40
2022-12-02T15:19:15,40,0,8,40
2022-12-02T15:28:36,40,0,8,40
2022-12-02T15:37:57,40,0,8,40
2022-12-02T15:47:20,40,0,8,40
2022-12-02T15:56:40,40,0,8,40
2022-12-02T16:06:02,40,0,8,40
2022-12-02T16:15:23,40,0,8,40
2022-12-02T16:24:56,40,0,8,40
2022-12-02T16:34:18,40,0,8,40
2022-12-02T16:43:38,40,0,8,40
2022-12-02T16:53:00,40,0,8,40
2022-12-02T17:02:22,40,0,8,40
2022-12-02T17:11:43,40,0,8,40
2022-12-02T17:21:13,40,0,8,40
2022-12-02T17:30:33,40,0,8,40
2022-12-02T17:39:53,40,0,8,40
2022-12-02T17:49:12,40,0,8,40
2022-12-02T17:58:33,40,0,8,40
2022-12-02T18:07:53,40,0,8,40
2022-12-02T18:17:14,40,0,8,40
2022-12-02T18:26:35,40,0,8,40
2022-12-02T18:35:55,40,0,8,40
2022-12-02T18:45:14,40,0,8,40
2022-12-02T18:54:44,40,0,8,40
2022-12-02T19:04:03,40,0,8,40
2022-12-02T19:13:25,40,0,8,40
2022-12-02T19:22:45,40,0,8,40
2022-12-02T19:32:04,40,0,8,40
2022-12-02T19:41:23,40,0,8,40
2022-12-02T19:50:43,40,0,8,40
2022-12-02T20:00:03,40,0,8,40
2022-12-02T20:09:24,40,0,8,40
2022-12-02T20:18:45,40,0,8,40
2022-12-02T20:28:04,40,0,8,40
2022-12-02T20:37:35,40,0,8,40
2022-12-02T20:46:54,40,0,8,40
2022-12-02T20:56:14,40,0,8,40
2022-12-02T21:05:33,40,0,8,40
2022-12-02T21:14:55,40,0,8,40
2022-12-02T21:24:15,40,0,8,40
2022-12-02T21:33:35,40,0,8,40
2022-12-02T21:42:54,40,0,8,40
2022-12-02T21:52:12,40,0,8,40
2022-12-02T22:01:31,40,0,8,40
2022-12-02T22:10:51,40,0,8,40
2022-12-02T22:20:22,40,0,8,40
2022-12-02T22:29:41,40,0,8,40
2022-12-02T22:38:59,40,0,8,40
2022-12-02T22:48:19,40,0,8,40
2022-12-02T22:57:39,40,0,8,40
2022-12-02T23:07:02,40,0,8,40
2022-12-02T23:16:21,40,0,8,40
2022-12-02T23:25:41,40,0,8,40
2022-12-02T23:35:00,40,0,8,40
2022-12-02T23:44:20,40,0,8,40
2022-12-02T23:53:49,40,0,8,40
2022-12-03T00:03:09,40,0,8,40
2022-12-03T00:12:35,40,0,8,40
2022-12-03T00:21:58,40,0,8,40
2022-12-03T00:31:20,40,0,8,40
2022-12-03T00:40:42,40,0,8,40
2022-12-03T00:50:06,40,0,8,40
2022-12-03T00:59:29,40,0,8,40
2022-12-03T01:08:53,40,0,8,40
2022-12-03T01:18:17,40,0,8,40
2022-12-03T01:27:42,40,0,8,40
2022-12-03T01:37:04,40,0,8,40
2022-12-03T01:46:27,40,0,8,40
2022-12-03T01:55:46,40,0,8,40
2022-12-03T02:05:06,40,0,8,40
2022-12-03T02:14:37,40,0,8,40
2022-12-03T02:23:56,40,0,8,40
2022-12-03T02:33:15,40,0,8,40
2022-12-03T02:42:34,40,0,8,40
2022-12-03T02:51:54,40,0,8,40
2022-12-03T03:01:14,40,0,8,40
2022-12-03T03:10:34,40,0,8,40
2022-12-03T03:19:53,40,0,8,40
2022-12-03T03:29:13,40,0,8,40
2022-12-03T03:38:33,40,0,8,40
2022-12-03T03:47:55,40,0,8,40
2022-12-03T03:57:18,40,0,8,40
2022-12-03T04:06:38,40,0,8,40
2022-12-03T04:22:23,40,0,8,40
2022-12-03T04:31:45,40,0,8,40
2022-12-03T04:42:37,40,0,8,40
2022-12-03T04:52:18,40,0,8,40
2022-12-03T05:01:36,40,0,8,40
2022-12-03T05:10:58,40,0,8,40
2022-12-03T05:20:17,40,0,8,40
2022-12-03T05:29:35,40,0,8,40
2022-12-03T05:38:54,40,0,8,40
2022-12-03T05:48:13,40,0,8,40
2022-12-03T05:57:36,40,0,8,40
2022-12-03T06:06:58,40,0,8,40
2022-12-03T06:16:21,40,0,8,40
2022-12-03T06:25:44,40,0,8,40
2022-12-03T06:35:09,40,0,8,40
2022-12-03T06:44:32,40,0,8,40
2022-12-03T06:53:57,40,0,8,40
2022-12-03T07:03:19,40,0,8,40
2022-12-03T07:12:43,40,0,8,40
2022-12-03T07:22:23,40,0,8,40
2022-12-03T07:31:47,40,0,8,40
2022-12-03T07:41:11,40,0,8,40
2022-12-03T07:50:35,40,0,8,40
2022-12-03T07:59:59,40,0,8,40
2022-12-03T08:09:23,40,0,8,40
2022-12-03T08:18:46,40,0,8,40
2022-12-03T08:28:11,40,0,8,40
2022-12-03T08:37:36,40,0,8,40
2022-12-03T08:46:59,40,0,8,40
2022-12-03T08:56:23,40,0,8,40
2022-12-03T09:05:46,40,0,8,40
2022-12-03T09:15:19,40,0,8,40
2022-12-03T09:24:42,40,0,8,40
2022-12-03T09:34:04,40,0,8,40
2022-12-03T09:43:28,40,0,8,40
2022-12-03T09:52:51,40,0,8,40
2022-12-03T10:02:14,40,0,8,40
2022-12-03T10:11:34,40,0,8,40
2022-12-03T10:20:52,40,0,8,40
2022-12-03T10:30:11,40,0,8,40
2022-12-03T10:39:32,40,0,8,40
2022-12-03T10:48:51,40,0,8,40
2022-12-03T10:58:09,40,0,8,40
2022-12-03T11:07:36,40,0,8,40
2022-12-03T11:16:54,40,0,8,40
2022-12-03T11:26:12,40,0,8,40
2022-12-03T11:35:29,40,0,8,40
2022-12-03T11:44:46,40,0,8,40
2022-12-03T11:54:04,40,0,8,40
2022-12-03T12:03:22,40,0,8,40
2022-12-03T12:12:41,40,0,8,40
2022-12-03T12:21:59,40,0,8,40
2022-12-03T12:31:16,40,0,8,40
2022-12-03T12:40:33,40,0,8,40
2022-12-03T12:50:06,40,0,8,40
2022-12-03T12:59:23,40,0,8,40
2022-12-03T13:08:43,40,0,8,40
2022-12-03T13:18:01,40,0,8,40
2022-12-03T13:27:19,40,0,8,40
2022-12-03T13:36:37,40,0,8,40
2022-12-03T13:45:54,40,0,8,40
2022-12-03T13:55:11,40,0,8,40
2022-12-03T14:04:28,40,0,8,40
2022-12-03T14:13:57,40,0,8,40
2022-12-03T14:23:14,40,0,8,40
2022-12-03T14:32:32,40,0,8,40
2022-12-03T14:41:52,40,0,8,40
2022-12-03T14:51:10,40,0,8,40
2022-12-03T15:00:27,40,0,8,40
2022-12-03T15:09:53,40,0,8,40
2022-12-03T15:19:10,40,0,8,40
2022-12-03T15:28:27,40,0,8,40
2022-12-03T15:37:46,40,0,8,40
2022-12-03T15:47:05,40,0,8,40
2022-12-03T15:56:22,40,0,8,40
2022-12-03T16:05:50,40,0,8,40
2022-12-03T16:15:08,40,0,8,40
2022-12-03T16:24:25,40,0,8,40
2022-12-03T16:33:42,40,0,8,40
2022-12-03T16:43:00,40,0,8,40
2022-12-03T16:52:17,40,0,8,40
2022-12-03T17:01:34,40,0,8,40
2022-12-03T17:11:10,40,0,8,40
2022-12-03T17:20:28,40,0,8,40
2022-12-03T17:29:45,40,0,8,40
2022-12-03T17:39:02,40,0,8,40
2022-12-03T17:48:19,40,0,8,40
2022-12-03T17:57:37,40,0,8,40
2022-12-03T18:06:55,40,0,8,40
2022-12-03T18:16:28,40,0,8,40
2022-12-03T18:25:46,40,0,8,40
2022-12-03T18:35:04,40,0,8,40
2022-12-03T18:44:21,40,0,8,40
2022-12-03T18:53:39,40,0,8,40
2022-12-03T19:02:57,40,0,8,40
2022-12-03T19:12:15,40,0,8,40
2022-12-03T19:21:33,40,0,8,40
2022-12-03T19:31:00,40,0,8,40
2022-12-03T19:40:17,40,0,8,40
2022-12-03T19:49:34,40,0,8,40
2022-12-03T19:58:51,40,0,8,40
2022-12-03T20:08:09,40,0,8,40
2022-12-03T20:17:25,40,0,8,40
2022-12-03T20:26:42,40,0,8,40
2022-12-03T20:36:02,40,0,8,40
2022-12-03T20:45:19,40,0,8,40
2022-12-03T20:54:37,40,0,8,40
2022-12-03T21:04:04,40,0,8,40
2022-12-03T21:13:21,40,0,8,40
2022-12-03T21:22:39,40,0,8,40
2022-12-03T21:31:56,40,0,8,40
2022-12-03T21:41:13,40,0,8,40
2022-12-03T21:50:31,40,0,8,40
2022-12-03T21:59:48,40,0,8,40
2022-12-03T22:09:05,40,0,8,40
2022-12-03T22:18:22,40,0,8,40
2022-12-03T22:27:40,40,0,8,40
2022-12-03T22:36:57,40,0,8,40
2022-12-03T22:46:24,40,0,8,40
2022-12-03T22:55:42,40,0,8,40
2022-12-03T23:05:00,40,0,8,40
2022-12-03T23:14:19,40,0,8,40
2022-12-03T23:23:37,40,0,8,40
2022-12-03T23:32:55,40,0,8,40
2022-12-03T23:42:12,40,0,8,40
2022-12-03T23:51:29,40,0,8,40
2022-12-04T00:00:46,40,0,8,40
2022-12-04T00:10:07,40,0,8,40
2022-12-04T00:19:30,40,0,8,40
2022-12-04T00:29:08,40,0,8,40
2022-12-04T00:38:27,40,0,8,40
2022-12-04T00:47:45,40,0,8,40
2022-12-04T00:57:03,40,0,8,40
2022-12-04T01:06:22,40,0,8,40
2022-12-04T01:15:44,40,0,8,40
2022-12-04T01:25:07,40,0,8,40
2022-12-04T01:34:26,40,0,8,40
2022-12-04T01:43:49,40,0,8,40
2022-12-04T01:53:14,40,0,8,40
2022-12-04T02:02:43,40,0,8,40
2022-12-04T02:12:11,40,0,8,40
2022-12-04T02:21:39,40,0,8,40
2022-12-04T02:31:09,40,0,8,40
2022-12-04T02:40:49,40,0,8,40
2022-12-04T02:50:15,40,0,8,40
2022-12-04T02:59:42,40,0,8,40
2022-12-04T03:09:08,40,0,8,40
2022-12-04T03:18:31,40,0,8,40
2022-12-04T03:27:54,40,0,8,40
2022-12-04T03:37:19,40,0,8,40
2022-12-04T03:46:40,40,0,8,40
2022-12-04T03:56:00,40,0,8,40
2022-12-04T04:05:23,40,0,8,40
2022-12-04T04:32:43,40,0,8,40
2022-12-04T04:42:04,40,0,8,40
2022-12-04T04:51:25,40,0,8,40
2022-12-04T05:00:45,40,0,8,40
2022-12-04T05:10:02,40,0,8,40
2022-12-04T05:19:18,40,0,8,40
2022-12-04T05:28:35,40,0,8,40
2022-12-04T05:37:51,40,0,8,40
2022-12-04T05:47:09,40,0,8,40
2022-12-04T05:56:29,40,0,8,40
2022-12-04T06:05:50,40,0,8,40
2022-12-04T06:15:11,40,0,8,40
2022-12-04T06:24:31,40,0,8,40
2022-12-04T06:33:50,40,0,8,40
2022-12-04T06:43:14,40,0,8,40
2022-12-04T06:52:34,40,0,8,40
2022-12-04T07:01:52,40,0,8,40
2022-12-04T07:11:11,40,0,8,40
2022-12-04T07:20:31,40,0,8,40
2022-12-04T07:29:50,40,0,8,40
2022-12-04T07:39:09,40,0,8,40
2022-12-04T07:48:29,40,0,8,40
2022-12-04T07:57:49,40,0,8,40
2022-12-04T08:07:07,40,0,8,40
2022-12-04T08:16:27,40,0,8,40
2022-12-04T08:25:46,40,0,8,40
2022-12-04T08:35:06,40,0,8,40
2022-12-04T08:44:34,40,0,8,40
2022-12-04T08:53:52,40,0,8,40
2022-12-04T09:03:12,40,0,8,40
2022-12-04T09:12:31,40,0,8,40
2022-12-04T09:21:50,40,0,8,40
2022-12-04T09:31:09,40,0,8,40
2022-12-04T09:40:27,40,0,8,40
2022-12-04T09:49:46,40,0,8,40
2022-12-04T09:59:05,40,0,8,40
2022-12-04T10:08:25,40,0,8,40
2022-12-04T10:17:44,40,0,8,40
2022-12-04T10:27:04,40,0,8,40
2022-12-04T10:36:24,40,0,8,40
2022-12-04T10:45:54,40,0,8,40
2022-12-04T10:55:13,40,0,8,40
2022-12-04T11:04:33,40,0,8,40
2022-12-04T11:13:53,40,0,8,40
2022-12-04T11:23:13,40,0,8,40
2022-12-04T11:32:32,40,0,8,40
2022-12-04T11:41:51,40,0,8,40
2022-12-04T11:51:10,40,0,8,40
2022-12-04T12:00:30,40,0,8,40
2022-12-04T12:09:49,40,0,8,40
2022-12-04T12:19:08,40,0,8,40
2022-12-04T12:28:39,40,0,8,40
2022-12-04T12:37:57,40,0,8,40
2022-12-04T12:47:15,40,0,8,40
2022-12-04T12:56:35,40,0,8,40
2022-12-04T13:05:54,40,0,8,40
2022-12-04T13:15:13,40,0,8,40
2022-12-04T13:24:33,40,0,8,40
2022-12-04T13:33:52,40,0,8,40
2022-12-04T13:43:11,40,0,8,40
2022-12-04T13:52:39,40,0,8,40
2022-12-04T14:01:58,40,0,8,40
2022-12-04T14:11:18,40,0,8,40
2022-12-04T14:20:37,40,0,8,40
2022-12-04T14:29:56,40,0,8,40
2022-12-04T14:39:15,40,0,8,40
2022-12-04T14:48:34,40,0,8,40
2022-12-04T14:57:52,40,0,8,40
2022-12-04T15:07:13,40,0,8,40
2022-12-04T15:16:42,40,0,8,40
2022-12-04T15:26:01,40,0,8,40
2022-12-04T15:35:20,40,0,8,40
2022-12-04T15:44:39,40,0,8,40
2022-12-04T15:53:59,40,0,8,40
2022-12-04T16:03:19,40,0,8,40
2022-12-04T16:12:39,40,0,8,40
2022-12-04T16:21:58,40,0,8,40
2022-12-04T16:31:18,40,0,8,40
2022-12-04T16:40:47,40,0,8,40
2022-12-04T16:50:06,40,0,8,40
2022-12-04T16:59:25,40,0,8,40
2022-12-04T17:08:46,40,0,8,40
2022-12-04T17:18:06,40,0,8,40
2022-12-04T17:27:26,40,0,8,40
2022-12-04T17:36:45,40,0,8,40
2022-12-04T17:46:04,40,0,8,40
2022-12-04T17:55:33,40,0,8,40
2022-12-04T18:04:52,40,0,8,40
2022-12-04T18:14:13,40,0,8,40
2022-12-04T18:23:32,40,0,8,40
2022-12-04T18:32:53,40,0,8,40
2022-12-04T18:42:13,40,0,8,40
2022-12-04T18:51:32,40,0,8,40
2022-12-04T19:00:54,40,0,8,40
2022-12-04T19:10:18,40,0,8,40
2022-12-04T19:19:39,40,0,8,40
2022-12-04T19:29:08,40,0,8,40
2022-12-04T19:38:28,40,0,8,40
2022-12-04T19:47:50,40,0,8,40
2022-12-04T19:57:10,40,0,8,40
2022-12-04T20:06:29,40,0,8,40
2022-12-04T20:15:49,40,0,8,40
2022-12-04T20:25:08,40,0,8,40
2022-12-04T20:34:27,40,0,8,40
2022-12-04T20:43:57,40,0,8,40
2022-12-04T20:53:19,40,0,8,40
2022-12-04T21:02:38,40,0,8,40
2022-12-04T21:11:59,40,0,8,40
2022-12-04T21:21:19,40,0,8,40
2022-12-04T21:30:41,40,0,8,40
2022-12-04T21:40:01,40,0,8,40
2022-12-04T21:49:21,40,0,8,40
2022-12-04T21:58:41,40,0,8,40
2022-12-04T22:08:12,40,0,8,40
2022-12-04T22:17:32,40,0,8,40
2022-12-04T22:26:51,40,0,8,40
2022-12-04T22:36:13,40,0,8,40
2022-12-04T22:45:32,40,0,8,40
2022-12-04T22:54:52,40,0,8,40
2022-12-04T23:04:13,40,0,8,40
2022-12-04T23:13:33,40,0,8,40
2022-12-04T23:22:55,40,0,8,40
2022-12-04T23:32:15,40,0,8,40
2022-12-04T23:41:35,40,0,8,40
2022-12-04T23:51:05,40,0,8,40
2022-12-05T00:00:24,40,0,8,40
2022-12-05T00:09:46,40,0,8,40
2022-12-05T00:19:12,40,0,8,40
2022-12-05T00:28:35,40,0,8,40
2022-12-05T00:37:59,40,0,8,40
2022-12-05T00:47:21,40,0,8,40
2022-12-05T00:56:44,40,0,8,40
2022-12-05T01:06:07,40,0,8,40
2022-12-05T01:15:38,40,0,8,40
2022-12-05T01:25:02,40,0,8,40
2022-12-05T01:34:24,40,0,8,40
2022-12-05T01:43:46,40,0,8,40
2022-12-05T01:53:18,40,0,8,40
2022-12-05T02:02:40,40,0,8,40
2022-12-05T02:12:03,40,0,8,40
2022-12-05T02:21:24,40,0,8,40
2022-12-05T02:30:45,40,0,8,40
2022-12-05T02:40:06,40,0,8,40
2022-12-05T02:49:26,40,0,8,40
2022-12-05T02:58:46,40,0,8,40
2022-12-05T03:08:06,40,0,8,40
2022-12-05T03:17:26,40,0,8,40
2022-12-05T03:26:46,40,0,8,40
2022-12-05T03:36:08,40,0,8,40
2022-12-05T03:45:30,40,0,8,40
2022-12-05T03:54:52,40,0,8,40
2022-12-05T04:04:14,40,0,8,40
2022-12-05T04:13:39,40,0,8,40
2022-12-05T04:30:47,40,0,8,40
2022-12-05T04:40:29,40,0,8,40
2022-12-05T04:49:54,40,0,8,40
2022-12-05T04:59:15,40,0,8,40
2022-12-05T05:08:37,40,0,8,40
2022-12-05T05:17:58,40,0,8,40
2022-12-05T05:27:18,40,0,8,40
2022-12-05T05:36:38,40,0,8,40
2022-12-05T05:45:58,40,0,8,40
2022-12-05T05:55:20,40,0,8,40
2022-12-05T06:04:50,40,0,8,40
2022-12-05T06:14:13,40,0,8,40
2022-12-05T06:23:36,40,0,8,40
2022-12-05T06:32:57,40,0,8,40
2022-12-05T06:42:18,40,0,8,40
2022-12-05T06:51:38,40,0,8,40
2022-12-05T07:00:58,40,0,8,40
2022-12-05T07:10:20,40,0,8,40
2022-12-05T07:19:44,40,0,8,40
2022-12-05T07:29:06,40,0,8,40
2022-12-05T07:38:29,40,0,8,40
2022-12-05T07:47:52,40,0,8,40
2022-12-05T07:57:14,40,0,8,40
2022-12-05T08:06:36,40,0,8,40
2022-12-05T08:16:09,40,0,8,40
2022-12-05T08:25:31,40,0,8,40
2022-12-05T08:34:53,40,0,8,40
2022-12-05T08:44:14,40,0,8,40
2022-12-05T08:53:36,40,0,8,40
2022-12-05T09:02:57,40,0,8,40
2022-12-05T09:12:17,40,0,8,40
2022-12-05T09:21:38,40,0,8,40
2022-12-05T09:30:59,40,0,8,40
2022-12-05T09:40:22,40,0,8,40
2022-12-05T09:49:43,40,0,8,40
2022-12-05T09:59:04,40,0,8,40
2022-12-05T10:08:35,40,0,8,40
2022-12-05T10:17:56,40,0,8,40
2022-12-05T10:27:19,40,0,8,40
2022-12-05T10:36:43,40,0,8,40
2022-12-05T10:46:05,40,0,8,40
2022-12-05T10:55:25,40,0,8,40
2022-12-05T11:04:46,40,0,8,40
2022-12-05T11:14:08,40,0,8,40
2022-12-05T11:23:43,40,0,8,40
2022-12-05T11:33:04,40,0,8,40
2022-12-05T11:42:26,40,0,8,40
2022-12-05T11:51:47,40,0,8,40
2022-12-05T12:01:08,40,0,8,40
2022-12-05T12:10:30,40,0,8,40
2022-12-05T12:19:51,40,0,8,40
2022-12-05T12:29:15,40,0,8,40
2022-12-05T12:38:46,40,0,8,40
2022-12-05T12:48:08,40,0,8,40
2022-12-05T12:57:28,40,0,8,40
2022-12-05T13:06:51,40,0,8,40
2022-12-05T13:16:12,40,0,8,40
2022-12-05T13:25:34,40,0,8,40
2022-12-05T13:34:55,40,0,8,40
2022-12-05T13:44:17,40,0,8,40
2022-12-05T13:53:49,40,0,8,40
2022-12-05T14:03:11,39,1,8,40
2022-12-05T14:12:34,39,1,8,40
2022-12-05T14:21:55,39,1,8,40
2022-12-05T14:31:18,39,1,8,40
2022-12-05T14:40:42,39,1,8,40
2022-12-05T14:50:03,39,1,8,40
2022-12-05T14:59:35,39,1,8,40
2022-12-05T15:08:57,39,1,8,40
2022-12-05T15:18:18,39,1,8,40
2022-12-05T15:27:41,39,1,8,40
2022-12-05T15:37:02,39,1,8,40
2022-12-05T15:46:23,39,1,8,40
2022-12-05T15:55:44,39,1,8,40
2022-12-05T16:05:07,39,1,8,40
2022-12-05T16:14:27,39,1,8,40
2022-12-05T16:23:58,39,1,8,40
2022-12-05T16:33:20,39,1,8,40
2022-12-05T16:42:40,39,1,8,40
2022-12-05T16:52:00,39,1,8,40
2022-12-05T17:01:21,39,1,8,40
2022-12-05T17:10:42,39,1,8,40
2022-12-05T17:20:03,39,1,8,40
2022-12-05T17:29:24,39,1,8,40
2022-12-05T17:38:43,39,1,8,40
2022-12-05T17:48:14,39,1,8,40
2022-12-05T17:57:34,39,1,8,40
2022-12-05T18:06:54,39,1,8,40
2022-12-05T18:16:14,39,1,8,40
2022-12-05T18:25:34,39,1,8,40
2022-12-05T18:34:55,39,1,8,40
2022-12-05T18:44:16,39,1,8,40
2022-12-05T18:53:37,39,1,8,40
2022-12-05T19:02:57,39,1,8,40
2022-12-05T19:12:17,39,1,8,40
2022-12-05T19:21:37,39,1,8,40
2022-12-05T19:30:56,39,1,8,40
2022-12-05T19:40:21,39,1,8,40
2022-12-05T19:49:50,39,1,8,40
2022-12-05T19:59:09,39,1,8,40
2022-12-05T20:08:29,39,1,8,40
2022-12-05T20:17:48,39,1,8,40
2022-12-05T20:27:08,39,1,8,40
2022-12-05T20:36:27,39,1,8,40
2022-12-05T20:45:47,39,1,8,40
2022-12-05T20:55:06,39,1,8,40
2022-12-05T21:04:25,39,1,8,40
2022-12-05T21:13:45,39,1,8,40
2022-12-05T21:23:06,39,1,8,40
2022-12-05T21:32:36,39,1,8,40
2022-12-05T21:41:56,39,1,8,40
2022-12-05T21:51:16,39,1,8,40
2022-12-05T22:00:35,39,1,8,40
2022-12-05T22:09:55,39,1,8,40
2022-12-05T22:19:15,39,1,8,40
2022-12-05T22:28:38,40,0,7,40
2022-12-05T22:37:58,40,0,7,40
2022-12-05T22:47:17,40,0,7,40
2022-12-05T22:56:37,40,0,7,40
2022-12-05T23:05:57,40,0,7,40
2022-12-05T23:15:16,40,0,7,40
2022-12-05T23:24:46,40,0,7,40
2022-12-05T23:34:06,40,0,7,40
2022-12-05T23:43:26,40,0,7,40
2022-12-05T23:52:45,40,0,7,40
2022-12-06T00:02:05,40,0,7,40
2022-12-06T00:11:27,40,0,7,40
2022-12-06T00:20:50,40,0,7,40
2022-12-06T00:30:10,40,0,7,40
2022-12-06T00:39:33,40,0,7,40
2022-12-06T00:48:55,40,0,7,40
2022-12-06T00:58:18,40,0,7,40
2022-12-06T01:07:39,40,0,7,40
2022-12-06T01:17:05,40,0,7,40
2022-12-06T01:26:28,40,0,7,40
2022-12-06T01:35:50,40,0,7,40
2022-12-06T01:45:21,40,0,7,40
2022-12-06T01:54:43,40,0,7,40
2022-12-06T02:04:03,40,0,7,40
2022-12-06T02:13:22,40,0,7,40
2022-12-06T02:22:43,40,0,7,40
2022-12-06T02:32:02,40,0,7,40
2022-12-06T02:41:22,40,0,7,40
2022-12-06T02:50:41,40,0,7,40
2022-12-06T03:00:01,40,0,7,40
2022-12-06T03:09:24,40,0,7,40
2022-12-06T03:18:45,40,0,7,40
2022-12-06T03:28:08,40,0,7,40
2022-12-06T03:37:29,40,0,7,40
2022-12-06T03:46:52,40,0,7,40
2022-12-06T03:56:13,40,0,7,40
2022-12-06T04:05:35,40,0,7,40
2022-12-06T04:22:45,40,0,7,40
2022-12-06T04:32:09,40,0,7,40
2022-12-06T04:41:31,40,0,7,40
2022-12-06T04:50:53,40,0,7,40
2022-12-06T05:00:15,40,0,7,40
2022-12-06T05:09:38,40,0,7,40
2022-12-06T05:18:59,40,0,7,40
2022-12-06T05:28:20,40,0,7,40
2022-12-06T05:37:42,40,0,7,40
2022-12-06T05:47:03,40,0,7,40
2022-12-06T05:56:26,40,0,7,40
2022-12-06T06:05:50,40,0,7,40
2022-12-06T06:15:12,40,0,7,40
2022-12-06T06:24:36,40,0,7,40
2022-12-06T06:33:57,40,0,7,40
2022-12-06T06:43:22,40,0,7,40
2022-12-06T06:52:41,40,0,7,40
2022-12-06T07:02:02,40,0,7,40
2022-12-06T07:11:24,40,0,7,40
2022-12-06T07:20:45,40,0,7,40
2022-12-06T07:30:07,40,0,7,40
2022-12-06T07:39:29,40,0,7,40
2022-12-06T07:48:52,40,0,7,40
2022-12-06T07:58:25,40,0,7,40
2022-12-06T08:07:47,40,0,7,40
2022-12-06T08:17:10,40,0,7,40
2022-12-06T08:26:33,40,0,7,40
2022-12-06T08:35:55,40,0,7,40
2022-12-06T08:45:17,40,0,7,40
2022-12-06T08:54:39,40,0,7,40
2022-12-06T09:04:18,40,0,7,40
2022-12-06T09:13:45,40,0,7,40
2022-12-06T09:23:09,40,0,7,40
2022-12-06T09:32:34,40,0,7,40
2022-12-06T09:41:57,40,0,7,40
2022-12-06T09:51:20,40,0,7,40
2022-12-06T10:00:52,40,0,7,40
2022-12-06T10:10:15,40,0,7,40
2022-12-06T10:19:37,40,0,7,40
2022-12-06T10:29:01,40,0,7,40
2022-12-06T10:38:24,40,0,7,40
2022-12-06T10:47:47,40,0,7,40
2022-12-06T10:57:11,40,0,7,40
2022-12-06T11:06:36,40,0,7,40
2022-12-06T11:16:00,40,0,7,40
2022-12-06T11:25:36,40,0,7,40
2022-12-06T11:35:00,40,0,7,40
2022-12-06T11:44:23,40,0,7,40
2022-12-06T11:53:45,40,0,7,40
2022-12-06T12:03:08,40,0,7,40
2022-12-06T12:12:30,40,0,7,40
2022-12-06T12:21:54,40,0,7,40
2022-12-06T12:31:15,40,0,7,40
2022-12-06T12:40:48,40,0,7,40
2022-12-06T12:50:09,40,0,7,40
2022-12-06T12:59:32,40,0,7,40
2022-12-06T13:08:55,40,0,7,40
2022-12-06T13:18:18,40,0,7,40
2022-12-06T13:27:41,40,0,7,40
2022-12-06T13:37:05,40,0,7,40
2022-12-06T13:46:28,40,0,7,40
2022-12-06T13:55:50,40,0,7,40
2022-12-06T14:05:26,40,0,7,40
2022-12-06T14:14:49,40,0,7,40
2022-12-06T14:24:13,40,0,7,40
2022-12-06T14:33:37,40,0,7,40
2022-12-06T14:43:00,40,0,7,40
2022-12-06T14:52:23,40,0,7,40
2022-12-06T15:01:45,40,0,7,40
2022-12-06T15:11:07,40,0,7,40
2022-12-06T15:20:41,40,0,7,40
2022-12-06T15:30:04,40,0,7,40
2022-12-06T15:39:27,40,0,7,40
2022-12-06T15:48:50,40,0,7,40
2022-12-06T15:58:13,40,0,7,40
2022-12-06T16:07:35,40,0,7,40
2022-12-06T16:16:56,40,0,7,40
2022-12-06T16:26:19,40,0,7,40
2022-12-06T16:35:53,40,0,7,40
2022-12-06T16:45:16,40,0,7,40
2022-12-06T16:54:41,40,0,7,40
2022-12-06T17:04:04,40,0,7,40
2022-12-06T17:13:29,40,0,7,40
2022-12-06T17:22:53,40,0,7,40
2022-12-06T17:32:15,40,0,7,40
2022-12-06T17:41:36,40,0,7,40
2022-12-06T17:50:57,40,0,7,40
2022-12-06T18:00:31,40,0,7,40
2022-12-06T18:09:56,40,0,7,40
2022-12-06T18:19:20,40,0,7,40
2022-12-06T18:28:46,40,0,7,40
2022-12-06T18:38:09,40,0,7,40
2022-12-06T18:47:33,40,0,7,40
2022-12-06T18:56:56,40,0,7,40
2022-12-06T19:06:28,40,0,7,40
2022-12-06T19:15:49,40,0,7,40
2022-12-06T19:25:12,40,0,7,40
2022-12-06T19:34:33,40,0,7,40
2022-12-06T19:43:54,40,0,7,40
2022-12-06T19:53:16,40,0,7,40
2022-12-06T20:02:37,40,0,7,40
2022-12-06T20:11:58,40,0,7,40
2022-12-06T20:21:20,40,0,7,40
2022-12-06T20:30:40,40,0,7,40
2022-12-06T20:40:13,40,0,7,40
2022-12-06T20:49:35,40,0,7,40
2022-12-06T20:58:56,40,0,7,40
2022-12-06T21:08:17,40,0,7,40
2022-12-06T21:17:39,40,0,7,40
2022-12-06T21:27:01,40,0,7,40
2022-12-06T21:36:21,40,0,7,40
2022-12-06T21:45:41,40,0,7,40
2022-12-06T21:55:02,40,0,7,40
2022-12-06T22:04:22,40,0,7,40
2022-12-06T22:13:55,40,0,7,40
2022-12-06T22:23:16,40,0,7,40
2022-12-06T22:32:37,40,0,7,40
2022-12-06T22:41:58,40,0,7,40
2022-12-06T22:51:18,40,0,7,40
2022-12-06T23:00:38,40,0,7,40
2022-12-06T23:10:00,40,0,7,40
2022-12-06T23:19:21,40,0,7,40
2022-12-06T23:28:42,40,0,7,40
2022-12-06T23:38:14,40,0,7,40
2022-12-06T23:47:34,40,0,7,40
2022-12-06T23:56:54,40,0,7,40
2022-12-07T00:06:15,40,0,7,40
2022-12-07T00:15:38,40,0,7,40
2022-12-07T00:25:02,40,0,7,40
2022-12-07T00:34:25,40,0,7,40
2022-12-07T00:43:46,40,0,7,40
2022-12-07T00:53:10,40,0,7,40
2022-12-07T01:02:33,40,0,7,40
2022-12-07T01:11:56,40,0,7,40
2022-12-07T01:21:21,40,0,7,40
2022-12-07T01:30:45,40,0,7,40
2022-12-07T01:40:09,40,0,7,40
2022-12-07T01:49:32,40,0,7,40
2022-12-07T01:59:08,40,0,7,40
2022-12-07T02:08:32,40,0,7,40
2022-12-07T02:17:56,40,0,7,40
2022-12-07T02:27:20,40,0,7,40
2022-12-07T02:36:43,40,0,7,40
2022-12-07T02:46:08,40,0,7,40
2022-12-07T02:55:31,40,0,7,40
2022-12-07T03:04:54,40,0,7,40
2022-12-07T03:14:16,40,0,7,40
2022-12-07T03:23:39,40,0,7,40
2022-12-07T03:33:00,40,0,7,40
2022-12-07T03:42:23,40,0,7,40
2022-12-07T03:51:47,40,0,7,40
2022-12-07T04:01:10,40,0,7,40
2022-12-07T04:27:44,40,0,7,40
2022-12-07T04:37:10,40,0,7,40
2022-12-07T04:46:36,40,0,7,40
2022-12-07T04:56:01,40,0,7,40
2022-12-07T05:05:24,40,0,7,40
2022-12-07T05:14:45,40,0,7,40
2022-12-07T05:24:10,40,0,7,40
2022-12-07T05:33:30,40,0,7,40
2022-12-07T05:44:35,40,0,7,40
2022-12-07T05:54:20,40,0,7,40
2022-12-07T06:03:46,40,0,7,40
2022-12-07T06:13:12,40,0,7,40
2022-12-07T06:22:40,40,0,7,40
2022-12-07T06:32:03,40,0,7,40
2022-12-07T06:41:27,40,0,7,40
2022-12-07T06:50:49,40,0,7,40
2022-12-07T07:00:11,40,0,7,40
2022-12-07T07:09:35,40,0,7,40
2022-12-07T07:19:08,40,0,7,40
2022-12-07T07:28:31,40,0,7,40
2022-12-07T07:37:55,40,0,7,40
2022-12-07T07:47:19,40,0,7,40
2022-12-07T07:56:43,40,0,7,40
2022-12-07T08:06:08,40,0,7,40
2022-12-07T08:15:31,40,0,7,40
2022-12-07T08:24:56,40,0,7,40
2022-12-07T08:34:21,40,0,7,40
2022-12-07T08:43:47,40,0,7,40
2022-12-07T08:53:11,40,0,7,40
2022-12-07T09:02:48,40,0,7,40
2022-12-07T09:12:15,40,0,7,40
2022-12-07T09:21:45,40,0,7,40
2022-12-07T09:31:14,40,0,7,40
2022-12-07T09:40:42,40,0,7,40
2022-12-07T09:50:10,40,0,7,40
2022-12-07T09:59:36,40,0,7,40
2022-12-07T10:09:02,40,0,7,40
2022-12-07T10:18:28,40,0,7,40
2022-12-07T10:27:54,40,0,7,40
2022-12-07T10:37:18,40,0,7,40
2022-12-07T10:46:52,40,0,7,40
2022-12-07T10:56:16,40,0,7,40
2022-12-07T11:05:41,40,0,7,40
2022-12-07T11:15:06,40,0,7,40
2022-12-07T11:24:30,40,0,7,40
2022-12-07T11:33:54,40,0,7,40
2022-12-07T11:43:18,40,0,7,40
2022-12-07T11:52:42,40,0,7,40
2022-12-07T12:02:06,40,0,7,40
2022-12-07T12:11:41,40,0,7,40
2022-12-07T12:21:05,40,0,7,40
2022-12-07T12:30:28,40,0,7,40
2022-12-07T12:39:50,40,0,7,40
2022-12-07T12:49:13,40,0,7,40
2022-12-07T12:58:36,40,0,7,40
2022-12-07T13:07:59,40,0,7,40
2022-12-07T13:17:33,40,0,7,40
2022-12-07T13:26:56,40,0,7,40
2022-12-07T13:36:20,40,0,7,40
2022-12-07T13:45:44,40,0,7,40
2022-12-07T13:55:07,40,0,7,40
2022-12-07T14:04:30,40,0,7,40
2022-12-07T14:13:53,40,0,7,40
2022-12-07T14:23:20,40,0,7,40
2022-12-07T14:32:42,40,0,7,40
2022-12-07T14:42:16,40,0,7,40
2022-12-07T14:51:41,40,0,7,40
2022-12-07T15:01:07,40,0,7,40
2022-12-07T15:10:31,40,0,7,40
2022-12-07T15:19:54,40,0,7,40
2022-12-07T15:29:19,40,0,7,40
2022-12-07T15:38:43,40,0,7,40
2022-12-07T15:48:06,40,0,7,40
2022-12-07T15:57:41,40,0,7,40
2022-12-07T16:07:05,40,0,7,40
2022-12-07T16:16:29,40,0,7,40
2022-12-07T16:25:52,40,0,7,40
2022-12-07T16:35:17,40,0,7,40
2022-12-07T16:44:41,40,0,7,40
2022-12-07T16:54:02,40,0,7,40
2022-12-07T17:03:23,40,0,7,40
2022-12-07T17:12:45,40,0,7,40
2022-12-07T17:22:17,40,0,7,40
2022-12-07T17:31:39,40,0,7,40
2022-12-07T17:41:01,40,0,7,40
2022-12-07T17:50:22,40,0,7,40
2022-12-07T17:59:43,40,0,7,40
2022-12-07T18:09:04,40,0,7,40
2022-12-07T18:18:24,40,0,7,40
2022-12-07T18:27:46,40,0,7,40
2022-12-07T18:37:07,40,0,7,40
2022-12-07T18:46:38,40,0,7,40
2022-12-07T18:56:00,40,0,7,40
2022-12-07T19:05:22,40,0,7,40
2022-12-07T19:14:43,40,0,7,40
2022-12-07T19:24:05,40,0,7,40
2022-12-07T19:33:28,40,0,7,40
2022-12-07T19:42:49,40,0,7,40
2022-12-07T19:52:09,40,0,7,40
2022-12-07T20:01:30,40,0,7,40
2022-12-07T20:10:52,40,0,7,40
2022-12-07T20:20:12,40,0,7,40
2022-12-07T20:29:45,40,0,7,40
2022-12-07T20:39:06,40,0,7,40
2022-12-07T20:48:26,40,0,7,40
2022-12-07T20:57:48,40,0,7,40
2022-12-07T21:07:08,40,0,7,40
2022-12-07T21:16:29,40,0,7,40
2022-12-07T21:25:50,40,0,7,40
2022-12-07T21:35:10,40,0,7,40
2022-12-07T21:44:42,40,0,7,40
2022-12-07T21:54:05,40,0,7,40
2022-12-07T22:03:27,40,0,7,40
2022-12-07T22:12:50,40,0,7,40
2022-12-07T22:22:13,40,0,7,40
2022-12-07T22:31:35,40,0,7,40
2022-12-07T22:40:58,40,0,7,40
2022-12-07T22:50:21,40,0,7,40
2022-12-07T22:59:42,40,0,7,40
2022-12-07T23:09:04,40,0,7,40
2022-12-07T23:18:26,40,0,7,40
2022-12-07T23:27:58,40,0,7,40
2022-12-07T23:37:19,40,0,7,40
2022-12-07T23:46:41,40,0,7,40
2022-12-07T23:56:01,40,0,7,40
2022-12-08T00:05:23,40,0,7,40
2022-12-08T00:14:47,40,0,7,40
2022-12-08T00:24:13,40,0,7,40
2022-12-08T00:33:35,40,0,7,40
2022-12-08T00:42:58,40,0,7,40
2022-12-08T00:52:22,40,0,7,40
2022-12-08T01:01:46,40,0,7,40
2022-12-08T01:11:08,40,0,7,40
2022-12-08T01:20:32,40,0,7,40
2022-12-08T01:29:55,40,0,7,40
2022-12-08T01:39:18,40,0,7,40
2022-12-08T01:48:50,40,0,7,40
2022-12-08T01:58:13,40,0,7,40
2022-12-08T02:07:35,40,0,7,40
2022-12-08T02:16:56,40,0,7,40
2022-12-08T02:26:17,40,0,7,40
2022-12-08T02:35:36,40,0,7,40
2022-12-08T02:44:56,40,0,7,40
2022-12-08T02:54:16,40,0,7,40
2022-12-08T03:03:39,40,0,7,40
2022-12-08T03:13:02,40,0,7,40
2022-12-08T03:22:24,40,0,7,40
2022-12-08T03:31:46,40,0,7,40
2022-12-08T03:41:10,40,0,7,40
2022-12-08T03:50:32,40,0,7,40
2022-12-08T03:59:56,40,0,7,40
2022-12-08T04:09:18,40,0,7,40
2022-12-08T04:18:41,40,0,7,40
2022-12-08T04:36:11,40,0,7,40
2022-12-08T04:47:01,40,0,7,40
2022-12-08T04:56:24,40,0,7,40
2022-12-08T05:05:46,40,0,7,40
2022-12-08T05:15:09,40,0,7,40
2022-12-08T05:24:33,40,0,7,40
2022-12-08T05:33:56,40,0,7,40
2022-12-08T05:43:16,40,0,7,40
2022-12-08T05:52:37,40,0,7,40
2022-12-08T06:02:00,40,0,7,40
2022-12-08T06:11:25,40,0,7,40
2022-12-08T06:20:47,40,0,7,40
2022-12-08T06:30:10,40,0,7,40
2022-12-08T06:39:32,40,0,7,40
2022-12-08T06:48:53,40,0,7,40
2022-12-08T06:58:15,40,0,7,40
2022-12-08T07:07:40,40,0,7,40
2022-12-08T07:17:01,40,0,7,40
2022-12-08T07:26:24,40,0,7,40
2022-12-08T07:35:47,40,0,7,40
2022-12-08T07:45:12,40,0,7,40
2022-12-08T07:54:36,40,0,7,40
2022-12-08T08:03:59,40,0,7,40
2022-12-08T08:13:31,40,0,7,40
2022-12-08T08:22:55,40,0,7,40
2022-12-08T08:32:21,40,0,7,40
2022-12-08T08:41:46,40,0,7,40
2022-12-08T08:51:09,40,0,7,40
2022-12-08T09:00:33,40,0,7,40
2022-12-08T09:09:59,40,0,7,40
2022-12-08T09:19:24,40,0,7,40
2022-12-08T09:28:51,40,0,7,40
2022-12-08T09:38:16,40,0,7,40
2022-12-08T09:47:44,40,0,7,40
2022-12-08T09:57:10,40,0,7,40
2022-12-08T10:06:35,40,0,7,40
2022-12-08T10:16:02,40,0,7,40
2022-12-08T10:25:42,40,0,7,40
2022-12-08T10:35:10,40,0,7,40
2022-12-08T10:44:35,40,0,7,40
2022-12-08T10:54:00,40,0,7,40
2022-12-08T11:03:28,40,0,7,40
2022-12-08T11:12:59,40,0,7,40
2022-12-08T11:22:30,40,0,7,40
2022-12-08T11:31:58,40,0,7,40
2022-12-08T11:41:26,40,0,7,40
2022-12-08T11:51:03,40,0,7,40
2022-12-08T12:00:43,40,0,7,40
2022-12-08T12:10:15,40,0,7,40
2022-12-08T12:19:39,40,0,7,40
2022-12-08T12:29:05,40,0,7,40
2022-12-08T12:38:33,40,0,7,40
2022-12-08T12:48:10,40,0,7,40
2022-12-08T12:57:38,40,0,7,40
2022-12-08T13:07:03,40,0,7,40
2022-12-08T13:16:28,40,0,7,40
2022-12-08T13:25:57,40,0,7,40
2022-12-08T13:35:29,40,0,7,40
2022-12-08T13:45:08,40,0,7,40
2022-12-08T13:54:38,40,0,7,40
2022-12-08T14:04:09,40,0,7,40
2022-12-08T14:13:39,40,0,7,40
2022-12-08T14:23:03,40,0,7,40
2022-12-08T14:32:31,40,0,7,40
2022-12-08T14:42:02,40,0,7,40
2022-12-08T14:51:28,40,0,7,40
2022-12-08T15:01:10,40,0,7,40
2022-12-08T15:10:33,40,0,7,40
2022-12-08T15:19:58,40,0,7,40
2022-12-08T15:29:30,40,0,7,40
2022-12-08T15:38:56,40,0,7,40
2022-12-08T15:48:26,40,0,7,40
2022-12-08T15:57:51,40,0,7,40
2022-12-08T16:07:28,40,0,7,40
2022-12-08T16:16:54,40,0,7,40
2022-12-08T16:26:20,40,0,7,40
2022-12-08T16:35:44,40,0,7,40
2022-12-08T16:45:08,40,0,7,40
2022-12-08T16:54:33,40,0,7,40
2022-12-08T17:03:58,40,0,7,40
2022-12-08T17:13:22,40,0,7,40
2022-12-08T17:22:48,40,0,7,40
2022-12-08T17:32:12,40,0,7,40
2022-12-08T17:41:45,40,0,7,40
2022-12-08T17:51:07,40,0,7,40
2022-12-08T18:00:28,40,0,7,40
2022-12-08T18:09:50,40,0,7,40
2022-12-08T18:19:17,40,0,7,40
2022-12-08T18:28:39,40,0,7,40
2022-12-08T18:38:26,40,0,7,40
2022-12-08T18:47:52,40,0,7,40
2022-12-08T18:57:14,40,0,7,40
2022-12-08T19:06:38,40,0,7,40
2022-12-08T19:16:02,40,0,7,40
2022-12-08T19:25:25,40,0,7,40
2022-12-08T19:34:47,40,0,7,40
2022-12-08T19:44:09,40,0,7,40
2022-12-08T19:53:31,40,0,7,40
2022-12-08T20:02:53,40,0,7,40
2022-12-08T20:12:27,40,0,7,40
2022-12-08T20:21:50,40,0,7,40
2022-12-08T20:31:15,40,0,7,40
2022-12-08T20:40:37,40,0,7,40
2022-12-08T20:49:59,40,0,7,40
2022-12-08T20:59:21,40,0,7,40
2022-12-08T21:08:44,40,0,7,40
2022-12-08T21:18:06,40,0,7,40
2022-12-08T21:27:27,40,0,7,40
2022-12-08T21:36:49,40,0,7,40
2022-12-08T21:46:10,40,0,7,40
2022-12-08T21:55:30,40,0,7,40
2022-12-08T22:04:53,40,0,7,40
2022-12-08T22:14:17,40,0,7,40
2022-12-08T22:23:48,40,0,7,40
2022-12-08T22:33:10,40,0,7,40
2022-12-08T22:42:32,40,0,7,40
2022-12-08T22:51:53,40,0,7,40
2022-12-08T23:01:14,40,0,7,40
2022-12-08T23:10:35,40,0,7,40
2022-12-08T23:19:59,40,0,7,40
2022-12-08T23:29:20,40,0,7,40
2022-12-08T23:38:42,40,0,7,40
2022-12-08T23:48:03,40,0,7,40
2022-12-08T23:57:24,40,0,7,40
2022-12-09T00:06:47,40,0,7,40
2022-12-09T00:16:15,40,0,7,40
2022-12-09T00:25:51,40,0,7,40
2022-12-09T00:35:16,40,0,7,40
2022-12-09T00:44:37,40,0,7,40
2022-12-09T00:54:01,40,0,7,40
2022-12-09T01:03:25,40,0,7,40
2022-12-09T01:12:49,40,0,7,40
2022-12-09T01:22:14,40,0,7,40
2022-12-09T01:31:40,40,0,7,40
2022-12-09T01:41:06,40,0,7,40
2022-12-09T01:50:29,40,0,7,40
2022-12-09T01:59:53,40,0,7,40
2022-12-09T02:09:15,40,0,7,40
2022-12-09T02:18:41,40,0,7,40
2022-12-09T02:28:06,40,0,7,40
2022-12-09T02:37:33,40,0,7,40
2022-12-09T02:46:58,40,0,7,40
2022-12-09T02:56:33,40,0,7,40
2022-12-09T03:05:57,40,0,7,40
2022-12-09T03:15:19,40,0,7,40
2022-12-09T03:24:41,40,0,7,40
2022-12-09T03:34:04,40,0,7,40
2022-12-09T03:43:28,40,0,7,40
2022-12-09T03:52:52,40,0,7,40
2022-12-09T04:02:16,40,0,7,40
2022-12-09T04:11:41,40,0,7,40
2022-12-09T04:30:13,40,0,7,40
2022-12-09T04:39:50,40,0,7,40
2022-12-09T04:49:15,40,0,7,40
2022-12-09T04:58:40,40,0,7,40
2022-12-09T05:08:05,40,0,7,40
2022-12-09T05:17:27,40,0,7,40
2022-12-09T05:26:49,40,0,7,40
2022-12-09T05:36:10,40,0,7,40
2022-12-09T05:45:31,40,0,7,40
2022-12-09T05:54:55,40,0,7,40
2022-12-09T06:04:22,40,0,7,40
2022-12-09T06:13:48,40,0,7,40
2022-12-09T06:23:12,40,0,7,40
2022-12-09T06:32:36,40,0,7,40
2022-12-09T06:41:59,40,0,7,40
2022-12-09T06:51:21,40,0,7,40
2022-12-09T07:00:45,40,0,7,40
2022-12-09T07:10:08,40,0,7,40
2022-12-09T07:19:35,40,0,7,40
2022-12-09T07:28:59,40,0,7,40
2022-12-09T07:38:24,40,0,7,40
2022-12-09T07:47:50,40,0,7,40
2022-12-09T07:57:16,40,0,7,40
2022-12-09T08:06:41,40,0,7,40
2022-12-09T08:16:05,40,0,7,40
2022-12-09T08:25:30,40,0,7,40
2022-12-09T08:34:57,40,0,7,40
2022-12-09T08:44:21,40,0,7,40
2022-12-09T08:53:55,40,0,7,40
2022-12-09T09:03:21,40,0,7,40
2022-12-09T09:12:45,40,0,7,40
2022-12-09T09:22:10,40,0,7,40
2022-12-09T09:31:34,40,0,7,40
2022-12-09T09:41:01,40,0,7,40
2022-12-09T09:50:31,40,0,7,40
2022-12-09T09:59:57,40,0,7,40
2022-12-09T10:09:23,40,0,7,40
2022-12-09T10:18:52,40,0,7,40
2022-12-09T10:28:16,40,0,7,40
2022-12-09T10:37:40,40,0,7,40
2022-12-09T10:47:24,40,0,7,40
2022-12-09T10:56:49,40,0,7,40
2022-12-09T11:06:11,40,0,7,40
2022-12-09T11:15:32,40,0,7,40
2022-12-09T11:24:55,40,0,7,40
2022-12-09T11:34:24,40,0,7,40
2022-12-09T11:43:48,40,0,7,40
2022-12-09T11:53:11,40,0,7,40
2022-12-09T12:02:35,40,0,7,40
2022-12-09T12:11:58,40,0,7,40
2022-12-09T12:21:20,40,0,7,40
2022-12-09T12:30:43,40,0,7,40
2022-12-09T12:40:17,40,0,7,40
2022-12-09T12:49:39,40,0,7,40
2022-12-09T12:59:01,40,0,7,40
2022-12-09T13:08:24,40,0,7,40
2022-12-09T13:17:52,40,0,7,40
2022-12-09T13:27:16,40,0,7,40
2022-12-09T13:36:43,40,0,7,40
2022-12-09T13:46:07,40,0,7,40
2022-12-09T13:55:37,40,0,7,40
2022-12-09T14:05:10,40,0,7,40
2022-12-09T14:14:36,40,0,7,40
2022-12-09T14:24:00,40,0,7,40
2022-12-09T14:33:27,40,0,7,40
2022-12-09T14:42:53,40,0,7,40
2022-12-09T14:52:24,40,0,7,40
2022-12-09T15:01:47,40,0,7,40
2022-12-09T15:11:07,40,0,7,40
2022-12-09T15:20:56,40,0,7,40
2022-12-09T15:30:22,40,0,7,40
2022-12-09T15:39:49,40,0,7,40
2022-12-09T15:49:11,40,0,7,40
2022-12-09T15:58:32,40,0,7,40
2022-12-09T16:07:54,40,0,7,40
2022-12-09T16:17:17,40,0,7,40
2022-12-09T16:26:38,40,0,7,40
2022-12-09T16:36:00,40,0,7,40
2022-12-09T16:45:30,40,0,7,40
2022-12-09T16:54:51,40,0,7,40
2022-12-09T17:04:12,40,0,7,40
2022-12-09T17:13:37,40,0,7,40
2022-12-09T17:22:58,40,0,7,40
2022-12-09T17:32:18,40,0,7,40
2022-12-09T17:41:39,40,0,7,40
2022-12-09T17:50:59,40,0,7,40
2022-12-09T18:00:19,40,0,7,40
2022-12-09T18:09:39,40,0,7,40
2022-12-09T18:18:59,40,0,7,40
2022-12-09T18:28:30,40,0,7,40
2022-12-09T18:37:51,40,0,7,40
2022-12-09T18:47:10,40,0,7,40
2022-12-09T18:56:31,40,0,7,40
2022-12-09T19:05:55,40,0,7,40
2022-12-09T19:15:14,40,0,7,40
2022-12-09T19:24:34,40,0,7,40
2022-12-09T19:33:57,40,0,7,40
2022-12-09T19:43:16,40,0,7,40
2022-12-09T19:52:36,40,0,7,40
2022-12-09T20:01:55,40,0,7,40
2022-12-09T20:11:16,40,0,7,40
2022-12-09T20:20:35,40,0,7,40
2022-12-09T20:29:56,40,0,7,40
2022-12-09T20:39:24,40,0,7,40
2022-12-09T20:48:43,40,0,7,40
2022-12-09T20:58:03,40,0,7,40
2022-12-09T21:07:24,40,0,7,40
2022-12-09T21:16:43,40,0,7,40
2022-12-09T21:26:03,40,0,7,40
2022-12-09T21:35:22,40,0,7,40
2022-12-09T21:44:42,40,0,7,40
2022-12-09T21:54:01,40,0,7,40
2022-12-09T22:03:20,40,0,7,40
2022-12-09T22:12:39,40,0,7,40
2022-12-09T22:22:00,40,0,7,40
2022-12-09T22:31:21,40,0,7,40
2022-12-09T22:40:40,40,0,7,40
2022-12-09T22:50:00,40,0,7,40
2022-12-09T22:59:19,40,0,7,40
2022-12-09T23:08:40,40,0,7,40
2022-12-09T23:18:12,40,0,7,40
2022-12-09T23:27:32,40,0,7,40
2022-12-09T23:36:54,40,0,7,40
2022-12-09T23:46:16,40,0,7,40
2022-12-09T23:55:36,40,0,7,40
2022-12-10T00:04:57,40,0,7,40
2022-12-10T00:14:19,40,0,7,40
2022-12-10T00:23:42,40,0,7,40
2022-12-10T00:33:05,40,0,7,40
2022-12-10T00:42:28,40,0,7,40
2022-12-10T00:51:52,40,0,7,40
2022-12-10T01:01:18,40,0,7,40
2022-12-10T01:10:42,40,0,7,40
2022-12-10T01:20:06,40,0,7,40
2022-12-10T01:29:29,40,0,7,40
2022-12-10T01:38:51,40,0,7,40
2022-12-10T01:48:14,40,0,7,40
2022-12-10T01:57:34,40,0,7,40
2022-12-10T02:07:06,40,0,7,40
2022-12-10T02:16:26,40,0,7,40
2022-12-10T02:25:45,40,0,7,40
2022-12-10T02:35:05,40,0,7,40
2022-12-10T02:44:25,40,0,7,40
2022-12-10T02:53:45,40,0,7,40
2022-12-10T03:03:03,40,0,7,40
2022-12-10T03:12:21,40,0,7,40
2022-12-10T03:21:41,40,0,7,40
2022-12-10T03:31:00,40,0,7,40
2022-12-10T03:40:20,40,0,7,40
2022-12-10T03:49:41,40,0,7,40
2022-12-10T03:59:02,40,0,7,40
2022-12-10T04:08:26,40,0,7,40
2022-12-10T04:23:55,40,0,7,40
2022-12-10T04:33:44,40,0,7,40
2022-12-10T04:43:06,40,0,7,40
2022-12-10T04:52:27,40,0,7,40
2022-12-10T05:01:45,40,0,7,40
2022-12-10T05:11:04,40,0,7,40
2022-12-10T05:20:22,40,0,7,40
2022-12-10T05:29:45,40,0,7,40
2022-12-10T05:39:50,40,0,7,40
2022-12-10T05:49:14,40,0,7,40
2022-12-10T05:58:37,40,0,7,40
2022-12-10T06:08:01,40,0,7,40
2022-12-10T06:17:23,40,0,7,40
2022-12-10T06:26:46,40,0,7,40
2022-12-10T06:36:10,40,0,7,40
2022-12-10T06:45:33,40,0,7,40
2022-12-10T06:54:56,40,0,7,40
2022-12-10T07:04:20,40,0,7,40
2022-12-10T07:13:44,40,0,7,40
2022-12-10T07:23:08,40,0,7,40
2022-12-10T07:32:33,40,0,7,40
2022-12-10T07:42:03,40,0,7,40
2022-12-10T07:51:28,40,0,7,40
2022-12-10T08:00:53,40,0,7,40
2022-12-10T08:10:18,40,0,7,40
2022-12-10T08:19:52,40,0,7,40
2022-12-10T08:29:17,40,0,7,40
2022-12-10T08:38:41,40,0,7,40
2022-12-10T08:48:04,40,0,7,40
2022-12-10T08:57:27,40,0,7,40
2022-12-10T09:06:51,40,0,7,40
2022-12-10T09:16:13,40,0,7,40
2022-12-10T09:25:37,40,0,7,40
2022-12-10T09:35:00,40,0,7,40
2022-12-10T09:44:23,40,0,7,40
2022-12-10T09:53:45,40,0,7,40
2022-12-10T10:03:07,40,0,7,40
2022-12-10T10:12:31,40,0,7,40
2022-12-10T10:21:56,40,0,7,40
2022-12-10T10:31:21,40,0,7,40
2022-12-10T10:40:46,40,0,7,40
2022-12-10T10:50:08,40,0,7,40
2022-12-10T10:59:36,40,0,7,40
2022-12-10T11:09:03,40,0,7,40
2022-12-10T11:18:39,40,0,7,40
2022-12-10T11:28:06,40,0,7,40
2022-12-10T11:37:34,40,0,7,40
2022-12-10T11:46:57,40,0,7,40
2022-12-10T11:56:19,40,0,7,40
2022-12-10T12:05:43,40,0,7,40
2022-12-10T12:15:06,40,0,7,40
2022-12-10T12:24:34,40,0,7,40
2022-12-10T12:33:58,40,0,7,40
2022-12-10T12:43:22,40,0,7,40
2022-12-10T12:52:45,40,0,7,40
2022-12-10T13:02:12,40,0,7,40
2022-12-10T13:11:39,40,0,7,40
2022-12-10T13:21:06,40,0,7,40
2022-12-10T13:30:41,40,0,7,40
2022-12-10T13:40:05,40,0,7,40
2022-12-10T13:49:28,40,0,7,40
2022-12-10T13:58:54,40,0,7,40
2022-12-10T14:08:19,40,0,7,40
2022-12-10T14:17:47,40,0,7,40
2022-12-10T14:27:12,40,0,7,40
2022-12-10T14:36:34,40,0,7,40
2022-12-10T14:45:56,40,0,7,40
2022-12-10T14:55:18,40,0,7,40
2022-12-10T15:04:40,40,0,7,40
2022-12-10T15:14:03,40,0,7,40
2022-12-10T15:23:25,40,0,7,40
2022-12-10T15:32:47,40,0,7,40
2022-12-10T15:42:08,40,0,7,40
2022-12-10T15:51:31,40,0,7,40
2022-12-10T16:01:03,40,0,7,40
2022-12-10T16:10:25,40,0,7,40
2022-12-10T16:19:48,40,0,7,40
2022-12-10T16:29:09,40,0,7,40
2022-12-10T16:38:30,40,0,7,40
2022-12-10T16:47:51,40,0,7,40
2022-12-10T16:57:12,40,0,7,40
2022-12-10T17:06:33,40,0,7,40
2022-12-10T17:16:00,40,0,7,40
2022-12-10T17:25:24,40,0,7,40
2022-12-10T17:34:49,40,0,7,40
2022-12-10T17:44:12,40,0,7,40
2022-12-10T17:53:37,40,0,7,40
2022-12-10T18:02:58,40,0,7,40
2022-12-10T18:12:30,40,0,7,40
2022-12-10T18:21:51,40,0,7,40
2022-12-10T18:31:12,40,0,7,40
2022-12-10T18:40:33,40,0,7,40
2022-12-10T18:49:53,40,0,7,40
2022-12-10T18:59:15,40,0,7,40
2022-12-10T19:08:36,40,0,7,40
2022-12-10T19:17:59,40,0,7,40
2022-12-10T19:27:21,40,0,7,40
2022-12-10T19:36:43,40,0,7,40
2022-12-10T19:46:04,40,0,7,40
2022-12-10T19:55:24,40,0,7,40
2022-12-10T20:04:47,40,0,7,40
2022-12-10T20:14:08,40,0,7,40
2022-12-10T20:23:30,40,0,7,40
2022-12-10T20:33:01,40,0,7,40
2022-12-10T20:42:23,40,0,7,40
2022-12-10T20:51:43,40,0,7,40
2022-12-10T21:01:05,40,0,7,40
2022-12-10T21:10:27,40,0,7,40
2022-12-10T21:19:50,40,0,7,40
2022-12-10T21:29:12,40,0,7,40
2022-12-10T21:38:33,40,0,7,40
2022-12-10T21:47:54,40,0,7,40
2022-12-10T21:57:16,40,0,7,40
2022-12-10T22:06:38,40,0,7,40
2022-12-10T22:16:01,40,0,7,40
2022-12-10T22:25:22,40,0,7,40
2022-12-10T22:34:44,40,0,7,40
2022-12-10T22:44:07,40,0,7,40
2022-12-10T22:53:28,40,0,7,40
2022-12-10T23:03:04,40,0,7,40
2022-12-10T23:12:26,40,0,7,40
2022-12-10T23:21:49,40,0,7,40
2022-12-10T23:31:10,40,0,7,40
2022-12-10T23:40:31,40,0,7,40
2022-12-10T23:49:51,40,0,7,40
2022-12-10T23:59:10,40,0,7,40
2022-12-11T00:08:31,40,0,7,40
2022-12-11T00:17:57,40,0,7,40
2022-12-11T00:27:19,40,0,7,40
2022-12-11T00:36:41,40,0,7,40
2022-12-11T00:46:01,40,0,7,40
2022-12-11T00:55:21,40,0,7,40
2022-12-11T01:04:41,40,0,7,40
2022-12-11T01:14:01,40,0,7,40
2022-12-11T01:23:22,40,0,7,40
2022-12-11T01:32:42,40,0,7,40
2022-12-11T01:42:03,40,0,7,40
2022-12-11T01:51:24,40,0,7,40
2022-12-11T02:00:54,40,0,7,40
2022-12-11T02:10:13,40,0,7,40
2022-12-11T02:19:33,40,0,7,40
2022-12-11T02:28:55,40,0,7,40
2022-12-11T02:38:20,40,0,7,40
2022-12-11T02:47:48,40,0,7,40
2022-12-11T02:57:17,40,0,7,40
2022-12-11T03:06:40,40,0,7,40
2022-12-11T03:16:02,40,0,7,40
2022-12-11T03:25:27,40,0,7,40
2022-12-11T03:34:53,40,0,7,40
2022-12-11T03:44:20,40,0,7,40
2022-12-11T03:53:44,40,0,7,40
2022-12-11T04:03:09,40,0,7,40
2022-12-11T04:20:22,40,0,7,40
2022-12-11T04:31:22,40,0,7,40
2022-12-11T04:40:50,40,0,7,40
2022-12-11T04:50:14,40,0,7,40
2022-12-11T04:59:37,40,0,7,40
2022-12-11T05:09:00,40,0,7,40
2022-12-11T05:18:22,40,0,7,40
2022-12-11T05:27:46,40,0,7,40
2022-12-11T05:37:09,40,0,7,40
2022-12-11T05:46:30,40,0,7,40
2022-12-11T05:55:52,40,0,7,40
2022-12-11T06:05:17,40,0,7,40
2022-12-11T06:14:42,40,0,7,40
2022-12-11T06:24:04,40,0,7,40
2022-12-11T06:33:25,40,0,7,40
2022-12-11T06:42:50,40,0,7,40
2022-12-11T06:52:12,40,0,7,40
2022-12-11T07:01:34,40,0,7,40
2022-12-11T07:10:58,40,0,7,40
2022-12-11T07:20:20,40,0,7,40
2022-12-11T07:29:48,40,0,7,40
2022-12-11T07:39:12,40,0,7,40
2022-12-11T07:48:40,40,0,7,40
2022-12-11T07:58:13,40,0,7,40
2022-12-11T08:07:37,40,0,7,40
2022-12-11T08:17:10,40,0,7,40
2022-12-11T08:26:33,40,0,7,40
2022-12-11T08:35:59,40,0,7,40
2022-12-11T08:45:22,40,0,7,40
2022-12-11T08:54:44,40,0,7,40
2022-12-11T09:04:08,40,0,7,40
2022-12-11T09:13:31,40,0,7,40
2022-12-11T09:22:52,40,0,7,40
2022-12-11T09:32:14,40,0,7,40
2022-12-11T09:41:36,40,0,7,40
2022-12-11T09:50:57,40,0,7,40
2022-12-11T10:00:25,40,0,7,40
2022-12-11T10:09:47,40,0,7,40
2022-12-11T10:19:09,40,0,7,40
2022-12-11T10:28:35,40,0,7,40
2022-12-11T10:38:01,40,0,7,40
2022-12-11T10:47:23,40,0,7,40
2022-12-11T10:56:46,40,0,7,40
2022-12-11T11:06:13,40,0,7,40
2022-12-11T11:15:36,40,0,7,40
2022-12-11T11:24:58,40,0,7,40
2022-12-11T11:34:25,40,0,7,40
2022-12-11T11:43:58,40,0,7,40
2022-12-11T11:53:20,40,0,7,40
2022-12-11T12:02:49,40,0,7,40
2022-12-11T12:12:16,40,0,7,40
2022-12-11T12:21:42,40,0,7,40
2022-12-11T12:31:08,40,0,7,40
2022-12-11T12:40:31,40,0,7,40
2022-12-11T12:49:54,40,0,7,40
2022-12-11T12:59:16,40,0,7,40
2022-12-11T13:08:38,40,0,7,40
2022-12-11T13:18:01,40,0,7,40
2022-12-11T13:27:23,40,0,7,40
2022-12-11T13:36:45,40,0,7,40
2022-12-11T13:46:19,40,0,7,40
2022-12-11T13:55:40,40,0,7,40
2022-12-11T14:05:02,40,0,7,40
2022-12-11T14:14:23,40,0,7,40
2022-12-11T14:23:45,40,0,7,40
2022-12-11T14:33:06,40,0,7,40
2022-12-11T14:42:27,40,0,7,40
2022-12-11T15:01:19,40,0,7,40
2022-12-11T15:11:09,40,0,7,40
2022-12-11T15:29:19,40,0,7,40
2022-12-11T15:39:07,40,0,7,40
2022-12-11T15:48:31,40,0,7,40
2022-12-11T15:57:54,40,0,7,40
2022-12-11T16:07:16,40,0,7,40
2022-12-11T16:16:39,40,0,6,40
2022-12-11T16:26:00,40,0,6,40
2022-12-11T16:35:23,40,0,6,40
2022-12-11T16:44:46,40,0,6,40
2022-12-11T16:54:12,40,0,6,40
2022-12-11T17:03:36,40,0,6,40
2022-12-11T17:12:59,40,0,6,40
2022-12-11T17:22:22,40,0,6,40
2022-12-11T17:31:53,40,0,6,40
2022-12-11T17:41:14,40,0,6,40
2022-12-11T17:50:35,40,0,6,40
2022-12-11T17:59:56,40,0,6,40
2022-12-11T18:09:18,40,0,6,40
2022-12-11T18:18:39,40,0,6,40
2022-12-11T18:28:00,40,0,6,40
2022-12-11T18:37:22,40,0,6,40
2022-12-11T18:46:43,40,0,6,40
2022-12-11T18:56:05,40,0,6,40
2022-12-11T19:05:28,40,0,6,40
2022-12-11T19:14:50,40,0,6,40
2022-12-11T19:24:23,40,0,6,40
2022-12-11T19:33:44,40,0,6,40
2022-12-11T19:43:05,40,0,6,40
2022-12-11T19:52:27,40,0,6,40
2022-12-11T20:01:48,40,0,6,40
2022-12-11T20:11:09,40,0,6,40
2022-12-11T20:20:30,40,0,6,40
2022-12-11T20:29:51,40,0,6,40
2022-12-11T20:39:12,40,0,6,40
2022-12-11T20:48:33,40,0,6,40
2022-12-11T20:57:54,40,0,6,40
2022-12-11T21:07:25,40,0,6,40
2022-12-11T21:16:46,40,0,6,40
2022-12-11T21:26:07,40,0,6,40
2022-12-11T21:35:28,40,0,6,40
2022-12-11T21:44:50,40,0,6,40
2022-12-11T21:54:11,40,0,6,40
2022-12-11T22:03:31,40,0,6,40
2022-12-11T22:12:54,40,0,6,40
2022-12-11T22:22:16,40,0,6,40
2022-12-11T22:31:39,40,0,6,40
2022-12-11T22:41:01,40,0,6,40
2022-12-11T22:50:21,40,0,6,40
2022-12-11T22:59:42,40,0,6,40
2022-12-11T23:09:16,40,0,6,40
2022-12-11T23:18:36,40,0,6,40
2022-12-11T23:27:56,40,0,6,40
2022-12-11T23:37:16,40,0,6,40
2022-12-11T23:46:37,40,0,6,40
2022-12-11T23:55:59,40,0,6,40
2022-12-12T00:05:21,40,0,6,40
2022-12-12T00:14:48,40,0,6,40
2022-12-12T00:24:15,40,0,6,40
2022-12-12T00:33:38,40,0,6,40
2022-12-12T00:42:59,40,0,6,40
2022-12-12T00:52:20,40,0,6,40
2022-12-12T01:01:50,40,0,6,40
2022-12-12T01:11:11,40,0,6,40
2022-12-12T01:20:37,40,0,6,40
2022-12-12T01:30:05,40,0,6,40
2022-12-12T01:39:29,40,0,6,40
2022-12-12T01:48:52,40,0,6,40
2022-12-12T01:58:15,40,0,6,40
2022-12-12T02:07:37,40,0,6,40
2022-12-12T02:17:00,40,0,6,40
2022-12-12T02:26:22,40,0,6,40
2022-12-12T02:35:47,40,0,6,40
2022-12-12T02:45:08,40,0,6,40
2022-12-12T02:54:28,40,0,6,40
2022-12-12T03:03:49,40,0,6,40
2022-12-12T03:13:10,40,0,6,40
2022-12-12T03:22:32,40,0,6,40
2022-12-12T03:31:53,40,0,6,40
2022-12-12T03:41:15,40,0,6,40
2022-12-12T03:50:40,40,0,6,40
2022-12-12T04:00:02,40,0,6,40
2022-12-12T04:21:04,40,0,6,40
2022-12-12T04:30:43,40,0,6,40
2022-12-12T04:40:07,40,0,6,40
2022-12-12T04:49:30,40,0,6,40
2022-12-12T04:58:51,40,0,6,40
2022-12-12T05:08:15,40,0,6,40
2022-12-12T05:17:37,40,0,6,40
2022-12-12T05:26:56,40,0,6,40
2022-12-12T05:36:18,40,0,6,40
2022-12-12T05:45:39,40,0,6,40
2022-12-12T05:55:01,40,0,6,40
2022-12-12T06:04:26,40,0,6,40
2022-12-12T06:13:49,40,0,6,40
2022-12-12T06:23:13,40,0,6,40
2022-12-12T06:32:34,40,0,6,40
2022-12-12T06:41:57,40,0,6,40
2022-12-12T06:51:19,40,0,6,40
2022-12-12T07:00:41,40,0,6,40
2022-12-12T07:10:04,40,0,6,40
2022-12-12T07:19:26,40,0,6,40
2022-12-12T07:28:52,40,0,6,40
2022-12-12T07:38:16,40,0,6,40
2022-12-12T07:47:39,40,0,6,40
2022-12-12T07:57:03,40,0,6,40
2022-12-12T08:06:27,40,0,6,40
2022-12-12T08:15:50,40,0,6,40
2022-12-12T08:25:15,40,0,6,40
2022-12-12T08:34:39,40,0,6,40
2022-12-12T08:44:03,40,0,6,40
2022-12-12T08:53:27,40,0,6,40
2022-12-12T09:02:51,40,0,6,40
2022-12-12T09:12:15,40,0,6,40
2022-12-12T09:21:42,40,0,6,40
2022-12-12T09:31:06,40,0,6,40
2022-12-12T09:40:32,40,0,6,40
2022-12-12T09:50:08,40,0,6,40
2022-12-12T09:59:31,40,0,6,40
2022-12-12T10:08:57,40,0,6,40
2022-12-12T10:18:21,40,0,6,40
2022-12-12T10:27:46,40,0,6,40
2022-12-12T10:37:11,40,0,6,40
2022-12-12T10:46:35,40,0,6,40
2022-12-12T10:56:05,40,0,6,40
2022-12-12T11:05:31,40,0,6,40
2022-12-12T11:15:03,40,0,6,40
2022-12-12T11:24:28,40,0,6,40
2022-12-12T11:34:04,40,0,6,40
2022-12-12T11:43:31,40,0,6,40
2022-12-12T11:52:58,40,0,6,40
2022-12-12T12:02:37,40,0,6,40
2022-12-12T12:12:01,40,0,6,40
2022-12-12T12:21:29,40,0,6,40
2022-12-12T12:30:54,40,0,6,40
2022-12-12T12:40:19,40,0,6,40
2022-12-12T12:49:45,40,0,6,40
2022-12-12T12:59:10,40,0,6,40
2022-12-12T13:08:36,40,0,6,40
2022-12-12T13:18:02,40,0,6,40
2022-12-12T13:27:28,40,0,6,40
2022-12-12T13:37:05,40,0,6,40
2022-12-12T13:46:31,40,0,6,40
2022-12-12T13:55:56,40,0,6,40
2022-12-12T14:05:22,40,0,6,40
2022-12-12T14:14:49,40,0,6,40
2022-12-12T14:24:15,40,0,6,40
2022-12-12T14:33:42,40,0,6,40
2022-12-12T15:15:38,40,0,6,40
2022-12-12T15:25:19,40,0,6,40
2022-12-12T15:38:34,40,0,6,40
2022-12-12T15:47:58,40,0,6,40
2022-12-12T15:57:21,40,0,6,40
2022-12-12T16:06:44,40,0,6,40
2022-12-12T16:16:07,40,0,6,40
2022-12-12T16:25:42,40,0,6,40
2022-12-12T16:35:05,40,0,6,40
2022-12-12T16:44:28,40,0,6,40
2022-12-12T16:53:52,40,0,6,40
2022-12-12T17:19:05,40,0,6,40
2022-12-12T17:28:27,40,0,6,40
2022-12-12T17:37:49,40,0,6,40
2022-12-12T17:47:23,40,0,6,40
2022-12-12T17:56:44,40,0,6,40
2022-12-12T18:06:05,40,0,6,40
2022-12-12T18:15:28,40,0,6,40
2022-12-12T18:24:48,40,0,6,40
2022-12-12T18:34:09,40,0,6,40
2022-12-12T18:43:30,40,0,6,40
2022-12-12T18:52:52,40,0,6,40
2022-12-12T19:02:13,40,0,6,40
2022-12-12T19:11:48,40,0,6,40
2022-12-12T19:21:10,40,0,6,40
2022-12-12T19:30:30,40,0,6,40
2022-12-12T19:39:52,40,0,6,40
2022-12-12T19:49:13,40,0,6,40
2022-12-12T19:58:34,40,0,6,40
2022-12-12T20:07:55,40,0,6,40
2022-12-12T20:17:16,40,0,6,40
2022-12-12T20:26:37,40,0,6,40
2022-12-12T20:35:58,40,0,6,40
2022-12-12T20:45:19,40,0,6,40
2022-12-12T20:54:39,40,0,6,40
2022-12-12T21:04:01,40,0,6,40
2022-12-12T21:13:34,40,0,6,40
2022-12-12T21:22:55,40,0,6,40
2022-12-12T21:32:17,40,0,6,40
2022-12-12T21:41:41,40,0,6,40
2022-12-12T21:51:02,40,0,6,40
2022-12-12T22:00:24,40,0,6,40
2022-12-12T22:09:50,40,0,6,40
2022-12-12T22:19:19,40,0,6,40
2022-12-12T22:28:49,40,0,6,40
2022-12-12T22:38:19,40,0,6,40
2022-12-12T22:47:48,40,0,6,40
2022-12-12T22:57:16,40,0,6,40
2022-12-12T23:06:57,40,0,6,40
2022-12-12T23:16:26,40,0,6,40
2022-12-12T23:25:55,40,0,6,40
2022-12-12T23:35:24,40,0,6,40
2022-12-12T23:44:49,40,0,6,40
2022-12-12T23:54:13,40,0,6,40
2022-12-13T00:03:37,40,0,6,40
2022-12-13T00:12:58,40,0,6,40
2022-12-13T00:22:22,40,0,6,40
2022-12-13T00:31:45,40,0,6,40
2022-12-13T00:41:20,40,0,6,40
2022-12-13T00:50:43,40,0,6,40
2022-12-13T01:00:10,40,0,6,40
2022-12-13T01:09:34,40,0,6,40
2022-12-13T01:18:58,40,0,6,40
2022-12-13T01:28:21,40,0,6,40
2022-12-13T01:37:44,40,0,6,40
2022-12-13T01:47:06,40,0,6,40
2022-12-13T01:56:27,40,0,6,40
2022-12-13T02:05:50,40,0,6,40
2022-12-13T02:15:11,40,0,6,40
2022-12-13T02:24:32,40,0,6,40
2022-12-13T02:33:53,40,0,6,40
2022-12-13T02:43:13,40,0,6,40
2022-12-13T02:52:33,40,0,6,40
2022-12-13T03:01:54,40,0,6,40
2022-12-13T03:11:15,40,0,6,40
2022-12-13T03:20:36,40,0,6,40
2022-12-13T03:30:02,40,0,6,40
2022-12-13T03:39:26,40,0,6,40
2022-12-13T03:48:49,40,0,6,40
2022-12-13T03:58:15,40,0,6,40
2022-12-13T04:07:37,40,0,6,40
2022-12-13T11:51:46,40,0,6,40
2022-12-13T12:01:13,40,0,6,40
2022-12-13T12:10:37,40,0,6,40
2022-12-13T12:19:59,40,0,6,40
2022-12-13T12:29:21,40,0,6,40
2022-12-13T12:38:55,40,0,6,40
2022-12-13T12:48:16,40,0,6,40
2022-12-13T12:57:37,40,0,6,40
2022-12-13T13:07:00,40,0,6,40
2022-12-13T13:16:22,40,0,6,40
2022-12-13T13:25:44,40,0,6,40
2022-12-13T13:35:05,40,0,6,40
2022-12-13T13:44:27,40,0,6,40
2022-12-13T13:54:01,40,0,6,40
2022-12-13T14:03:22,40,0,6,40
2022-12-13T14:12:44,40,0,6,40
2022-12-13T14:22:06,40,0,6,40
2022-12-13T14:31:28,40,0,6,40
2022-12-13T14:40:49,40,0,6,40
2022-12-13T14:50:11,40,0,6,40
2022-12-13T14:59:32,40,0,6,40
2022-12-13T15:08:54,40,0,6,40
2022-12-13T15:18:29,40,0,6,40
2022-12-13T15:27:50,40,0,6,40
2022-12-13T15:37:12,40,0,6,40
2022-12-13T15:46:34,40,0,6,40
2022-12-13T15:55:56,40,0,6,40
2022-12-13T16:05:18,40,0,6,40
2022-12-13T16:14:40,40,0,6,40
2022-12-13T16:24:01,40,0,6,40
2022-12-13T16:33:36,40,0,6,40
2022-12-13T16:42:57,40,0,6,40
2022-12-13T16:52:18,40,0,6,40
2022-12-13T17:01:40,40,0,6,40
2022-12-13T17:11:03,40,0,6,40
2022-12-13T17:20:24,40,0,6,40
2022-12-13T17:29:45,40,0,6,40
2022-12-13T17:39:07,40,0,6,40
2022-12-13T17:48:27,40,0,6,40
2022-12-13T17:58:00,40,0,6,40
2022-12-13T18:07:20,40,0,6,40
2022-12-13T18:16:41,40,0,6,40
2022-12-13T18:26:06,40,0,6,40
2022-12-13T18:35:29,40,0,6,40
2022-12-13T18:44:52,40,0,6,40
2022-12-13T18:54:16,40,0,6,40
2022-12-13T19:03:39,40,0,6,40
2022-12-13T19:13:13,40,0,6,40
2022-12-13T19:22:36,40,0,6,40
2022-12-13T19:32:00,40,0,6,40
2022-12-13T19:41:23,40,0,6,40
2022-12-13T19:50:46,40,0,6,40
2022-12-13T20:00:08,40,0,6,40
2022-12-13T20:09:30,40,0,6,40
2022-12-13T20:18:52,40,0,6,40
2022-12-13T20:28:14,40,0,6,40
2022-12-13T20:37:36,40,0,6,40
2022-12-13T20:46:58,40,0,6,40
2022-12-13T20:56:30,40,0,6,40
2022-12-13T21:05:51,40,0,6,40
2022-12-13T21:15:12,40,0,6,40
2022-12-13T21:24:34,40,0,6,40
2022-12-13T21:33:55,40,0,6,40
2022-12-13T21:43:17,40,0,6,40
2022-12-13T21:52:38,40,0,6,40
2022-12-13T22:02:21,40,0,6,40
2022-12-13T22:10:53,40,0,6,40
2022-12-13T22:20:15,40,0,6,40
2022-12-13T22:29:36,40,0,6,40
2022-12-13T22:38:58,40,0,6,40
2022-12-13T22:48:30,40,0,6,40
2022-12-13T22:57:51,40,0,6,40
2022-12-13T23:07:13,40,0,6,40
2022-12-13T23:16:35,40,0,6,40
2022-12-13T23:25:57,40,0,6,40
2022-12-13T23:35:18,40,0,6,40
2022-12-13T23:44:40,40,0,6,40
2022-12-13T23:54:01,40,0,6,40
2022-12-14T00:03:23,40,0,6,40
2022-12-14T00:12:46,40,0,6,40
2022-12-14T00:22:12,40,0,6,40
2022-12-14T00:31:34,40,0,6,40
2022-12-14T00:40:58,40,0,6,40
2022-12-14T00:50:21,40,0,6,40
2022-12-14T00:59:58,40,0,6,40
2022-12-14T01:09:21,40,0,6,40
2022-12-14T01:18:57,40,0,6,40
2022-12-14T01:28:20,40,0,6,40
2022-12-14T01:37:44,40,0,6,40
2022-12-14T01:47:07,40,0,6,40
2022-12-14T01:56:31,40,0,6,40
2022-12-14T02:05:54,40,0,6,40
2022-12-14T02:15:14,40,0,6,40
2022-12-14T02:24:37,40,0,6,40
2022-12-14T02:34:00,40,0,6,40
2022-12-14T02:43:23,40,0,6,40
2022-12-14T02:52:46,40,0,6,40
2022-12-14T03:02:09,40,0,6,40
2022-12-14T03:11:34,40,0,6,40
2022-12-14T03:20:56,40,0,6,40
2022-12-14T03:30:19,40,0,6,40
2022-12-14T03:39:42,40,0,6,40
2022-12-14T03:49:04,40,0,6,40
2022-12-14T03:58:27,40,0,6,40
2022-12-14T04:10:08,40,0,6,40
2022-12-13T04:29:35,40,0,6,40
2022-12-13T04:39:09,40,0,6,40
2022-12-13T04:48:30,40,0,6,40
2022-12-13T04:57:50,40,0,6,40
2022-12-13T05:07:10,40,0,6,40
2022-12-13T05:16:28,40,0,6,40
2022-12-13T05:25:46,40,0,6,40
2022-12-13T05:35:05,40,0,6,40
2022-12-13T05:45:46,40,0,6,40
2022-12-13T05:55:30,40,0,6,40
2022-12-13T06:04:52,40,0,6,40
2022-12-13T06:14:14,40,0,6,40
2022-12-13T06:23:34,40,0,6,40
2022-12-13T06:32:54,40,0,6,40
2022-12-13T06:42:14,40,0,6,40
2022-12-13T06:51:32,40,0,6,40
2022-12-13T07:00:51,40,0,6,40
2022-12-13T07:10:10,40,0,6,40
2022-12-13T07:19:30,40,0,6,40
2022-12-13T07:28:49,40,0,6,40
2022-12-13T07:38:10,40,0,6,40
2022-12-13T07:47:30,40,0,6,40
2022-12-13T07:56:51,40,0,6,40
2022-12-13T08:06:12,40,0,6,40
2022-12-13T08:15:33,40,0,6,40
2022-12-13T08:24:54,40,0,6,40
2022-12-13T08:34:15,40,0,6,40
2022-12-13T08:43:37,40,0,6,40
2022-12-13T08:52:59,40,0,6,40
2022-12-13T09:02:22,40,0,6,40
2022-12-13T09:11:46,40,0,6,40
2022-12-14T04:28:00,40,0,6,40
2022-12-14T04:37:26,40,0,6,40
2022-12-14T04:46:51,40,0,6,40
2022-12-14T04:56:17,40,0,6,40
2022-12-14T05:05:40,40,0,6,40
2022-12-14T05:15:02,40,0,6,40
2022-12-14T05:24:24,40,0,6,40
2022-12-14T05:33:45,40,0,6,40
2022-12-14T05:43:05,40,0,6,40
2022-12-14T05:52:28,40,0,6,40
2022-12-14T06:01:51,40,0,6,40
2022-12-14T06:11:16,40,0,6,40
2022-12-14T06:20:40,40,0,6,40
2022-12-14T06:30:03,40,0,6,40
2022-12-14T06:39:25,40,0,6,40
2022-12-14T06:48:47,40,0,6,40
2022-12-14T06:58:09,40,0,6,40
2022-12-14T07:07:33,40,0,6,40
2022-12-14T07:16:56,40,0,6,40
2022-12-14T07:26:19,40,0,6,40
2022-12-14T07:35:47,40,0,6,40
2022-12-14T07:45:11,40,0,6,40
2022-12-14T07:54:34,40,0,6,40
2022-12-14T08:03:58,40,0,6,40
2022-12-14T08:13:22,40,0,6,40
2022-12-14T08:22:46,40,0,6,40
2022-12-14T08:32:10,40,0,6,40
2022-12-14T08:41:33,40,0,6,40
2022-12-14T08:51:07,40,0,6,40
2022-12-14T09:00:32,40,0,6,40
2022-12-14T09:09:56,40,0,6,40
2022-12-14T09:19:22,40,0,6,40
2022-12-14T09:28:46,40,0,6,40
2022-12-14T09:38:10,40,0,6,40
2022-12-14T09:47:34,40,0,6,40
2022-12-14T09:56:58,40,0,6,40
2022-12-14T10:06:40,40,0,6,40
2022-12-14T10:16:06,40,0,6,40
2022-12-14T10:25:30,40,0,6,40
2022-12-14T10:34:55,40,0,6,40
2022-12-14T10:44:31,40,0,6,40
2022-12-14T10:53:55,40,0,6,40
2022-12-14T11:03:20,40,0,6,40
2022-12-14T11:12:43,40,0,6,40
2022-12-14T11:22:07,40,0,6,40
2022-12-14T11:31:31,40,0,6,40
2022-12-14T11:40:55,40,0,6,40
2022-12-14T11:50:29,40,0,6,40
2022-12-14T11:59:52,40,0,6,40
2022-12-14T12:09:16,40,0,6,40
2022-12-14T12:18:40,40,0,6,40
2022-12-14T12:28:04,40,0,6,40
2022-12-14T12:37:27,40,0,6,40
2022-12-14T12:47:11,40,0,6,40
2022-12-14T12:56:35,40,0,6,40
2022-12-14T13:05:59,40,0,7,40
2022-12-14T13:15:23,40,0,7,40
2022-12-14T13:24:46,40,0,7,40
2022-12-14T13:34:10,40,0,7,40
2022-12-14T13:43:35,40,0,7,40
2022-12-14T13:53:09,40,0,7,40
2022-12-14T14:02:33,40,0,7,40
2022-12-14T14:11:58,40,0,7,40
2022-12-14T14:21:23,40,0,7,40
2022-12-14T14:30:48,40,0,7,40
2022-12-14T14:40:12,40,0,7,40
2022-12-14T14:49:35,40,0,7,40
2022-12-14T14:58:59,40,0,7,40
2022-12-14T15:08:33,40,0,7,40
2022-12-14T15:17:56,40,0,7,40
2022-12-14T15:27:19,40,0,7,40
2022-12-14T15:36:43,40,0,7,40
2022-12-14T15:46:07,40,0,7,40
2022-12-14T15:55:30,40,0,7,40
2022-12-14T16:04:54,40,0,7,40
2022-12-14T16:14:16,40,0,7,40
2022-12-14T16:23:38,40,0,7,40
2022-12-14T16:33:01,40,0,7,40
2022-12-14T16:42:33,40,0,7,40
2022-12-14T16:51:56,40,0,7,40
2022-12-14T17:01:18,40,0,7,40
2022-12-14T17:10:41,40,0,7,40
2022-12-14T17:20:04,40,0,7,40
2022-12-14T17:29:27,40,0,7,40
2022-12-14T17:38:49,40,0,7,40
2022-12-14T17:48:32,40,0,7,40
2022-12-14T17:57:54,40,0,7,40
2022-12-14T18:07:16,40,0,7,40
2022-12-14T18:16:38,40,0,7,40
2022-12-14T18:26:01,40,0,7,40
2022-12-14T18:35:23,40,0,7,40
2022-12-14T18:44:46,40,0,7,40
2022-12-14T18:54:08,40,0,7,40
2022-12-14T19:03:30,40,0,7,40
2022-12-14T19:12:51,40,0,7,40
2022-12-14T19:22:23,40,0,7,40
2022-12-14T19:31:43,40,0,7,40
2022-12-14T19:41:04,40,0,7,40
2022-12-14T19:50:25,40,0,7,40
2022-12-14T19:59:45,40,0,7,40
2022-12-14T20:09:06,40,0,7,40
2022-12-14T20:18:26,40,0,7,40
2022-12-14T20:27:47,40,0,7,40
2022-12-14T20:37:17,40,0,7,40
2022-12-14T20:46:37,40,0,7,40
2022-12-14T20:55:58,40,0,7,40
2022-12-14T21:05:19,40,0,7,40
2022-12-14T21:14:39,40,0,7,40
2022-12-14T21:24:00,40,0,7,40
2022-12-14T21:33:21,40,0,7,40
2022-12-14T21:42:42,40,0,7,40
2022-12-14T21:52:13,40,0,7,40
2022-12-14T22:01:34,40,0,7,40
2022-12-14T22:10:55,40,0,7,40
2022-12-14T22:20:16,40,0,7,40
2022-12-14T22:29:38,40,0,7,40
2022-12-14T22:38:59,40,0,7,40
2022-12-14T22:48:20,40,0,7,40
2022-12-14T22:57:40,40,0,7,40
2022-12-14T23:07:12,40,0,7,40
2022-12-14T23:16:33,40,0,7,40
2022-12-14T23:25:55,40,0,7,40
2022-12-14T23:35:16,40,0,7,40
2022-12-14T23:44:37,40,0,7,40
2022-12-14T23:53:58,40,0,7,40
2022-12-15T00:03:20,40,0,7,40
2022-12-15T00:12:44,40,0,7,40
2022-12-15T00:22:08,40,0,7,40
2022-12-15T00:31:29,40,0,7,40
2022-12-15T00:41:12,40,0,7,40
2022-12-15T00:50:36,40,0,7,40
2022-12-15T01:00:01,40,0,7,40
2022-12-15T01:09:25,40,0,7,40
2022-12-15T01:18:49,40,0,7,40
2022-12-15T01:28:13,40,0,7,40
2022-12-15T01:37:36,40,0,7,40
2022-12-15T01:46:59,40,0,7,40
2022-12-15T01:56:22,40,0,7,40
2022-12-15T02:05:45,40,0,7,40
2022-12-15T02:15:06,40,0,7,40
2022-12-15T02:24:27,40,0,7,40
2022-12-15T02:33:48,40,0,7,40
2022-12-15T02:43:08,40,0,7,40
2022-12-15T02:52:39,40,0,7,40
2022-12-15T03:01:58,40,0,7,40
2022-12-15T03:11:19,40,0,7,40
2022-12-15T03:20:39,40,0,7,40
2022-12-15T03:30:01,40,0,7,40
2022-12-15T03:39:24,40,0,7,40
2022-12-15T03:48:46,40,0,7,40
2022-12-15T03:58:09,40,0,7,40
2022-12-15T04:08:39,40,0,7,40
2022-12-15T04:29:03,40,0,7,40
2022-12-15T04:38:55,40,0,7,40
2022-12-15T04:48:19,40,0,7,40
2022-12-15T04:57:43,40,0,7,40
2022-12-15T05:07:06,40,0,7,40
2022-12-15T05:16:28,40,0,7,40
2022-12-15T05:25:50,40,0,7,40
2022-12-15T05:35:13,40,0,7,40
2022-12-15T05:44:35,40,0,7,40
2022-12-15T05:53:59,40,0,7,40
2022-12-15T06:03:24,40,0,7,40
2022-12-15T06:12:50,40,0,7,40
2022-12-15T06:22:14,40,0,7,40
2022-12-15T06:31:38,40,0,7,40
2022-12-15T06:41:00,40,0,7,40
2022-12-15T06:50:22,40,0,7,40
2022-12-15T06:59:46,40,0,7,40
2022-12-15T07:09:09,40,0,7,40
2022-12-15T07:18:32,40,0,7,40
2022-12-15T07:27:56,40,0,7,40
2022-12-15T07:37:21,40,0,7,40
2022-12-15T07:46:46,40,0,7,40
2022-12-15T07:56:10,40,0,7,40
2022-12-15T08:05:34,40,0,7,40
2022-12-15T08:14:59,40,0,7,40
2022-12-15T08:24:32,40,0,7,40
2022-12-15T08:33:55,40,0,7,40
2022-12-15T08:43:19,40,0,7,40
2022-12-15T08:52:42,40,0,7,40
2022-12-15T09:02:05,40,0,7,40
2022-12-15T09:11:28,40,0,7,40
2022-12-15T09:20:51,40,0,7,40
2022-12-15T09:30:15,40,0,7,40
2022-12-15T09:39:39,40,0,7,40
2022-12-15T09:49:03,40,0,7,40
2022-12-15T09:58:27,40,0,7,40
2022-12-15T10:08:02,40,0,7,40
2022-12-15T10:17:25,40,0,7,40
2022-12-15T10:26:49,40,0,7,40
2022-12-15T10:36:13,40,0,7,40
2022-12-15T10:45:38,40,0,7,40
2022-12-15T10:55:04,40,0,7,40
2022-12-15T11:04:29,40,0,7,40
2022-12-15T11:13:53,40,0,7,40
2022-12-15T11:23:31,40,0,7,40
2022-12-15T11:32:56,40,0,7,40
2022-12-15T11:42:20,40,0,7,40
2022-12-15T11:51:44,40,0,7,40
2022-12-15T12:01:09,40,0,7,40
2022-12-15T12:10:33,40,0,7,40
2022-12-15T12:20:09,40,0,7,40
2022-12-15T12:29:32,40,0,7,40
2022-12-15T12:38:57,40,0,7,40
2022-12-15T12:48:21,40,0,7,40
2022-12-15T12:57:44,40,0,7,40
2022-12-15T13:07:09,40,0,7,40
2022-12-15T13:16:32,40,0,7,40
2022-12-15T13:26:07,40,0,7,40
2022-12-15T13:35:31,40,0,7,40
2022-12-15T13:44:56,40,0,7,40
2022-12-15T13:54:20,40,0,7,40
2022-12-15T14:03:44,40,0,7,40
2022-12-15T14:13:08,40,0,7,40
2022-12-15T14:22:34,40,0,7,40
2022-12-15T14:32:12,40,0,7,40
2022-12-15T14:41:37,40,0,7,40
2022-12-15T14:51:03,40,0,7,40
2022-12-15T15:00:32,40,0,7,40
2022-12-15T15:09:57,40,0,7,40
2022-12-15T15:19:35,40,0,7,40
2022-12-15T15:29:00,40,0,7,40
2022-12-15T15:38:25,40,0,7,40
2022-12-15T15:47:50,40,0,7,40
2022-12-15T15:57:15,40,0,7,40
2022-12-15T16:06:39,40,0,7,40
2022-12-15T16:16:04,40,0,7,40
2022-12-15T16:25:37,40,0,7,40
2022-12-15T16:35:01,40,0,7,40
2022-12-15T16:44:24,40,0,7,40
2022-12-15T16:53:48,40,0,7,40
2022-12-15T17:03:12,40,0,7,40
2022-12-15T17:12:36,40,0,7,40
2022-12-15T17:22:00,40,0,7,40
2022-12-15T17:31:34,40,0,7,40
2022-12-15T17:40:57,40,0,7,40
2022-12-15T17:50:20,40,0,7,40
2022-12-15T17:59:44,40,0,7,40
2022-12-15T18:09:07,40,0,7,40
2022-12-15T18:18:31,40,0,7,40
2022-12-15T18:27:54,40,0,7,40
2022-12-15T18:37:16,40,0,7,40
2022-12-15T18:46:39,40,0,7,40
2022-12-15T18:56:14,40,0,7,40
2022-12-15T19:05:38,40,0,7,40
2022-12-15T19:15:01,40,0,7,40
2022-12-15T19:24:25,40,0,7,40
2022-12-15T19:33:48,40,0,7,40
2022-12-15T19:43:10,40,0,7,40
2022-12-15T19:52:32,40,0,7,40
2022-12-15T20:01:53,40,0,7,40
2022-12-15T20:11:14,40,0,7,40
2022-12-15T20:20:46,40,0,7,40
2022-12-15T20:30:08,40,0,7,40
2022-12-15T20:39:29,40,0,7,40
2022-12-15T20:48:51,40,0,7,40
2022-12-15T20:58:12,40,0,7,40
2022-12-15T21:07:33,40,0,7,40
2022-12-15T21:16:55,40,0,7,40
2022-12-15T21:26:28,40,0,7,40
2022-12-15T21:35:50,40,0,7,40
2022-12-15T21:45:11,40,0,7,40
2022-12-15T21:54:32,40,0,7,40
2022-12-15T22:03:54,40,0,7,40
2022-12-15T22:13:16,40,0,7,40
2022-12-15T22:22:37,40,0,7,40
2022-12-15T22:31:59,40,0,7,40
2022-12-15T22:41:20,40,0,7,40
2022-12-15T22:50:53,40,0,7,40
2022-12-15T23:00:14,40,0,7,40
2022-12-15T23:09:45,40,0,7,40
2022-12-15T23:19:13,40,0,7,40
2022-12-15T23:28:44,40,0,7,40
2022-12-15T23:38:20,40,0,7,40
2022-12-15T23:47:54,40,0,7,40
2022-12-15T23:57:32,40,0,7,40
2022-12-16T00:07:12,40,0,7,40
2022-12-16T00:17:06,40,0,7,40
2022-12-16T00:26:52,40,0,7,40
2022-12-16T00:36:37,40,0,7,40
2022-12-16T00:46:17,40,0,7,40
2022-12-16T00:55:55,40,0,7,40
2022-12-16T01:05:33,40,0,7,40
2022-12-16T01:15:13,40,0,7,40
2022-12-16T01:24:49,40,0,7,40
2022-12-16T01:34:26,40,0,7,40
2022-12-16T01:44:02,40,0,7,40
2022-12-16T01:53:37,40,0,7,40
2022-12-16T02:03:13,40,0,7,40
2022-12-16T02:12:46,40,0,7,40
2022-12-16T02:22:21,40,0,7,40
2022-12-16T02:32:05,40,0,7,40
2022-12-16T02:41:36,40,0,7,40
2022-12-16T02:51:07,40,0,7,40
2022-12-16T03:00:38,40,0,7,40
2022-12-16T03:10:09,40,0,7,40
2022-12-16T03:19:38,40,0,7,40
2022-12-16T03:29:04,40,0,7,40
2022-12-16T03:38:30,40,0,7,40
2022-12-16T03:47:56,40,0,7,40
2022-12-16T03:57:21,40,0,7,40
2022-12-16T04:06:44,40,0,7,40
2022-12-16T04:26:53,40,0,7,40
2022-12-16T04:36:42,40,0,7,40
2022-12-16T04:46:07,40,0,7,40
2022-12-16T04:55:31,40,0,7,40
2022-12-16T05:04:55,40,0,7,40
2022-12-16T05:14:17,40,0,7,40
2022-12-16T05:23:37,40,0,7,40
2022-12-16T05:32:59,40,0,7,40
2022-12-16T05:42:19,40,0,7,40
2022-12-16T05:51:41,40,0,7,40
2022-12-16T06:01:05,40,0,7,40
2022-12-16T06:10:32,40,0,7,40
2022-12-16T06:19:56,40,0,7,40
2022-12-16T06:29:20,40,0,7,40
2022-12-16T06:38:43,40,0,7,40
2022-12-16T06:48:06,40,0,7,40
2022-12-16T06:57:27,40,0,7,40
2022-12-16T07:06:51,40,0,7,40
2022-12-16T07:16:14,40,0,7,40
2022-12-16T07:25:38,40,0,7,40
2022-12-16T07:35:02,40,0,7,40
2022-12-16T07:44:26,40,0,7,40
2022-12-16T07:53:50,40,0,7,40
2022-12-16T08:03:15,40,0,7,40
2022-12-16T08:12:39,40,0,7,40
2022-12-16T08:22:03,40,0,7,40
2022-12-16T08:31:28,40,0,7,40
2022-12-16T08:41:00,40,0,7,40
2022-12-16T08:50:24,40,0,7,40
2022-12-16T08:59:48,40,0,7,40
2022-12-16T09:09:12,40,0,7,40
2022-12-16T09:18:36,40,0,7,40
2022-12-16T09:28:00,40,0,7,40
2022-12-16T09:37:23,40,0,7,40
2022-12-16T09:46:48,40,0,7,40
2022-12-16T09:56:12,40,0,7,40
2022-12-16T10:05:36,40,0,7,40
2022-12-16T10:15:09,40,0,7,40
2022-12-16T10:24:34,40,0,7,40
2022-12-16T10:33:59,40,0,7,40
2022-12-16T10:43:23,40,0,7,40
2022-12-16T10:52:51,40,0,7,40
2022-12-16T11:02:16,40,0,7,40
2022-12-16T11:11:41,40,0,7,40
2022-12-16T11:21:05,40,0,7,40
2022-12-16T11:30:41,40,0,7,40
2022-12-16T11:40:05,40,0,7,40
2022-12-16T11:49:30,40,0,7,40
2022-12-16T11:58:54,40,0,7,40
2022-12-16T12:08:19,40,0,7,40
2022-12-16T12:17:43,40,0,7,40
2022-12-16T12:27:07,40,0,7,40
2022-12-16T12:36:41,40,0,7,40
2022-12-16T12:46:04,40,0,7,40
2022-12-16T12:55:27,40,0,7,40
2022-12-16T13:04:51,40,0,7,40
2022-12-16T13:14:15,40,0,7,40
2022-12-16T13:23:38,40,0,7,40
2022-12-16T13:33:03,40,0,7,40
2022-12-16T13:42:26,40,0,7,40
2022-12-16T13:51:50,40,0,7,40
2022-12-16T14:01:26,40,0,7,40
2022-12-16T14:10:50,40,0,7,40
2022-12-16T14:20:18,40,0,7,40
2022-12-16T14:29:43,40,0,7,40
2022-12-16T14:39:07,40,0,7,40
2022-12-16T14:48:31,40,0,7,40
2022-12-16T14:57:55,40,0,7,40
2022-12-16T15:07:20,40,0,7,40
2022-12-16T15:16:44,40,0,7,40
2022-12-16T15:26:08,40,0,7,40
2022-12-16T15:35:43,40,0,7,40
2022-12-16T15:45:07,40,0,7,40
2022-12-16T15:54:32,40,0,7,40
2022-12-16T16:03:55,40,0,7,40
2022-12-16T16:13:19,40,0,7,40
2022-12-16T16:22:43,40,0,7,40
2022-12-16T16:32:07,40,0,7,40
2022-12-16T16:41:30,40,0,7,40
2022-12-16T16:50:53,40,0,7,40
2022-12-16T17:00:16,40,0,7,40
2022-12-16T17:09:40,40,0,7,40
2022-12-16T17:19:15,40,0,7,40
2022-12-16T17:28:38,40,0,7,40
2022-12-16T17:38:00,40,0,7,40
2022-12-16T17:47:24,40,0,7,40
2022-12-16T17:56:47,40,0,7,40
2022-12-16T18:06:11,40,0,7,40
2022-12-16T18:15:33,40,0,7,40
2022-12-16T18:25:07,40,0,7,40
2022-12-16T18:34:31,40,0,7,40
2022-12-16T18:43:53,40,0,7,40
2022-12-16T18:53:15,40,0,7,40
2022-12-16T19:02:38,40,0,7,40
2022-12-16T19:12:01,40,0,7,40
2022-12-16T19:21:24,40,0,7,40
2022-12-16T19:30:47,40,0,7,40
2022-12-16T19:40:09,40,0,7,40
2022-12-16T19:49:33,40,0,7,40
2022-12-16T19:58:56,40,0,7,40
2022-12-16T20:08:29,40,0,7,40
2022-12-16T20:17:51,40,0,7,40
2022-12-16T20:27:15,40,0,7,40
2022-12-16T20:36:40,40,0,7,40
2022-12-16T20:46:03,40,0,7,40
2022-12-16T20:55:26,40,0,7,40
2022-12-16T21:04:49,40,0,7,40
2022-12-16T21:14:11,40,0,7,40
2022-12-16T21:23:34,40,0,7,40
2022-12-16T21:32:56,40,0,7,40
2022-12-16T21:42:19,40,0,7,40
2022-12-16T21:51:52,40,0,7,40
2022-12-16T22:01:14,40,0,7,40
2022-12-16T22:10:36,40,0,7,40
2022-12-16T22:19:59,40,0,7,40
2022-12-16T22:29:23,40,0,7,40
2022-12-16T22:38:46,40,0,7,40
2022-12-16T22:48:08,40,0,7,40
2022-12-16T22:57:30,40,0,7,40
2022-12-16T23:06:54,40,0,7,40
2022-12-16T23:16:17,40,0,7,40
2022-12-16T23:25:40,40,0,7,40
2022-12-16T23:35:14,40,0,7,40
2022-12-16T23:44:36,40,0,7,40
2022-12-16T23:53:57,40,0,7,40
2022-12-17T00:03:19,40,0,7,40
2022-12-17T00:12:48,40,0,7,40
2022-12-17T00:22:14,40,0,7,40
2022-12-17T00:31:36,40,0,7,40
2022-12-17T00:41:00,40,0,7,40
2022-12-17T00:50:24,40,0,7,40
2022-12-17T00:59:52,40,0,7,40
2022-12-17T01:09:16,40,0,7,40
2022-12-17T01:18:41,40,0,7,40
2022-12-17T01:28:05,40,0,7,40
2022-12-17T01:37:27,40,0,7,40
2022-12-17T01:47:00,40,0,7,40
2022-12-17T01:56:21,40,0,7,40
2022-12-17T02:05:43,40,0,7,40
2022-12-17T02:15:04,40,0,7,40
2022-12-17T02:24:25,40,0,7,40
2022-12-17T02:33:46,40,0,7,40
2022-12-17T02:43:08,40,0,7,40
2022-12-17T02:52:30,40,0,7,40
2022-12-17T03:01:51,40,0,7,40
2022-12-17T03:11:11,40,0,7,40
2022-12-17T03:20:31,40,0,7,40
2022-12-17T03:29:51,40,0,7,40
2022-12-17T03:39:13,40,0,7,40
2022-12-17T03:48:36,40,0,7,40
2022-12-17T03:57:59,40,0,7,40
2022-12-17T04:20:32,40,0,7,40
2022-12-17T04:31:35,40,0,7,40
2022-12-17T04:41:10,40,0,7,40
2022-12-17T04:50:33,40,0,7,40
2022-12-17T04:59:54,40,0,7,40
2022-12-17T05:09:15,40,0,7,40
2022-12-17T05:18:36,40,0,7,40
2022-12-17T05:27:56,40,0,7,40
2022-12-17T05:37:17,40,0,7,40
2022-12-17T05:46:38,40,0,7,40
2022-12-17T05:56:03,40,0,7,40
2022-12-17T06:05:27,40,0,7,40
2022-12-17T06:14:55,40,0,7,40
2022-12-17T06:24:19,40,0,7,40
2022-12-17T06:33:42,40,0,7,40
2022-12-17T06:43:05,40,0,7,40
2022-12-17T06:52:27,40,0,7,40
2022-12-17T07:01:49,40,0,7,40
2022-12-17T07:11:12,40,0,7,40
2022-12-17T07:20:35,40,0,7,40
2022-12-17T07:29:59,40,0,7,40
2022-12-17T07:39:26,40,0,7,40
2022-12-17T07:49:19,40,0,7,40
2022-12-17T07:58:44,40,0,7,40
2022-12-17T08:08:11,40,0,7,40
2022-12-17T08:17:37,40,0,7,40
2022-12-17T08:27:03,40,0,7,40
2022-12-17T08:36:28,40,0,7,40
2022-12-17T08:45:54,40,0,7,40
2022-12-17T08:55:18,40,0,7,40
2022-12-17T09:04:51,40,0,7,40
2022-12-17T09:14:17,40,0,7,40
2022-12-17T09:23:42,40,0,7,40
2022-12-17T09:33:06,40,0,7,40
2022-12-17T09:42:33,40,0,7,40
2022-12-17T09:52:00,40,0,7,40
2022-12-17T10:01:25,40,0,7,40
2022-12-17T10:10:50,40,0,7,40
2022-12-17T10:20:15,40,0,7,40
2022-12-17T10:29:39,40,0,7,40
2022-12-17T10:39:15,40,0,7,40
2022-12-17T10:48:41,40,0,7,40
2022-12-17T10:58:06,40,0,7,40
2022-12-17T11:07:31,40,0,7,40
2022-12-17T11:16:56,40,0,7,40
2022-12-17T11:26:21,40,0,7,40
2022-12-17T11:35:45,40,0,7,40
2022-12-17T11:45:11,40,0,7,40
2022-12-17T11:54:35,40,0,7,40
2022-12-17T12:04:00,40,0,7,40
2022-12-17T12:13:24,40,0,7,40
2022-12-17T12:22:47,40,0,7,40
2022-12-17T12:32:09,40,0,7,40
2022-12-17T12:41:40,40,0,7,40
2022-12-17T12:51:02,40,0,7,40
2022-12-17T13:00:24,40,0,7,40
2022-12-17T13:09:47,40,0,7,40
2022-12-17T13:19:09,40,0,7,40
2022-12-17T13:28:31,40,0,7,40
2022-12-17T13:37:53,40,0,7,40
2022-12-17T13:47:15,40,0,7,40
2022-12-17T13:56:38,40,0,7,40
2022-12-17T14:06:00,40,0,7,40
2022-12-17T14:15:22,40,0,7,40
2022-12-17T14:24:45,40,0,7,40
2022-12-17T14:34:17,40,0,7,40
2022-12-17T14:43:40,40,0,7,40
2022-12-17T14:53:02,40,0,7,40
2022-12-17T15:02:24,40,0,7,40
2022-12-17T15:11:47,40,0,7,40
2022-12-17T15:21:09,40,0,7,40
2022-12-17T15:30:31,40,0,7,40
2022-12-17T15:39:53,40,0,7,40
2022-12-17T15:49:16,40,0,7,40
2022-12-17T15:58:39,40,0,7,40
2022-12-17T16:08:02,40,0,7,40
2022-12-17T16:17:24,40,0,7,40
2022-12-17T16:26:46,40,0,7,40
2022-12-17T16:36:08,40,0,7,40
2022-12-17T16:45:40,40,0,7,40
2022-12-17T16:55:02,40,0,7,40
2022-12-17T17:04:25,40,0,7,40
2022-12-17T17:13:49,40,0,7,40
2022-12-17T17:23:12,40,0,7,40
2022-12-17T17:32:34,40,0,7,40
2022-12-17T17:41:58,40,0,7,40
2022-12-17T17:51:21,40,0,7,40
2022-12-17T18:00:43,40,0,7,40
2022-12-17T18:10:07,40,0,7,40
2022-12-17T18:19:29,40,0,7,40
2022-12-17T18:28:51,40,0,7,40
2022-12-17T18:38:12,40,0,7,40
2022-12-17T18:47:33,40,0,7,40
2022-12-17T18:56:53,40,0,7,40
2022-12-17T19:06:14,40,0,7,40
2022-12-17T19:15:36,40,0,7,40
2022-12-17T19:25:06,40,0,7,40
2022-12-17T19:34:27,40,0,7,40
2022-12-17T19:43:47,40,0,7,40
2022-12-17T19:53:08,40,0,7,40
2022-12-17T20:02:29,40,0,7,40
2022-12-17T20:11:49,40,0,7,40
2022-12-17T20:21:10,40,0,7,40
2022-12-17T20:30:30,40,0,7,40
2022-12-17T20:39:50,40,0,7,40
2022-12-17T20:49:10,40,0,7,40
2022-12-17T20:58:31,40,0,7,40
2022-12-17T21:07:53,40,0,7,40
2022-12-17T21:17:14,40,0,7,40
2022-12-17T21:26:38,40,0,7,40
2022-12-17T21:36:08,40,0,7,40
2022-12-17T21:45:29,40,0,7,40
2022-12-17T21:54:49,40,0,7,40
2022-12-17T22:04:09,40,0,7,40
2022-12-17T22:13:30,40,0,7,40
2022-12-17T22:22:51,40,0,7,40
2022-12-17T22:32:12,40,0,7,40
2022-12-17T22:41:35,40,0,7,40
2022-12-17T22:50:56,40,0,7,40
2022-12-17T23:00:16,40,0,7,40
2022-12-17T23:09:38,40,0,7,40
2022-12-17T23:18:59,40,0,7,40
2022-12-17T23:28:19,40,0,7,40
2022-12-17T23:37:40,40,0,7,40
2022-12-17T23:47:00,40,0,7,40
2022-12-17T23:56:20,40,0,7,40
2022-12-18T00:05:42,40,0,7,40
2022-12-18T00:15:13,40,0,7,40
2022-12-18T00:24:34,40,0,7,40
2022-12-18T00:33:54,40,0,7,40
2022-12-18T00:43:16,40,0,7,40
2022-12-18T01:13:08,40,0,7,40
2022-12-18T01:22:35,40,0,7,40
2022-12-18T01:32:01,40,0,7,40
2022-12-18T01:41:25,40,0,7,40
2022-12-18T01:50:52,40,0,7,40
2022-12-18T02:00:18,40,0,7,40
2022-12-18T02:09:45,40,0,7,40
2022-12-18T02:19:09,40,0,7,40
2022-12-18T02:28:43,40,0,7,40
2022-12-18T02:38:06,40,0,7,40
2022-12-18T02:47:29,40,0,7,40
2022-12-18T02:56:50,40,0,7,40
2022-12-18T03:06:12,40,0,7,40
2022-12-18T03:15:34,40,0,7,40
2022-12-18T03:24:56,40,0,7,40
2022-12-18T03:34:21,40,0,7,40
2022-12-18T03:43:45,40,0,7,40
2022-12-18T03:53:10,40,0,7,40
2022-12-18T04:02:32,40,0,7,40
2022-12-18T04:13:42,40,0,7,40
2022-12-18T04:28:38,40,0,7,40
2022-12-18T04:38:04,40,0,7,40
2022-12-18T04:47:28,40,0,7,40
2022-12-18T04:56:51,40,0,7,40
2022-12-18T05:06:12,40,0,7,40
2022-12-18T05:15:33,40,0,7,40
2022-12-18T05:24:54,40,0,7,40
2022-12-18T05:34:15,40,0,7,40
2022-12-18T05:43:37,40,0,7,40
2022-12-18T05:53:00,40,0,7,40
2022-12-18T06:02:24,40,0,7,40
2022-12-18T06:11:48,40,0,7,40
2022-12-18T06:21:13,40,0,7,40
2022-12-18T06:30:36,40,0,7,40
2022-12-18T06:39:57,40,0,7,40
2022-12-18T06:49:19,40,0,7,40
2022-12-18T06:58:40,40,0,7,40
2022-12-18T07:08:02,40,0,7,40
2022-12-18T07:17:25,40,0,7,40
2022-12-18T07:26:48,40,0,7,40
2022-12-18T07:36:11,40,0,7,40
2022-12-18T07:45:35,40,0,7,40
2022-12-18T07:54:59,40,0,7,40
2022-12-18T08:04:23,40,0,7,40
2022-12-18T08:13:46,40,0,7,40
2022-12-18T08:23:09,40,0,7,40
2022-12-18T08:32:35,40,0,7,40
2022-12-18T08:41:56,40,0,7,40
2022-12-18T08:51:18,40,0,7,40
2022-12-18T09:00:40,40,0,7,40
2022-12-18T09:10:02,40,0,7,40
2022-12-18T09:19:24,40,0,7,40
2022-12-18T09:28:46,40,0,7,40
2022-12-18T09:38:08,40,0,7,40
2022-12-18T09:47:30,40,0,7,40
2022-12-18T09:56:53,40,0,7,40
2022-12-18T10:06:15,40,0,7,40
2022-12-18T10:15:40,40,0,7,40
2022-12-18T10:25:12,40,0,7,40
2022-12-18T10:34:35,40,0,7,40
2022-12-18T10:43:57,40,0,7,40
2022-12-18T10:53:19,40,0,7,40
2022-12-18T11:02:43,40,0,7,40
2022-12-18T11:12:08,40,0,7,40
2022-12-18T11:21:33,40,0,7,40
2022-12-18T11:30:59,40,0,7,40
2022-12-18T11:40:26,40,0,7,40
2022-12-18T11:49:52,40,0,7,40
2022-12-18T11:59:16,40,0,7,40
2022-12-18T12:08:40,40,0,7,40
2022-12-18T12:18:03,40,0,7,40
2022-12-18T12:27:25,40,0,7,40
2022-12-18T12:36:47,40,0,7,40
2022-12-18T12:46:09,40,0,7,40
2022-12-18T12:55:32,40,0,7,40
2022-12-18T13:05:07,40,0,7,40
2022-12-18T13:14:28,40,0,7,40
2022-12-18T13:23:50,40,0,7,40
2022-12-18T13:33:13,40,0,7,40
2022-12-18T13:42:34,40,0,7,40
2022-12-18T13:51:56,40,0,7,40
2022-12-18T14:01:18,40,0,7,40
2022-12-18T14:10:41,40,0,7,40
2022-12-18T14:20:05,40,0,7,40
2022-12-18T14:29:28,40,0,7,40
2022-12-18T14:38:50,40,0,7,40
2022-12-18T14:48:13,40,0,7,40
2022-12-18T14:57:35,40,0,7,40
2022-12-18T15:07:07,40,0,7,40
2022-12-18T15:16:29,40,0,7,40
2022-12-18T15:25:52,40,0,7,40
2022-12-18T15:35:15,40,0,7,40
2022-12-18T15:44:39,40,0,7,40
2022-12-18T15:54:01,40,0,7,40
2022-12-18T16:03:24,40,0,7,40
2022-12-18T16:12:48,40,0,7,40
2022-12-18T16:22:11,40,0,7,40
2022-12-18T16:31:34,40,0,7,40
2022-12-18T16:40:58,40,0,7,40
2022-12-18T16:50:21,40,0,7,40
2022-12-18T16:59:43,40,0,7,40
2022-12-18T17:09:06,40,0,7,40
2022-12-18T17:18:32,40,0,7,40
2022-12-18T17:28:04,40,0,7,40
2022-12-18T17:37:26,40,0,7,40
2022-12-18T17:46:47,40,0,7,40
2022-12-18T17:56:11,40,0,7,40
2022-12-18T18:05:35,40,0,7,40
2022-12-18T18:14:58,40,0,7,40
2022-12-18T18:24:20,40,0,7,40
2022-12-18T18:33:42,40,0,7,40
2022-12-18T18:43:05,40,0,7,40
2022-12-18T18:52:27,40,0,7,40
2022-12-18T19:01:50,40,0,7,40
2022-12-18T19:11:24,40,0,7,40
2022-12-18T19:20:47,40,0,7,40
2022-12-18T19:30:10,40,0,7,40
2022-12-18T19:39:32,40,0,7,40
2022-12-18T19:48:55,40,0,7,40
2022-12-18T19:58:17,40,0,7,40
2022-12-18T20:07:40,40,0,7,40
2022-12-18T20:17:03,40,0,7,40
2022-12-18T20:26:25,40,0,7,40
2022-12-18T20:35:48,40,0,7,40
2022-12-18T20:45:20,40,0,7,40
2022-12-18T20:54:42,40,0,7,40
2022-12-18T21:04:05,40,0,7,40
2022-12-18T21:13:27,40,0,7,40
2022-12-18T21:22:50,40,0,7,40
2022-12-18T21:32:12,40,0,7,40
2022-12-18T21:41:34,40,0,7,40
2022-12-18T21:50:56,40,0,7,40
2022-12-18T22:00:20,40,0,7,40
2022-12-18T22:09:42,40,0,7,40
2022-12-18T22:19:16,40,0,7,40
2022-12-18T22:28:38,40,0,7,40
2022-12-18T22:38:01,40,0,7,40
2022-12-18T22:47:23,40,0,7,40
2022-12-18T22:56:46,40,0,7,40
2022-12-18T23:06:09,40,0,7,40
2022-12-18T23:15:33,40,0,7,40
2022-12-18T23:24:54,40,0,7,40
2022-12-18T23:34:15,40,0,7,40
2022-12-18T23:43:38,40,0,7,40
2022-12-18T23:52:59,40,0,7,40
2022-12-19T00:02:22,40,0,7,40
2022-12-19T00:11:56,40,0,7,40
2022-12-19T00:21:18,40,0,7,40
2022-12-19T00:30:39,40,0,7,40
2022-12-19T00:40:03,40,0,7,40
2022-12-19T00:49:25,40,0,7,40
2022-12-19T00:58:47,40,0,7,40
2022-12-19T01:08:12,40,0,7,40
2022-12-19T01:17:34,40,0,7,40
2022-12-19T01:26:57,40,0,7,40
2022-12-19T01:36:19,40,0,7,40
2022-12-19T01:45:41,40,0,7,40
2022-12-19T01:55:07,40,0,7,40
2022-12-19T02:04:35,40,0,7,40
2022-12-19T02:14:00,40,0,7,40
2022-12-19T02:23:25,40,0,7,40
2022-12-19T02:32:50,40,0,7,40
2022-12-19T02:42:14,40,0,7,40
2022-12-19T02:51:37,40,0,7,40
2022-12-19T03:01:00,40,0,7,40
2022-12-19T03:10:21,40,0,7,40
2022-12-19T03:19:41,40,0,7,40
2022-12-19T03:29:03,40,0,7,40
2022-12-19T03:38:26,40,0,7,40
2022-12-19T03:47:49,40,0,7,40
2022-12-19T03:57:13,40,0,7,40
2022-12-19T04:20:55,40,0,7,40
2022-12-19T04:30:19,40,0,7,40
2022-12-19T04:40:53,40,0,7,40
2022-12-19T04:50:36,40,0,7,40
2022-12-19T05:00:00,40,0,7,40
2022-12-19T05:09:23,40,0,7,40
2022-12-19T05:18:44,40,0,7,40
2022-12-19T05:28:07,40,0,7,40
2022-12-19T05:37:28,40,0,7,40
2022-12-19T05:46:49,40,0,7,40
2022-12-19T05:56:12,40,0,7,40
2022-12-19T06:05:37,40,0,7,40
2022-12-19T06:15:01,40,0,7,40
2022-12-19T06:24:26,40,0,7,40
2022-12-19T06:33:49,40,0,7,40
2022-12-19T06:43:12,40,0,7,40
2022-12-19T06:52:34,40,0,7,40
2022-12-19T07:01:57,40,0,7,40
2022-12-19T07:11:20,40,0,7,40
2022-12-19T07:20:44,40,0,7,40
2022-12-19T07:30:08,40,0,7,40
2022-12-19T07:39:32,40,0,7,40
2022-12-19T07:48:56,40,0,7,40
2022-12-19T07:58:20,40,0,7,40
2022-12-19T08:07:44,40,0,7,40
2022-12-19T08:17:14,40,0,7,40
2022-12-19T08:26:39,40,0,7,40
2022-12-19T08:36:04,40,0,7,40
2022-12-19T08:45:27,40,0,7,40
2022-12-19T08:55:03,40,0,7,40
2022-12-19T09:04:26,40,0,7,40
2022-12-19T09:13:53,40,0,7,40
2022-12-19T09:23:19,40,0,7,40
2022-12-19T09:32:46,40,0,7,40
2022-12-19T09:42:15,40,0,7,40
2022-12-19T09:51:42,40,0,7,40
2022-12-19T10:01:06,40,0,7,40
2022-12-19T10:10:30,40,0,7,40
2022-12-19T10:19:54,40,0,7,40
2022-12-19T10:29:18,40,0,7,40
2022-12-19T10:38:53,40,0,7,40
2022-12-19T10:48:17,40,0,7,40
2022-12-19T10:57:42,40,0,7,40
2022-12-19T11:07:07,40,0,7,40
2022-12-19T11:16:32,40,0,7,40
2022-12-19T11:25:56,40,0,7,40
2022-12-19T11:35:31,40,0,7,40
2022-12-19T11:44:56,40,0,7,40
2022-12-19T11:54:21,40,0,7,40
2022-12-19T12:03:46,40,0,7,40
2022-12-19T12:13:10,40,0,7,40
2022-12-19T12:22:35,40,0,7,40
2022-12-19T12:32:09,40,0,7,40
2022-12-19T12:41:35,40,0,7,40
2022-12-19T12:51:01,40,0,7,40
2022-12-19T13:00:25,40,0,7,40
2022-12-19T13:09:50,40,0,7,40
2022-12-19T13:19:24,40,0,7,40
2022-12-19T13:28:51,40,0,7,40
2022-12-19T13:38:17,40,0,7,40
2022-12-19T13:47:43,40,0,7,40
2022-12-19T13:57:08,40,0,7,40
2022-12-19T14:06:31,40,0,7,40
2022-12-19T14:15:57,40,0,7,40
2022-12-19T14:25:23,40,0,7,40
2022-12-19T14:34:58,40,0,7,40
2022-12-19T14:44:24,40,0,7,40
2022-12-19T14:53:50,40,0,7,40
2022-12-19T15:03:16,40,0,7,40
2022-12-19T15:12:41,40,0,7,40
2022-12-19T15:22:06,40,0,7,40
2022-12-19T15:31:30,40,0,7,40
2022-12-19T15:40:55,40,0,7,40
2022-12-19T15:50:30,40,0,7,40
2022-12-19T15:59:55,40,0,7,40
2022-12-19T16:09:22,40,0,7,40
2022-12-19T16:18:47,40,0,7,40
2022-12-19T16:28:10,40,0,7,40
2022-12-19T16:37:33,40,0,7,40
2022-12-19T16:46:56,40,0,7,40
2022-12-19T16:56:30,40,0,7,40
2022-12-19T17:05:53,40,0,7,40
2022-12-19T17:15:18,40,0,7,40
2022-12-19T17:24:41,40,0,7,40
2022-12-19T17:34:03,40,0,7,40
2022-12-19T17:43:26,40,0,7,40
2022-12-19T17:52:50,40,0,7,40
2022-12-19T18:02:25,40,0,7,40
2022-12-19T18:11:48,40,0,7,40
2022-12-19T18:21:11,40,0,7,40
2022-12-19T18:30:34,40,0,7,40
2022-12-19T18:39:58,40,0,7,40
2022-12-19T18:49:20,40,0,7,40
2022-12-19T18:58:44,40,0,7,40
2022-12-19T19:08:07,40,0,7,40
2022-12-19T19:17:41,40,0,7,40
2022-12-19T19:27:03,40,0,7,40
2022-12-19T19:36:27,40,0,7,40
2022-12-19T19:45:49,40,0,7,40
2022-12-19T19:55:12,40,0,7,40
2022-12-19T20:04:36,40,0,7,40
2022-12-19T20:13:59,40,0,7,40
2022-12-19T20:23:22,40,0,7,40
2022-12-19T20:32:46,40,0,7,40
2022-12-19T20:42:10,40,0,7,40
2022-12-19T20:51:33,40,0,7,40
2022-12-19T21:01:10,40,0,7,40
2022-12-19T21:10:33,40,0,7,40
2022-12-19T21:19:55,40,0,7,40
2022-12-19T21:29:17,40,0,7,40
2022-12-19T21:38:41,40,0,7,40
2022-12-19T21:48:04,40,0,7,40
2022-12-19T21:57:26,40,0,7,40
2022-12-19T22:06:48,40,0,7,40
2022-12-19T22:16:11,40,0,7,40
2022-12-19T22:25:34,40,0,7,40
2022-12-19T22:34:56,40,0,7,40
2022-12-19T22:44:31,40,0,7,40
2022-12-19T22:53:52,40,0,7,40
2022-12-19T23:03:13,40,0,7,40
2022-12-19T23:12:36,40,0,7,40
2022-12-19T23:21:57,40,0,7,40
2022-12-19T23:31:19,40,0,7,40
2022-12-19T23:40:41,40,0,7,40
2022-12-19T23:50:02,40,0,7,40
2022-12-19T23:59:23,40,0,7,40
2022-12-20T00:08:59,40,0,7,40
2022-12-20T00:18:24,40,0,7,40
2022-12-20T00:27:48,40,0,7,40
2022-12-20T00:37:11,40,0,7,40
2022-12-20T00:46:35,40,0,7,40
2022-12-20T00:56:00,40,0,7,40
2022-12-20T01:05:25,40,0,7,40
2022-12-20T01:14:50,40,0,7,40
2022-12-20T01:24:14,40,0,7,40
2022-12-20T01:33:37,40,0,7,40
2022-12-20T01:43:04,40,0,7,40
2022-12-20T01:52:27,40,0,7,40
2022-12-20T02:02:06,40,0,7,40
2022-12-20T02:11:27,40,0,7,40
2022-12-20T02:20:48,40,0,7,40
2022-12-20T02:30:11,40,0,7,40
2022-12-20T02:39:33,40,0,7,40
2022-12-20T02:48:55,40,0,7,40
2022-12-20T02:58:15,40,0,7,40
2022-12-20T03:07:37,40,0,7,40
2022-12-20T03:16:58,40,0,7,40
2022-12-20T03:26:18,40,0,7,40
2022-12-20T03:35:38,40,0,7,40
2022-12-20T03:45:00,40,0,7,40
2022-12-20T03:54:24,40,0,7,40
2022-12-20T04:03:47,40,0,7,40
2022-12-20T04:22:19,40,0,7,40
2022-12-20T04:31:45,40,0,7,40
2022-12-20T04:41:10,40,0,7,40
2022-12-20T04:50:35,40,0,7,40
2022-12-20T04:59:58,40,0,7,40
2022-12-20T05:09:23,40,0,7,40
2022-12-20T05:18:48,40,0,7,40
2022-12-20T05:28:12,40,0,7,40
2022-12-20T05:37:36,40,0,7,40
2022-12-20T05:47:00,40,0,7,40
2022-12-20T05:56:28,40,0,7,40
2022-12-20T06:05:54,40,0,7,40
2022-12-20T06:15:20,40,0,7,40
2022-12-20T06:24:46,40,0,7,40
2022-12-20T06:34:11,40,0,7,40
2022-12-20T06:43:38,40,0,7,40
2022-12-20T06:53:04,40,0,7,40
2022-12-20T07:02:31,40,0,7,40
2022-12-20T07:11:58,40,0,7,40
2022-12-20T07:21:25,40,0,7,40
2022-12-20T07:30:51,40,0,7,40
2022-12-20T07:40:16,40,0,7,40
2022-12-20T07:49:41,40,0,7,40
2022-12-20T07:59:05,40,0,7,40
2022-12-20T08:08:30,40,0,7,40
2022-12-20T08:17:54,40,0,7,40
2022-12-20T08:27:19,40,0,7,40
2022-12-20T08:36:43,40,0,7,40
2022-12-20T08:46:07,40,0,7,40
2022-12-20T08:55:31,40,0,7,40
2022-12-20T09:05:04,40,0,7,40
2022-12-20T09:14:29,40,0,7,40
2022-12-20T09:23:52,40,0,7,40
2022-12-20T09:33:17,40,0,7,40
2022-12-20T09:42:43,40,0,7,40
2022-12-20T09:52:07,40,0,7,40
2022-12-20T10:01:32,40,0,7,40
2022-12-20T10:10:59,40,0,7,40
2022-12-20T10:20:24,40,0,7,40
2022-12-20T10:30:00,40,0,7,40
2022-12-20T10:39:25,40,0,7,40
2022-12-20T10:48:49,40,0,7,40
2022-12-20T10:58:13,40,0,7,40
2022-12-20T11:07:38,40,0,7,40
2022-12-20T11:17:03,40,0,7,40
2022-12-20T11:26:28,40,0,7,40
2022-12-20T11:36:03,40,0,7,40
2022-12-20T11:45:28,40,0,7,40
2022-12-20T11:54:52,40,0,7,40
2022-12-20T12:04:17,40,0,7,40
2022-12-20T12:13:42,40,0,7,40
2022-12-20T12:23:09,40,0,7,40
2022-12-20T12:32:46,40,0,7,40
2022-12-20T12:42:12,40,0,7,40
2022-12-20T12:51:41,40,0,7,40
2022-12-20T13:01:08,40,0,7,40
2022-12-20T13:10:37,40,0,7,40
2022-12-20T13:20:04,40,0,7,40
2022-12-20T13:29:32,40,0,7,40
2022-12-20T13:39:10,40,0,7,40
2022-12-20T13:48:37,40,0,7,40
2022-12-20T13:58:04,40,0,7,40
2022-12-20T14:07:31,40,0,7,40
2022-12-20T14:16:57,40,0,7,40
2022-12-20T14:26:23,40,0,7,40
2022-12-20T14:35:50,40,0,7,40
2022-12-20T14:45:16,40,0,7,40
2022-12-20T14:54:42,40,0,7,40
2022-12-20T15:04:22,40,0,7,40
2022-12-20T15:13:49,40,0,7,40
2022-12-20T15:23:16,40,0,7,40
2022-12-20T15:32:43,40,0,7,40
2022-12-20T15:42:10,40,0,7,40
2022-12-20T15:51:50,40,0,7,40
2022-12-20T16:01:16,40,0,7,40
2022-12-20T16:10:42,40,0,7,40
2022-12-20T16:20:09,40,0,7,40
2022-12-20T16:29:37,40,0,7,40
2022-12-20T16:39:03,40,0,7,40
2022-12-20T16:48:29,40,0,7,40
2022-12-20T16:58:05,40,0,7,40
2022-12-20T17:07:31,40,0,7,40
2022-12-20T17:16:57,40,0,7,40
2022-12-20T17:26:22,40,0,7,40
2022-12-20T17:35:47,40,0,7,40
2022-12-20T17:45:12,40,0,7,40
2022-12-20T17:54:35,40,0,7,40
2022-12-20T18:04:10,40,0,7,40
2022-12-20T18:13:35,40,0,7,40
2022-12-20T18:23:00,40,0,7,40
2022-12-20T18:32:24,40,0,7,40
2022-12-20T18:41:48,40,0,7,40
2022-12-20T18:51:13,40,0,7,40
2022-12-20T19:00:37,40,0,7,40
2022-12-20T19:10:03,40,0,7,40
2022-12-20T19:19:27,40,0,7,40
2022-12-20T19:28:51,40,0,7,40
2022-12-20T19:38:15,40,0,7,40
2022-12-20T19:47:50,40,0,7,40
2022-12-20T19:57:13,40,0,7,40
2022-12-20T20:06:40,40,0,7,40
2022-12-20T20:16:05,40,0,7,40
2022-12-20T20:25:31,40,0,7,40
2022-12-20T20:34:55,40,0,7,40
2022-12-20T20:44:20,40,0,7,40
2022-12-20T20:53:56,40,0,7,40
2022-12-20T21:03:21,40,0,7,40
2022-12-20T21:12:46,40,0,7,40
2022-12-20T21:22:11,40,0,7,40
2022-12-20T21:31:37,40,0,7,40
2022-12-20T21:41:00,40,0,7,40
2022-12-20T21:50:24,40,0,7,40
2022-12-20T21:59:50,40,0,7,40
2022-12-20T22:09:15,40,0,7,40
2022-12-20T22:18:40,40,0,7,40
2022-12-20T22:28:16,40,0,7,40
2022-12-20T22:37:41,40,0,7,40
2022-12-20T22:47:05,40,0,7,40
2022-12-20T22:56:30,40,0,7,40
2022-12-20T23:05:55,40,0,7,40
2022-12-20T23:15:20,40,0,7,40
2022-12-20T23:24:46,40,0,7,40
2022-12-20T23:34:12,40,0,7,40
2022-12-20T23:43:37,40,0,7,40
2022-12-20T23:53:01,40,0,7,40
2022-12-21T00:02:39,40,0,7,40
2022-12-21T00:12:13,40,0,7,40
2022-12-21T00:21:40,40,0,7,40
2022-12-21T00:31:05,40,0,7,40
2022-12-21T00:40:32,40,0,7,40
2022-12-21T00:49:59,40,0,7,40
2022-12-21T00:59:23,40,0,7,40
2022-12-21T01:08:50,40,0,7,40
2022-12-21T01:18:15,40,0,7,40
2022-12-21T01:27:42,40,0,7,40
2022-12-21T01:37:18,40,0,7,40
2022-12-21T01:46:42,40,0,7,40
2022-12-21T01:56:08,40,0,7,40
2022-12-21T02:05:34,40,0,7,40
2022-12-21T02:21:18,40,0,7,40
2022-12-21T03:02:42,40,0,7,40
2022-12-21T03:12:06,40,0,7,40
2022-12-21T03:21:30,40,0,7,40
2022-12-21T03:30:53,40,0,7,40
2022-12-21T03:40:17,40,0,7,40
2022-12-21T03:49:41,40,0,7,40
2022-12-21T03:59:05,40,0,7,40
2022-12-21T04:08:29,40,0,7,40
2022-12-21T04:30:52,40,0,7,40
2022-12-21T04:40:42,40,0,7,40
2022-12-21T04:50:08,40,0,7,40
2022-12-21T04:59:32,40,0,7,40
2022-12-21T05:08:56,40,0,7,40
2022-12-21T05:18:19,40,0,7,40
2022-12-21T05:27:42,40,0,7,40
2022-12-21T05:37:07,40,0,7,40
2022-12-21T05:46:30,40,0,7,40
2022-12-21T05:55:56,40,0,7,40
2022-12-21T06:05:21,40,0,7,40
2022-12-21T06:14:46,40,0,7,40
2022-12-21T06:24:11,40,0,7,40
2022-12-21T06:33:35,40,0,7,40
2022-12-21T06:42:58,40,0,7,40
2022-12-21T06:52:23,40,0,7,40
2022-12-21T07:01:47,40,0,7,40
2022-12-21T07:11:12,40,0,7,40
2022-12-21T07:20:37,40,0,7,40
2022-12-21T07:30:02,40,0,7,40
2022-12-21T07:39:27,40,0,7,40
2022-12-21T07:49:04,40,0,7,40
2022-12-21T07:58:28,40,0,7,40
2022-12-21T08:07:54,40,0,7,40
2022-12-21T08:17:19,40,0,7,40
2022-12-21T08:26:44,40,0,7,40
2022-12-21T08:36:11,40,0,7,40
2022-12-21T08:45:37,40,0,7,40
2022-12-21T08:55:06,40,0,7,40
2022-12-21T09:04:33,40,0,7,40
2022-12-21T09:14:09,40,0,7,40
2022-12-21T09:23:36,40,0,7,40
2022-12-21T09:33:00,40,0,7,40
2022-12-21T09:42:25,40,0,7,40
2022-12-21T09:51:49,40,0,7,40
2022-12-21T10:01:14,40,0,7,40
2022-12-21T10:10:39,40,0,7,40
2022-12-21T10:20:04,40,0,7,40
2022-12-21T10:29:42,40,0,7,40
2022-12-21T10:39:06,40,0,7,40
2022-12-21T10:48:32,40,0,7,40
2022-12-21T10:57:57,40,0,7,40
2022-12-21T11:07:23,40,0,7,40
2022-12-21T11:16:49,40,0,7,40
2022-12-21T11:26:25,40,0,7,40
2022-12-21T11:35:50,40,0,7,40
2022-12-21T11:45:15,40,0,7,40
2022-12-21T11:54:39,40,0,7,40
2022-12-21T12:04:04,40,0,7,40
2022-12-21T12:13:29,40,0,7,40
2022-12-21T12:22:53,40,0,7,40
2022-12-21T12:32:18,40,0,7,40
2022-12-21T12:41:55,40,0,7,40
2022-12-21T12:51:21,40,0,7,40
2022-12-21T13:00:45,40,0,7,40
2022-12-21T13:10:09,40,0,7,40
2022-12-21T13:19:34,40,0,7,40
2022-12-21T13:28:59,40,0,7,40
2022-12-21T13:38:25,40,0,7,40
2022-12-21T13:47:50,40,0,7,40
2022-12-21T13:57:15,40,0,7,40
2022-12-21T14:06:50,40,0,7,40
2022-12-21T14:16:16,40,0,7,40
2022-12-21T14:25:41,40,0,7,40
2022-12-21T14:35:06,40,0,7,40
2022-12-21T14:44:32,40,0,7,40
2022-12-21T14:53:56,40,0,7,40
2022-12-21T15:03:21,40,0,7,40
2022-12-21T15:12:46,40,0,7,40
2022-12-21T15:22:23,40,0,7,40
2022-12-21T15:31:48,40,0,7,40
2022-12-21T15:41:13,40,0,7,40
2022-12-21T15:50:38,40,0,7,40
2022-12-21T16:00:03,40,0,7,40
2022-12-21T16:09:28,40,0,7,40
2022-12-21T16:18:53,40,0,7,40
2022-12-21T16:28:29,40,0,7,40
2022-12-21T16:37:57,40,0,7,40
2022-12-21T16:47:22,40,0,7,40
2022-12-21T16:56:47,40,0,7,40
2022-12-21T17:06:11,40,0,7,40
2022-12-21T17:15:35,40,0,7,40
2022-12-21T17:24:59,40,0,7,40
2022-12-21T17:34:23,40,0,7,40
2022-12-21T17:43:57,40,0,7,40
2022-12-21T17:53:21,40,0,7,40
2022-12-21T18:02:45,40,0,7,40
2022-12-21T18:12:10,40,0,7,40
2022-12-21T18:21:33,40,0,7,40
2022-12-21T18:30:58,40,0,7,40
2022-12-21T18:40:23,40,0,7,40
2022-12-21T18:49:46,40,0,7,40
2022-12-21T18:59:08,40,0,7,40
2022-12-21T19:08:32,40,0,7,40
2022-12-21T19:18:06,40,0,7,40
2022-12-21T19:27:28,40,0,7,40
2022-12-21T19:36:50,40,0,7,40
2022-12-21T19:46:11,40,0,7,40
2022-12-21T19:55:33,40,0,7,40
2022-12-21T20:04:56,40,0,7,40
2022-12-21T20:14:19,40,0,7,40
2022-12-21T20:23:41,40,0,7,40
2022-12-21T20:33:04,40,0,7,40
2022-12-21T20:42:26,40,0,7,40
2022-12-21T20:51:47,40,0,7,40
2022-12-21T21:01:20,40,0,7,40
2022-12-21T21:10:42,40,0,7,40
2022-12-21T21:20:04,40,0,7,40
2022-12-21T21:29:26,40,0,7,40
2022-12-21T21:38:49,40,0,7,40
2022-12-21T21:48:11,40,0,7,40
2022-12-21T21:57:33,40,0,7,40
2022-12-21T22:06:56,40,0,7,40
2022-12-21T22:16:18,40,0,7,40
2022-12-21T22:25:40,40,0,7,40
2022-12-21T22:35:03,40,0,7,40
2022-12-21T22:44:26,40,0,7,40
2022-12-21T22:53:59,40,0,7,40
2022-12-21T23:03:21,40,0,7,40
2022-12-21T23:12:45,40,0,7,40
2022-12-21T23:22:07,40,0,7,40
2022-12-21T23:31:29,40,0,7,40
2022-12-21T23:40:52,40,0,7,40
2022-12-21T23:50:14,40,0,7,40
2022-12-21T23:59:36,40,0,7,40
2022-12-22T00:09:00,40,0,7,40
2022-12-22T00:18:28,40,0,7,40
2022-12-22T00:27:52,40,0,7,40
2022-12-22T00:37:17,40,0,7,40
2022-12-22T00:46:44,40,0,7,40
2022-12-22T00:56:10,40,0,7,40
2022-12-22T01:05:35,40,0,7,40
2022-12-22T01:15:00,40,0,7,40
2022-12-22T01:24:35,40,0,7,40
2022-12-22T01:33:59,40,0,7,40
2022-12-22T01:43:24,40,0,7,40
2022-12-22T01:52:47,40,0,7,40
2022-12-22T02:02:11,40,0,7,40
2022-12-22T02:11:32,40,0,7,40
2022-12-22T02:20:54,40,0,7,40
2022-12-22T02:30:18,40,0,7,40
2022-12-22T02:39:41,40,0,7,40
2022-12-22T02:49:06,40,0,7,40
2022-12-22T02:58:31,40,0,7,40
2022-12-22T03:07:55,40,0,7,40
2022-12-22T03:17:21,40,0,7,40
2022-12-22T03:26:45,40,0,7,40
2022-12-22T03:36:09,40,0,7,40
2022-12-22T03:45:35,40,0,7,40
2022-12-22T03:55:00,40,0,7,40
2022-12-22T04:04:25,40,0,7,40
2022-12-22T04:22:27,40,0,7,40
2022-12-22T04:31:54,40,0,7,40
2022-12-22T04:42:57,40,0,7,40
2022-12-22T04:52:23,40,0,7,40
2022-12-22T05:01:48,40,0,7,40
2022-12-22T05:11:12,40,0,7,40
2022-12-22T05:20:35,40,0,7,40
2022-12-22T05:29:57,40,0,7,40
2022-12-22T05:39:19,40,0,7,40
2022-12-22T05:48:41,40,0,7,40
2022-12-22T05:58:06,40,0,7,40
2022-12-22T06:07:32,40,0,7,40
2022-12-22T06:16:57,40,0,7,40
2022-12-22T06:26:22,40,0,7,40
2022-12-22T06:35:46,40,0,7,40
2022-12-22T06:45:11,40,0,7,40
2022-12-22T06:54:34,40,0,7,40
2022-12-22T07:03:59,40,0,7,40
2022-12-22T07:13:24,40,0,7,40
2022-12-22T07:22:49,40,0,7,40
2022-12-22T07:32:15,40,0,7,40
2022-12-22T07:41:40,40,0,7,40
2022-12-22T07:51:06,40,0,7,40
2022-12-22T08:00:30,40,0,7,40
2022-12-22T08:09:55,40,0,7,40
2022-12-22T08:19:20,40,0,7,40
2022-12-22T08:28:46,40,0,7,40
2022-12-22T08:38:12,40,0,7,40
2022-12-22T08:47:38,40,0,7,40
2022-12-22T08:57:04,40,0,7,40
2022-12-22T09:06:29,40,0,7,40
2022-12-22T09:15:57,40,0,7,40
2022-12-22T09:25:22,40,0,7,40
2022-12-22T09:34:47,40,0,7,40
2022-12-22T09:44:12,40,0,7,40
2022-12-22T09:53:38,40,0,7,40
2022-12-22T10:03:15,40,0,7,40
2022-12-22T10:12:41,40,0,7,40
2022-12-22T10:22:06,40,0,7,40
2022-12-22T10:31:33,40,0,7,40
2022-12-22T10:40:59,40,0,7,40
2022-12-22T10:50:25,40,0,7,40
2022-12-22T10:59:50,40,0,7,40
2022-12-22T11:09:15,40,0,7,40
2022-12-22T11:18:40,40,0,7,40
2022-12-22T11:28:06,40,0,7,40
2022-12-22T11:37:30,40,0,7,40
2022-12-22T11:47:10,40,0,7,40
2022-12-22T11:56:35,40,0,7,40
2022-12-22T12:05:59,40,0,7,40
2022-12-22T12:15:24,40,0,7,40
2022-12-22T12:24:49,40,0,7,40
2022-12-22T12:34:14,40,0,7,40
2022-12-22T12:43:40,40,0,7,40
2022-12-22T12:53:05,40,0,7,40
2022-12-22T13:02:29,40,0,7,40
2022-12-22T13:11:55,40,0,7,40
2022-12-22T13:21:21,40,0,7,40
2022-12-22T13:30:47,40,0,7,40
2022-12-22T13:40:13,40,0,7,40
2022-12-22T13:49:38,40,0,7,40
2022-12-22T13:59:05,40,0,7,40
2022-12-22T14:08:44,40,0,7,40
2022-12-22T14:18:10,40,0,7,40
2022-12-22T14:27:39,40,0,7,40
2022-12-22T14:37:11,40,0,7,40
2022-12-22T14:46:43,40,0,7,40
2022-12-22T14:56:17,40,0,7,40
2022-12-22T15:05:50,40,0,7,40
2022-12-22T15:15:23,40,0,7,40
2022-12-22T15:24:56,40,0,7,40
2022-12-22T15:34:29,40,0,7,40
2022-12-22T15:44:03,40,0,7,40
2022-12-22T15:53:36,40,0,7,40
2022-12-22T16:03:19,40,0,7,40
2022-12-22T16:12:47,40,0,7,40
2022-12-22T16:22:17,40,0,7,40
2022-12-22T16:31:43,40,0,7,40
2022-12-22T16:41:10,40,0,7,40
2022-12-22T16:50:36,40,0,7,40
2022-12-22T17:00:01,40,0,7,40
2022-12-22T17:09:28,40,0,7,40
2022-12-22T17:18:54,40,0,7,40
2022-12-22T17:28:21,40,0,7,40
2022-12-22T17:37:46,40,0,7,40
2022-12-22T17:47:12,40,0,7,40
2022-12-22T17:56:38,40,0,7,40
2022-12-22T18:06:04,40,0,7,40
2022-12-22T18:15:30,40,0,7,40
2022-12-22T18:24:55,40,0,7,40
2022-12-22T18:34:21,40,0,7,40
2022-12-22T18:43:48,40,0,7,40
2022-12-22T18:53:14,40,0,7,40
2022-12-22T19:02:42,40,0,7,40
2022-12-22T19:12:09,40,0,7,40
2022-12-22T19:21:36,40,0,7,40
2022-12-22T19:31:13,40,0,7,40
2022-12-22T19:40:38,40,0,7,40
2022-12-22T19:50:04,40,0,7,40
2022-12-22T19:59:29,40,0,7,40
2022-12-22T20:08:56,40,0,7,40
2022-12-22T20:18:22,40,0,7,40
2022-12-22T20:27:48,40,0,7,40
2022-12-22T20:37:13,40,0,7,40
2022-12-22T20:46:39,40,0,7,40
2022-12-22T20:56:04,40,0,7,40
2022-12-22T21:05:30,40,0,7,40
2022-12-22T21:14:55,40,0,7,40
2022-12-22T21:24:21,40,0,7,40
2022-12-22T21:33:47,40,0,7,40
2022-12-22T21:43:13,40,0,7,40
2022-12-22T21:52:39,40,0,7,40
2022-12-22T22:02:05,40,0,7,40
2022-12-22T22:11:31,40,0,7,40
2022-12-22T22:20:58,40,0,7,40
2022-12-22T22:30:24,40,0,7,40
2022-12-22T22:39:49,40,0,7,40
2022-12-22T22:49:15,40,0,7,40
2022-12-22T22:58:40,40,0,7,40
2022-12-22T23:08:07,40,0,7,40
2022-12-22T23:17:34,40,0,7,40
2022-12-22T23:27:00,40,0,7,40
2022-12-22T23:36:27,40,0,7,40
2022-12-22T23:45:53,40,0,7,40
2022-12-22T23:55:18,40,0,7,40
2022-12-23T00:04:57,40,0,7,40
2022-12-23T00:14:22,40,0,7,40
2022-12-23T00:23:49,40,0,7,40
2022-12-23T00:33:16,40,0,7,40
2022-12-23T00:42:43,40,0,7,40
2022-12-23T00:52:10,40,0,7,40
2022-12-23T01:01:38,40,0,7,40
2022-12-23T01:11:08,40,0,7,40
2022-12-23T01:20:35,40,0,7,40
2022-12-23T01:30:05,40,0,7,40
2022-12-23T01:39:31,40,0,7,40
2022-12-23T01:48:58,40,0,7,40
2022-12-23T01:58:27,40,0,7,40
2022-12-23T02:07:55,40,0,7,40
2022-12-23T02:17:21,40,0,7,40
2022-12-23T02:26:49,40,0,7,40
2022-12-23T02:36:17,40,0,7,40
2022-12-23T02:45:43,40,0,7,40
2022-12-23T02:55:09,40,0,7,40
2022-12-23T03:04:35,40,0,7,40
2022-12-23T03:14:00,40,0,7,40
2022-12-23T03:23:25,40,0,7,40
2022-12-23T03:32:51,40,0,7,40
2022-12-23T03:42:18,40,0,7,40
2022-12-23T03:51:45,40,0,7,40
2022-12-23T04:01:12,40,0,7,40
2022-12-23T04:10:40,40,0,7,40
2022-12-23T04:29:02,40,0,7,40
2022-12-23T04:39:48,40,0,7,40
2022-12-23T04:49:34,40,0,7,40
2022-12-23T04:59:02,40,0,7,40
2022-12-23T05:08:26,40,0,7,40
2022-12-23T05:17:50,40,0,7,40
2022-12-23T05:27:14,40,0,7,40
2022-12-23T05:36:38,40,0,7,40
2022-12-23T05:46:01,40,0,7,40
2022-12-23T05:55:29,40,0,7,40
2022-12-23T06:04:57,40,0,7,40
2022-12-23T06:14:24,40,0,7,40
2022-12-23T06:23:51,40,0,7,40
2022-12-23T06:33:17,40,0,7,40
2022-12-23T06:42:42,40,0,7,40
2022-12-23T06:52:08,40,0,7,40
2022-12-23T07:01:34,40,0,7,40
2022-12-23T07:11:01,40,0,7,40
2022-12-23T07:20:27,40,0,7,40
2022-12-23T07:29:53,40,0,7,40
2022-12-23T07:39:19,40,0,7,40
2022-12-23T07:48:47,40,0,7,40
2022-12-23T07:58:12,40,0,7,40
2022-12-23T08:07:38,40,0,7,40
2022-12-23T08:17:03,40,0,7,40
2022-12-23T08:26:29,40,0,7,40
2022-12-23T08:35:56,40,0,7,40
2022-12-23T08:45:23,40,0,7,40
2022-12-23T08:54:48,40,0,7,40
2022-12-23T09:04:14,40,0,7,40
2022-12-23T09:13:40,40,0,7,40
2022-12-23T09:23:06,40,0,7,40
2022-12-23T09:32:32,40,0,7,40
2022-12-23T09:41:57,40,0,7,40
2022-12-23T09:51:21,40,0,7,40
2022-12-23T10:00:48,40,0,7,40
2022-12-23T10:10:13,40,0,7,40
2022-12-23T10:19:37,40,0,7,40
2022-12-23T10:29:03,40,0,7,40
2022-12-23T10:38:28,40,0,7,40
2022-12-23T10:47:53,40,0,7,40
2022-12-23T10:57:18,40,0,7,40
2022-12-23T11:06:44,40,0,7,40
2022-12-23T11:16:09,40,0,7,40
2022-12-23T11:25:34,40,0,7,40
2022-12-23T11:34:59,40,0,7,40
2022-12-23T11:44:24,40,0,7,40
2022-12-23T11:53:50,40,0,7,40
2022-12-23T12:03:15,40,0,7,40
2022-12-23T12:12:50,40,0,7,40
2022-12-23T12:22:16,40,0,7,40
2022-12-23T12:31:41,40,0,7,40
2022-12-23T12:41:07,40,0,7,40
2022-12-23T12:50:31,40,0,7,40
2022-12-23T12:59:57,40,0,7,40
2022-12-23T13:09:22,40,0,7,40
2022-12-23T13:18:47,40,0,7,40
2022-12-23T13:28:12,40,0,7,40
2022-12-23T13:37:37,40,0,7,40
2022-12-23T13:47:02,40,0,7,40
2022-12-23T13:56:27,40,0,7,40
2022-12-23T14:05:53,40,0,7,40
2022-12-23T14:15:18,40,0,7,40
2022-12-23T14:24:45,40,0,7,40
2022-12-23T14:34:11,40,0,7,40
2022-12-23T14:43:35,40,0,7,40
2022-12-23T14:53:11,40,0,7,40
2022-12-23T15:02:36,40,0,7,40
2022-12-23T15:12:01,40,0,7,40
2022-12-23T15:21:27,40,0,7,40
2022-12-23T15:30:54,40,0,7,40
2022-12-23T15:40:21,40,0,7,40
2022-12-23T15:49:46,40,0,7,40
2022-12-23T15:59:11,40,0,7,40
2022-12-23T16:08:36,40,0,7,40
2022-12-23T16:18:00,40,0,7,40
2022-12-23T16:27:25,40,0,7,40
2022-12-23T16:36:50,40,0,7,40
2022-12-23T16:46:16,40,0,7,40
2022-12-23T16:55:40,40,0,7,40
2022-12-23T17:05:16,40,0,7,40
2022-12-23T17:14:41,40,0,7,40
2022-12-23T17:24:06,40,0,7,40
2022-12-23T17:33:32,40,0,7,40
2022-12-23T17:42:56,40,0,7,40
2022-12-23T17:52:21,40,0,7,40
2022-12-23T18:01:46,40,0,7,40
2022-12-23T18:11:12,40,0,7,40
2022-12-23T18:20:37,40,0,7,40
2022-12-23T18:30:02,40,0,7,40
2022-12-23T18:39:27,40,0,7,40
2022-12-23T18:48:51,40,0,7,40
2022-12-23T18:58:14,40,0,8,40
2022-12-23T19:07:42,40,0,7,40
2022-12-23T19:17:07,40,0,7,40
2022-12-23T19:26:32,40,0,7,40
2022-12-23T19:36:05,40,0,7,40
2022-12-23T19:45:28,40,0,7,40
2022-12-23T19:54:51,40,0,7,40
2022-12-23T20:04:15,40,0,7,40
2022-12-23T20:13:40,40,0,7,40
2022-12-23T20:23:05,40,0,7,40
2022-12-23T20:32:30,40,0,7,40
2022-12-23T20:41:53,40,0,7,40
2022-12-23T20:51:18,40,0,7,40
2022-12-23T21:00:41,40,0,7,40
2022-12-23T21:10:04,40,0,7,40
2022-12-23T21:19:27,40,0,7,40
2022-12-23T21:28:51,40,0,7,40
2022-12-23T21:38:14,40,0,7,40
2022-12-23T21:47:37,40,0,7,40
2022-12-23T21:57:01,40,0,7,40
2022-12-23T22:06:25,40,0,7,40
2022-12-23T22:15:59,40,0,7,40
2022-12-23T22:25:23,40,0,7,40
2022-12-23T22:34:46,40,0,7,40
2022-12-23T22:44:09,40,0,7,40
2022-12-23T22:53:32,40,0,7,40
2022-12-23T23:02:56,40,0,7,40
2022-12-23T23:12:21,40,0,7,40
2022-12-23T23:21:44,40,0,7,40
2022-12-23T23:31:08,40,0,7,40
2022-12-23T23:40:32,40,0,7,40
2022-12-23T23:49:56,40,0,7,40
2022-12-23T23:59:19,40,0,7,40
2022-12-24T00:08:44,40,0,7,40
2022-12-24T00:18:12,40,0,7,40
2022-12-24T00:27:37,40,0,7,40
2022-12-24T00:37:02,40,0,7,40
2022-12-24T00:46:27,40,0,7,40
2022-12-24T00:55:53,40,0,7,40
2022-12-24T01:05:20,40,0,7,40
2022-12-24T01:14:46,40,0,7,40
2022-12-24T01:24:11,40,0,7,40
2022-12-24T01:33:36,40,0,7,40
2022-12-24T01:43:00,40,0,7,40
2022-12-24T01:52:23,40,0,7,40
2022-12-24T02:01:50,40,0,7,40
2022-12-24T02:11:17,40,0,7,40
2022-12-24T02:20:42,40,0,7,40
2022-12-24T02:30:07,40,0,7,40
2022-12-24T02:39:32,40,0,7,40
2022-12-24T02:48:57,40,0,7,40
2022-12-24T02:58:22,40,0,7,40
2022-12-24T03:07:45,40,0,7,40
2022-12-24T03:17:10,40,0,7,40
2022-12-24T03:26:36,40,0,7,40
2022-12-24T03:36:02,40,0,7,40
2022-12-24T03:45:28,40,0,7,40
2022-12-24T03:54:55,40,0,7,40
2022-12-24T04:04:24,40,0,7,40
2022-12-24T04:35:21,40,0,7,40
2022-12-24T04:45:34,40,0,7,40
2022-12-24T04:55:00,40,0,7,40
2022-12-24T05:04:26,40,0,7,40
2022-12-24T05:13:51,40,0,7,40
2022-12-24T05:23:15,40,0,7,40
2022-12-24T05:32:39,40,0,7,40
2022-12-24T05:42:04,40,0,7,40
2022-12-24T05:51:30,40,0,7,40
2022-12-24T06:00:58,40,0,7,40
2022-12-24T06:10:25,40,0,7,40
2022-12-24T06:19:52,40,0,7,40
2022-12-24T06:29:18,40,0,7,40
2022-12-24T06:38:43,40,0,7,40
2022-12-24T06:48:09,40,0,7,40
2022-12-24T06:57:34,40,0,7,40
2022-12-24T07:06:58,40,0,7,40
2022-12-24T07:16:24,40,0,7,40
2022-12-24T07:25:50,40,0,7,40
2022-12-24T07:35:16,40,0,7,40
2022-12-24T07:44:42,40,0,7,40
2022-12-24T07:54:08,40,0,7,40
2022-12-24T08:03:33,40,0,7,40
2022-12-24T08:12:59,40,0,7,40
2022-12-24T08:22:26,40,0,7,40
2022-12-24T08:31:55,40,0,7,40
2022-12-24T08:41:19,40,0,7,40
2022-12-24T08:50:45,40,0,7,40
2022-12-24T09:00:10,40,0,7,40
2022-12-24T09:09:35,40,0,7,40
2022-12-24T09:19:01,40,0,7,40
2022-12-24T09:28:28,40,0,7,40
2022-12-24T09:37:53,40,0,7,40
2022-12-24T09:47:18,40,0,7,40
2022-12-24T09:56:43,40,0,7,40
2022-12-24T10:06:16,40,0,7,40
2022-12-24T10:15:41,40,0,7,40
2022-12-24T10:25:06,40,0,7,40
2022-12-24T10:34:32,40,0,7,40
2022-12-24T10:43:58,40,0,7,40
2022-12-24T10:53:23,40,0,7,40
2022-12-24T11:02:48,40,0,7,40
2022-12-24T11:12:13,40,0,7,40
2022-12-24T11:21:37,40,0,7,40
2022-12-24T11:31:02,40,0,7,40
2022-12-24T11:40:28,40,0,7,40
2022-12-24T11:49:52,40,0,7,40
2022-12-24T11:59:17,40,0,7,40
2022-12-24T12:08:41,40,0,7,40
2022-12-24T12:18:06,40,0,7,40
2022-12-24T12:27:31,40,0,7,40
2022-12-24T12:36:55,40,0,7,40
2022-12-24T12:46:30,40,0,7,40
2022-12-24T12:55:55,40,0,7,40
2022-12-24T13:05:19,40,0,7,40
2022-12-24T13:14:43,40,0,7,40
2022-12-24T13:24:09,40,0,7,40
2022-12-24T13:33:35,40,0,7,40
2022-12-24T13:43:02,40,0,7,40
2022-12-24T13:52:26,40,0,7,40
2022-12-24T14:01:51,40,0,7,40
2022-12-24T14:11:15,40,0,7,40
2022-12-24T14:20:40,40,0,7,40
2022-12-24T14:30:04,40,0,7,40
2022-12-24T14:39:29,40,0,7,40
2022-12-24T14:48:53,40,0,7,40
2022-12-24T14:58:18,40,0,7,40
2022-12-24T15:07:42,40,0,7,40
2022-12-24T15:17:06,40,0,7,40
2022-12-24T15:26:31,40,0,7,40
2022-12-24T15:35:57,40,0,7,40
2022-12-24T15:45:32,40,0,7,40
2022-12-24T15:54:58,40,0,7,40
2022-12-24T16:04:23,40,0,7,40
2022-12-24T16:13:51,40,0,7,40
2022-12-24T16:23:15,40,0,7,40
2022-12-24T16:32:39,40,0,7,40
2022-12-24T16:42:04,40,0,7,40
2022-12-24T16:51:31,40,0,7,40
2022-12-24T17:00:55,40,0,7,40
2022-12-24T17:10:20,40,0,7,40
2022-12-24T17:19:45,40,0,7,40
2022-12-24T17:29:09,40,0,7,40
2022-12-24T17:38:34,40,0,7,40
2022-12-24T17:47:58,40,0,7,40
2022-12-24T17:57:21,40,0,7,40
2022-12-24T18:06:45,40,0,7,40
2022-12-24T18:16:08,40,0,7,40
2022-12-24T18:25:32,40,0,7,40
2022-12-24T18:35:08,40,0,7,40
2022-12-24T18:44:31,40,0,7,40
2022-12-24T18:53:54,40,0,7,40
2022-12-24T19:03:18,40,0,7,40
2022-12-24T19:12:42,40,0,7,40
2022-12-24T19:22:06,40,0,7,40
2022-12-24T19:31:29,40,0,7,40
2022-12-24T19:40:53,40,0,7,40
2022-12-24T19:50:16,40,0,7,40
2022-12-24T19:59:38,40,0,7,40
2022-12-24T20:09:01,40,0,7,40
2022-12-24T20:18:24,40,0,7,40
2022-12-24T20:27:48,40,0,7,40
2022-12-24T20:37:10,40,0,7,40
2022-12-24T20:46:33,40,0,7,40
2022-12-24T20:55:55,40,0,7,40
2022-12-24T21:05:19,40,0,7,40
2022-12-24T21:14:42,40,0,7,40
2022-12-24T21:24:05,40,0,7,40
2022-12-24T21:33:38,40,0,7,40
2022-12-24T21:43:01,40,0,7,40
2022-12-24T21:52:25,40,0,7,40
2022-12-24T22:01:48,40,0,7,40
2022-12-24T22:11:13,40,0,7,40
2022-12-24T22:20:36,40,0,7,40
2022-12-24T22:30:00,40,0,7,40
2022-12-24T22:39:22,40,0,7,40
2022-12-24T22:48:47,40,0,7,40
2022-12-24T22:58:10,40,0,7,40
2022-12-24T23:07:36,40,0,7,40
2022-12-24T23:17:00,40,0,7,40
2022-12-24T23:26:24,40,0,7,40
2022-12-24T23:35:48,40,0,7,40
2022-12-24T23:45:14,40,0,7,40
2022-12-24T23:54:37,40,0,7,40
2022-12-25T00:04:02,40,0,7,40
2022-12-25T00:13:26,40,0,7,40
2022-12-25T00:22:54,40,0,7,40
2022-12-25T00:32:19,40,0,7,40
2022-12-25T00:41:46,40,0,7,40
2022-12-25T00:51:11,40,0,7,40
2022-12-25T01:00:37,40,0,7,40
2022-12-25T01:10:03,40,0,7,40
2022-12-25T01:19:26,40,0,7,40
2022-12-25T01:28:52,40,0,7,40
2022-12-25T01:38:28,40,0,7,40
2022-12-25T01:47:52,40,0,7,40
2022-12-25T01:57:19,40,0,7,40
2022-12-25T02:06:47,40,0,7,40
2022-12-25T02:16:14,40,0,7,40
2022-12-25T02:25:41,40,0,7,40
2022-12-25T02:35:06,40,0,7,40
2022-12-25T02:44:30,40,0,7,40
2022-12-25T02:53:55,40,0,7,40
2022-12-25T03:03:20,40,0,7,40
2022-12-25T03:12:46,40,0,7,40
2022-12-25T03:22:12,40,0,7,40
2022-12-25T03:31:37,40,0,7,40
2022-12-25T03:41:04,40,0,7,40
2022-12-25T03:50:33,40,0,7,40
2022-12-25T04:00:00,40,0,7,40
2022-12-25T04:09:27,40,0,7,40
2022-12-25T04:28:51,40,0,7,40
2022-12-25T04:39:27,40,0,7,40
2022-12-25T04:49:10,40,0,7,40
2022-12-25T04:58:36,40,0,7,40
2022-12-25T05:08:01,40,0,7,40
2022-12-25T05:17:26,40,0,7,40
2022-12-25T05:26:50,40,0,7,40
2022-12-25T05:36:14,40,0,7,40
2022-12-25T05:45:37,40,0,7,40
2022-12-25T05:55:03,40,0,7,40
2022-12-25T06:04:32,40,0,7,40
2022-12-25T06:14:02,40,0,7,40
2022-12-25T06:23:29,40,0,7,40
2022-12-25T06:32:54,40,0,7,40
2022-12-25T06:42:20,40,0,7,40
2022-12-25T06:51:44,40,0,7,40
2022-12-25T07:01:09,40,0,7,40
2022-12-25T07:10:35,40,0,7,40
2022-12-25T07:20:02,40,0,7,40
2022-12-25T07:29:27,40,0,7,40
2022-12-25T07:38:54,40,0,7,40
2022-12-25T07:48:21,40,0,7,40
2022-12-25T07:57:45,40,0,7,40
2022-12-25T08:07:11,40,0,7,40
2022-12-25T08:16:39,40,0,7,40
2022-12-25T08:26:05,40,0,7,40
2022-12-25T08:35:32,40,0,7,40
2022-12-25T08:45:02,40,0,7,40
2022-12-25T08:54:29,40,0,7,40
2022-12-25T09:03:54,40,0,7,40
2022-12-25T09:13:20,40,0,7,40
2022-12-25T09:22:45,40,0,7,40
2022-12-25T09:32:11,40,0,7,40
2022-12-25T09:41:36,40,0,7,40
2022-12-25T09:51:02,40,0,7,40
2022-12-25T10:00:27,40,0,7,40
2022-12-25T10:09:51,40,0,7,40
2022-12-25T10:19:16,40,0,7,40
2022-12-25T10:28:42,40,0,7,40
2022-12-25T10:38:08,40,0,7,40
2022-12-25T10:47:33,40,0,7,40
2022-12-25T10:57:07,40,0,7,40
2022-12-25T11:06:32,40,0,7,40
2022-12-25T11:15:56,40,0,7,40
2022-12-25T11:25:21,40,0,7,40
2022-12-25T11:40:37,40,0,7,40
2022-12-25T11:50:05,40,0,7,40
2022-12-25T11:59:31,40,0,7,40
2022-12-25T12:08:58,40,0,7,40
2022-12-25T12:18:24,40,0,7,40
2022-12-25T12:27:50,40,0,7,40
2022-12-25T12:37:16,40,0,7,40
2022-12-25T12:46:42,40,0,7,40
2022-12-25T12:56:08,40,0,7,40
2022-12-25T13:05:34,40,0,7,40
2022-12-25T13:15:00,40,0,7,40
2022-12-25T13:24:25,40,0,7,40
2022-12-25T13:33:50,40,0,7,40
2022-12-25T13:43:16,40,0,7,40
2022-12-25T13:52:42,40,0,7,40
2022-12-25T14:02:07,40,0,7,40
2022-12-25T14:11:33,40,0,7,40
2022-12-25T14:20:58,40,0,7,40
2022-12-25T14:30:23,40,0,7,40
2022-12-25T14:39:50,40,0,7,40
2022-12-25T14:49:16,40,0,7,40
2022-12-25T14:58:42,40,0,7,40
2022-12-25T15:08:08,40,0,7,40
2022-12-25T15:17:36,40,0,7,40
2022-12-25T15:27:15,40,0,7,40
2022-12-25T15:36:41,40,0,7,40
2022-12-25T15:46:11,40,0,7,40
2022-12-25T15:55:44,40,0,7,40
2022-12-25T16:05:18,40,0,7,40
2022-12-25T16:14:52,40,0,7,40
2022-12-25T16:24:25,40,0,7,40
2022-12-25T16:33:57,40,0,7,40
2022-12-25T16:43:32,40,0,7,40
2022-12-25T16:53:04,40,0,7,40
2022-12-25T17:02:38,40,0,7,40
2022-12-25T17:12:10,40,0,7,40
2022-12-25T17:21:39,40,0,7,40
2022-12-25T17:31:08,40,0,7,40
2022-12-25T17:40:36,40,0,7,40
2022-12-25T17:50:02,40,0,7,40
2022-12-25T17:59:28,40,0,7,40
2022-12-25T18:08:53,40,0,7,40
2022-12-25T18:18:19,40,0,7,40
2022-12-25T18:27:46,40,0,7,40
2022-12-25T18:37:13,40,0,7,40
2022-12-25T18:46:39,40,0,7,40
2022-12-25T18:56:06,40,0,7,40
2022-12-25T19:05:35,40,0,7,40
2022-12-25T19:15:04,40,0,7,40
2022-12-25T19:24:30,40,0,7,40
2022-12-25T19:33:56,40,0,7,40
2022-12-25T19:43:32,40,0,7,40
2022-12-25T19:52:57,40,0,7,40
2022-12-25T20:02:23,40,0,7,40
2022-12-25T20:11:48,40,0,7,40
2022-12-25T20:21:14,40,0,7,40
2022-12-25T20:30:40,40,0,7,40
2022-12-25T20:40:06,40,0,7,40
2022-12-25T20:49:32,40,0,7,40
2022-12-25T20:58:57,40,0,7,40
2022-12-25T21:08:23,40,0,7,40
2022-12-25T21:17:50,40,0,7,40
2022-12-25T21:27:19,40,0,7,40
2022-12-25T21:36:46,40,0,7,40
2022-12-25T21:46:13,40,0,7,40
2022-12-25T21:55:40,40,0,7,40
2022-12-25T22:05:07,40,0,7,40
2022-12-25T22:14:34,40,0,7,40
2022-12-25T22:23:59,40,0,7,40
2022-12-25T22:33:26,40,0,7,40
2022-12-25T22:42:51,40,0,7,40
2022-12-25T22:52:15,40,0,7,40
2022-12-25T23:01:40,40,0,7,40
2022-12-25T23:11:05,40,0,7,40
2022-12-25T23:20:31,40,0,7,40
2022-12-25T23:30:05,40,0,7,40
2022-12-25T23:39:30,40,0,7,40
2022-12-25T23:48:54,40,0,7,40
2022-12-25T23:58:18,40,0,7,40
2022-12-26T00:07:44,40,0,7,40
2022-12-26T00:17:15,40,0,7,40
2022-12-26T00:26:43,40,0,7,40
2022-12-26T00:36:11,40,0,7,40
2022-12-26T00:45:42,40,0,7,40
2022-12-26T00:55:09,40,0,7,40
2022-12-26T01:04:35,40,0,7,40
2022-12-26T01:14:02,40,0,7,40
2022-12-26T01:23:34,40,0,7,40
2022-12-26T01:33:02,40,0,7,40
2022-12-26T01:42:30,40,0,7,40
2022-12-26T01:51:57,40,0,7,40
2022-12-26T02:01:24,40,0,7,40
2022-12-26T02:10:52,40,0,7,40
2022-12-26T02:20:19,40,0,7,40
2022-12-26T02:29:45,40,0,7,40
2022-12-26T02:39:11,40,0,7,40
2022-12-26T02:48:36,40,0,7,40
2022-12-26T02:58:02,40,0,7,40
2022-12-26T03:07:27,40,0,7,40
2022-12-26T03:16:53,40,0,7,40
2022-12-26T03:26:19,40,0,7,40
2022-12-26T03:35:45,40,0,7,40
2022-12-26T03:45:12,40,0,7,40
2022-12-26T03:54:40,40,0,7,40
2022-12-26T04:04:07,40,0,7,40
2022-12-26T04:25:27,40,0,7,40
2022-12-26T04:34:55,40,0,7,40
2022-12-26T04:45:33,40,0,7,40
2022-12-26T04:55:16,40,0,7,40
2022-12-26T05:04:42,40,0,7,40
2022-12-26T05:14:06,40,0,7,40
2022-12-26T05:23:31,40,0,7,40
2022-12-26T05:32:58,40,0,7,40
2022-12-26T05:42:22,40,0,7,40
2022-12-26T05:51:48,40,0,7,40
2022-12-26T06:01:16,40,0,7,40
2022-12-26T06:10:45,40,0,7,40
2022-12-26T06:20:12,40,0,7,40
2022-12-26T06:29:39,40,0,7,40
2022-12-26T06:39:05,40,0,7,40
2022-12-26T06:48:30,40,0,7,40
2022-12-26T06:57:56,40,0,7,40
2022-12-26T07:07:22,40,0,7,40
2022-12-26T07:16:48,40,0,7,40
2022-12-26T07:26:15,40,0,7,40
2022-12-26T07:35:42,40,0,7,40
2022-12-26T07:45:09,40,0,7,40
2022-12-26T07:54:36,40,0,7,40
2022-12-26T08:04:03,40,0,7,40
2022-12-26T08:13:29,40,0,7,40
2022-12-26T08:22:55,40,0,7,40
2022-12-26T08:32:22,40,0,7,40
2022-12-26T08:41:48,40,0,7,40
2022-12-26T08:51:15,40,0,7,40
2022-12-26T09:00:42,40,0,7,40
2022-12-26T09:10:08,40,0,7,40
2022-12-26T09:19:33,40,0,7,40
2022-12-26T09:28:59,40,0,7,40
2022-12-26T09:38:28,40,0,7,40
2022-12-26T09:47:54,40,0,7,40
2022-12-26T09:57:20,40,0,7,40
2022-12-26T10:06:46,40,0,7,40
2022-12-26T10:16:12,40,0,7,40
2022-12-26T10:25:37,40,0,7,40
2022-12-26T10:35:03,40,0,7,40
2022-12-26T10:44:29,40,0,7,40
2022-12-26T10:53:55,40,0,7,40
2022-12-26T11:03:22,40,0,7,40
2022-12-26T11:12:49,40,0,7,40
2022-12-26T11:22:16,40,0,7,40
2022-12-26T11:31:42,40,0,7,40
2022-12-26T11:41:08,40,0,7,40
2022-12-26T11:50:34,40,0,7,40
2022-12-26T12:00:08,40,0,7,40
2022-12-26T12:09:34,40,0,7,40
2022-12-26T12:19:00,40,0,7,40
2022-12-26T12:28:26,40,0,7,40
2022-12-26T12:37:53,40,0,7,40
2022-12-26T12:47:19,40,0,7,40
2022-12-26T12:56:46,40,0,7,40
2022-12-26T13:06:12,40,0,7,40
2022-12-26T13:15:38,40,0,7,40
2022-12-26T13:25:05,40,0,7,40
2022-12-26T13:34:31,40,0,7,40
2022-12-26T13:43:59,40,0,7,40
2022-12-26T13:53:26,40,0,7,40
2022-12-26T14:02:53,40,0,7,40
2022-12-26T14:12:19,40,0,7,40
2022-12-26T14:21:44,40,0,7,40
2022-12-26T14:31:10,40,0,7,40
2022-12-26T14:40:35,40,0,7,40
2022-12-26T14:50:01,40,0,7,40
2022-12-26T14:59:27,40,0,7,40
2022-12-26T15:08:53,40,0,7,40
2022-12-26T15:18:19,40,0,7,40
2022-12-26T15:27:54,40,0,7,40
2022-12-26T15:37:20,40,0,7,40
2022-12-26T15:46:46,40,0,7,40
2022-12-26T15:56:12,40,0,7,40
2022-12-26T16:05:38,40,0,7,40
2022-12-26T16:15:04,40,0,7,40
2022-12-26T16:24:30,40,0,7,40
2022-12-26T16:33:56,40,0,7,40
2022-12-26T16:43:22,40,0,7,40
2022-12-26T16:52:47,40,0,7,40
2022-12-26T17:02:13,40,0,7,40
2022-12-26T17:11:38,40,0,7,40
2022-12-26T17:21:04,40,0,7,40
2022-12-26T17:30:29,40,0,7,40
2022-12-26T17:39:55,40,0,7,40
2022-12-26T17:49:22,40,0,7,40
2022-12-26T17:58:48,40,0,7,40
2022-12-26T18:08:14,40,0,7,40
2022-12-26T18:17:40,40,0,7,40
2022-12-26T18:27:05,40,0,7,40
2022-12-26T18:36:30,40,0,7,40
2022-12-26T18:45:54,40,0,7,40
2022-12-26T18:55:18,40,0,7,40
2022-12-26T19:04:52,40,0,7,40
2022-12-26T19:14:17,40,0,7,40
2022-12-26T19:23:41,40,0,7,40
2022-12-26T19:33:06,40,0,7,40
2022-12-26T19:42:30,40,0,7,40
2022-12-26T19:51:54,40,0,7,40
2022-12-26T20:01:18,40,0,7,40
2022-12-26T20:10:42,40,0,7,40
2022-12-26T20:20:06,40,0,7,40
2022-12-26T20:29:30,40,0,7,40
2022-12-26T20:38:55,40,0,7,40
2022-12-26T20:48:19,40,0,7,40
2022-12-26T20:57:43,40,0,7,40
2022-12-26T21:07:08,40,0,7,40
2022-12-26T21:16:33,40,0,7,40
2022-12-26T21:25:58,40,0,7,40
2022-12-26T21:35:23,40,0,7,40
2022-12-26T21:44:47,40,0,7,40
2022-12-26T21:54:11,40,0,7,40
2022-12-26T22:03:36,40,0,7,40
2022-12-26T22:13:01,40,0,7,40
2022-12-26T22:22:26,40,0,7,40
2022-12-26T22:32:02,40,0,7,40
2022-12-26T22:41:28,40,0,7,40
2022-12-26T22:50:52,40,0,7,40
2022-12-26T23:00:16,40,0,7,40
2022-12-26T23:09:41,40,0,7,40
2022-12-26T23:19:06,40,0,7,40
2022-12-26T23:28:31,40,0,7,40
2022-12-26T23:37:55,40,0,7,40
2022-12-26T23:47:19,40,0,7,40
2022-12-26T23:56:45,40,0,7,40
2022-12-27T00:06:09,40,0,7,40
2022-12-27T00:15:35,40,0,7,40
2022-12-27T00:25:01,40,0,7,40
2022-12-27T00:34:26,40,0,7,40
2022-12-27T00:43:52,40,0,7,40
2022-12-27T00:53:21,40,0,7,40
2022-12-27T01:02:48,40,0,7,40
2022-12-27T01:12:16,40,0,7,40
2022-12-27T01:21:40,40,0,7,40
2022-12-27T01:31:10,40,0,7,40
2022-12-27T01:40:35,40,0,7,40
2022-12-27T01:50:00,40,0,7,40
2022-12-27T01:59:26,40,0,7,40
2022-12-27T02:08:53,40,0,7,40
2022-12-27T02:18:20,40,0,7,40
2022-12-27T02:27:46,40,0,7,40
2022-12-27T02:37:11,40,0,7,40
2022-12-27T02:46:36,40,0,7,40
2022-12-27T02:56:02,40,0,7,40
2022-12-27T03:05:28,40,0,7,40
2022-12-27T03:14:54,40,0,7,40
2022-12-27T03:24:20,40,0,7,40
2022-12-27T03:33:47,40,0,7,40
2022-12-27T03:43:14,40,0,7,40
2022-12-27T03:52:42,40,0,7,40
2022-12-27T04:02:09,40,0,7,40
2022-12-27T04:19:27,40,0,7,40
2022-12-27T04:28:56,40,0,7,40
2022-12-27T04:38:24,40,0,7,40
2022-12-27T04:49:06,40,0,7,40
2022-12-27T04:58:48,40,0,7,40
2022-12-27T05:08:13,40,0,7,40
2022-12-27T05:17:39,40,0,7,40
2022-12-27T05:27:03,40,0,7,40
2022-12-27T05:36:27,40,0,7,40
2022-12-27T05:45:53,40,0,7,40
2022-12-27T05:55:20,40,0,7,40
2022-12-27T06:04:48,40,0,7,40
2022-12-27T06:14:16,40,0,7,40
2022-12-27T06:23:45,40,0,7,40
2022-12-27T06:33:11,40,0,7,40
2022-12-27T06:42:36,40,0,7,40
2022-12-27T06:52:02,40,0,7,40
2022-12-27T07:01:28,40,0,7,40
2022-12-27T07:10:55,40,0,7,40
2022-12-27T07:20:22,40,0,7,40
2022-12-27T07:29:48,40,0,7,40
2022-12-27T07:39:16,40,0,7,40
2022-12-27T07:48:43,40,0,7,40
2022-12-27T07:58:10,40,0,7,40
2022-12-27T08:07:37,40,0,7,40
2022-12-27T08:17:03,40,0,7,40
2022-12-27T08:26:31,40,0,7,40
2022-12-27T08:35:57,40,0,7,40
2022-12-27T08:45:24,40,0,7,40
2022-12-27T08:54:51,40,0,7,40
2022-12-27T09:04:21,40,0,7,40
2022-12-27T09:13:48,40,0,7,40
2022-12-27T09:23:14,40,0,7,40
2022-12-27T09:32:41,40,0,7,40
2022-12-27T09:42:07,40,0,7,40
2022-12-27T09:51:42,40,0,7,40
2022-12-27T10:01:08,40,0,7,40
2022-12-27T10:10:34,40,0,7,40
2022-12-27T10:20:03,40,0,7,40
2022-12-27T10:29:30,40,0,7,40
2022-12-27T10:39:00,40,0,7,40
2022-12-27T10:48:33,40,0,7,40
2022-12-27T10:58:02,40,0,7,40
2022-12-27T11:07:28,40,0,7,40
2022-12-27T11:16:54,40,0,7,40
2022-12-27T11:26:21,40,0,7,40
2022-12-27T11:35:47,40,0,7,40
2022-12-27T11:45:14,40,0,7,40
2022-12-27T11:54:41,40,0,7,40
2022-12-27T12:04:17,40,0,7,40
2022-12-27T12:13:43,40,0,7,40
2022-12-27T12:23:09,40,0,7,40
2022-12-27T12:32:36,40,0,7,40
2022-12-27T12:42:03,40,0,7,40
2022-12-27T12:51:30,40,0,7,40
2022-12-27T13:00:58,40,0,7,40
2022-12-27T13:10:24,40,0,7,40
2022-12-27T13:19:51,40,0,7,40
2022-12-27T13:29:17,40,0,7,40
2022-12-27T13:38:44,40,0,7,40
2022-12-27T13:48:10,40,0,7,40
2022-12-27T13:57:37,40,0,7,40
2022-12-27T14:07:03,40,0,7,40
2022-12-27T14:16:29,40,0,7,40
2022-12-27T14:25:56,40,0,7,40
2022-12-27T14:35:22,40,0,7,40
2022-12-27T14:44:49,40,0,7,40
2022-12-27T14:54:25,40,0,7,40
2022-12-27T15:03:52,40,0,7,40
2022-12-27T15:13:19,40,0,7,40
2022-12-27T15:22:45,40,0,7,40
2022-12-27T15:32:12,40,0,7,40
2022-12-27T15:41:38,40,0,7,40
2022-12-27T15:51:05,40,0,7,40
2022-12-27T16:00:32,40,0,7,40
2022-12-27T16:09:58,40,0,7,40
2022-12-27T16:19:25,40,0,7,40
2022-12-27T16:28:52,40,0,7,40
2022-12-27T16:38:18,40,0,7,40
2022-12-27T16:47:45,40,0,7,40
2022-12-27T16:57:11,40,0,7,40
2022-12-27T17:06:38,40,0,7,40
2022-12-27T17:16:07,40,0,7,40
2022-12-27T17:25:45,40,0,7,40
2022-12-27T17:35:11,40,0,7,40
2022-12-27T17:44:38,40,0,7,40
2022-12-27T17:54:04,40,0,7,40
2022-12-27T18:03:30,40,0,7,40
2022-12-27T18:12:57,40,0,7,40
2022-12-27T18:22:23,40,0,7,40
2022-12-27T18:31:49,40,0,7,40
2022-12-27T18:41:16,40,0,7,40
2022-12-27T18:50:42,40,0,7,40
2022-12-27T19:00:08,40,0,7,40
2022-12-27T19:09:35,40,0,7,40
2022-12-27T19:19:01,40,0,7,40
2022-12-27T19:28:28,40,0,7,40
2022-12-27T19:37:54,40,0,7,40
2022-12-27T19:47:20,40,0,7,40
2022-12-27T19:56:46,40,0,7,40
2022-12-27T20:06:15,40,0,7,40
2022-12-27T20:15:42,40,0,7,40
2022-12-27T20:25:19,40,0,7,40
2022-12-27T20:34:45,40,0,7,40
2022-12-27T20:44:11,40,0,7,40
2022-12-27T20:53:37,40,0,7,40
2022-12-27T21:03:04,40,0,7,40
2022-12-27T21:12:30,40,0,7,40
2022-12-27T21:21:55,40,0,7,40
2022-12-27T21:31:21,40,0,7,40
2022-12-27T21:40:48,40,0,7,40
2022-12-27T21:50:14,40,0,7,40
2022-12-27T21:59:40,40,0,7,40
2022-12-27T22:09:07,40,0,7,40
2022-12-27T22:18:34,40,0,7,40
2022-12-27T22:28:00,40,0,7,40
2022-12-27T22:37:27,40,0,7,40
2022-12-27T22:46:53,40,0,7,40
2022-12-27T22:56:20,40,0,7,40
2022-12-27T23:05:47,40,0,7,40
2022-12-27T23:15:11,40,0,7,40
2022-12-27T23:24:36,40,0,7,40
2022-12-27T23:34:01,40,0,7,40
2022-12-27T23:43:25,40,0,7,40
2022-12-27T23:52:49,40,0,7,40
2022-12-28T00:02:26,40,0,7,40
2022-12-28T00:11:52,40,0,7,40
2022-12-28T00:21:21,40,0,7,40
2022-12-28T00:30:47,40,0,7,40
2022-12-28T00:40:15,40,0,7,40
2022-12-28T00:49:43,40,0,7,40
2022-12-28T00:59:12,40,0,7,40
2022-12-28T01:08:41,40,0,7,40
2022-12-28T01:18:09,40,0,7,40
2022-12-28T01:27:37,40,0,7,40
2022-12-28T01:37:04,40,0,7,40
2022-12-28T01:46:31,40,0,7,40
2022-12-28T01:55:57,40,0,7,40
2022-12-28T02:05:24,40,0,7,40
2022-12-28T02:14:52,40,0,7,40
2022-12-28T02:24:18,40,0,7,40
2022-12-28T02:33:44,40,0,7,40
2022-12-28T02:43:10,40,0,7,40
2022-12-28T02:52:36,40,0,7,40
2022-12-28T03:02:01,40,0,7,40
2022-12-28T03:11:27,40,0,7,40
2022-12-28T03:20:54,40,0,7,40
2022-12-28T03:30:19,40,0,7,40
2022-12-28T03:39:47,40,0,7,40
2022-12-28T03:49:15,40,0,7,40
2022-12-28T03:58:43,40,0,7,40
2022-12-28T04:21:07,40,0,7,40
2022-12-28T04:32:05,40,0,7,40
2022-12-28T04:41:33,40,0,7,40
2022-12-28T04:51:00,40,0,7,40
2022-12-28T05:00:25,40,0,7,40
2022-12-28T05:09:49,40,0,7,40
2022-12-28T05:19:13,40,0,7,40
2022-12-28T05:28:37,40,0,7,40
2022-12-28T05:38:01,40,0,7,40
2022-12-28T05:47:26,40,0,7,40
2022-12-28T05:56:53,40,0,7,40
2022-12-28T06:06:22,40,0,7,40
2022-12-28T06:15:51,40,0,7,40
2022-12-28T06:25:20,40,0,7,40
2022-12-28T06:34:46,40,0,7,40
2022-12-28T06:44:13,40,0,7,40
2022-12-28T06:53:39,40,0,7,40
2022-12-28T07:03:05,40,0,7,40
2022-12-28T07:12:32,40,0,7,40
2022-12-28T07:21:59,40,0,7,40
2022-12-28T07:31:26,40,0,7,40
2022-12-28T07:40:53,40,0,7,40
2022-12-28T07:50:21,40,0,7,40
2022-12-28T07:59:48,40,0,7,40
2022-12-28T08:09:15,40,0,7,40
2022-12-28T08:18:42,40,0,7,40
2022-12-28T08:28:09,40,0,7,40
2022-12-28T08:37:36,40,0,7,40
2022-12-28T08:47:02,40,0,7,40
2022-12-28T08:56:29,40,0,7,40
2022-12-28T09:05:56,40,0,7,40
2022-12-28T09:15:25,40,0,7,40
2022-12-28T09:24:51,40,0,7,40
2022-12-28T09:34:17,40,0,7,40
2022-12-28T09:43:44,40,0,7,40
2022-12-28T09:53:10,40,0,7,40
2022-12-28T10:02:36,40,0,7,40
2022-12-28T10:12:03,40,0,7,40
2022-12-28T10:21:28,40,0,7,40
2022-12-28T10:30:55,40,0,7,40
2022-12-28T10:40:21,40,0,7,40
2022-12-28T10:49:57,40,0,7,40
2022-12-28T10:59:23,40,0,7,40
2022-12-28T11:08:49,40,0,7,40
2022-12-28T11:18:16,40,0,7,40
2022-12-28T11:27:42,40,0,7,40
2022-12-28T11:37:08,40,0,7,40
2022-12-28T11:46:34,40,0,7,40
2022-12-28T11:56:00,40,0,7,40
2022-12-28T12:05:26,40,0,7,40
2022-12-28T12:14:53,40,0,7,40
2022-12-28T12:24:19,40,0,7,40
2022-12-28T12:33:46,40,0,7,40
2022-12-28T12:43:12,40,0,7,40
2022-12-28T12:52:38,40,0,7,40
2022-12-28T13:02:05,40,0,7,40
2022-12-28T13:11:32,40,0,7,40
2022-12-28T13:20:59,40,0,7,40
2022-12-28T13:30:36,40,0,7,40
2022-12-28T13:40:03,40,0,7,40
2022-12-28T13:49:29,40,0,7,40
2022-12-28T13:58:56,40,0,7,40
2022-12-28T14:08:23,40,0,7,40
2022-12-28T14:17:49,40,0,7,40
2022-12-28T14:27:15,40,0,7,40
2022-12-28T14:36:42,40,0,7,40
2022-12-28T14:46:08,40,0,7,40
2022-12-28T14:55:35,40,0,7,40
2022-12-28T15:05:01,40,0,7,40
2022-12-28T15:14:28,40,0,7,40
2022-12-28T15:23:54,40,0,7,40
2022-12-28T15:33:20,40,0,7,40
2022-12-28T15:42:48,40,0,7,40
2022-12-28T15:52:14,40,0,7,40
2022-12-28T16:01:41,40,0,7,40
2022-12-28T16:11:08,40,0,7,40
2022-12-28T16:20:35,40,0,7,40
2022-12-28T16:30:11,40,0,7,40
2022-12-28T16:39:38,40,0,7,40
2022-12-28T16:49:04,40,0,7,40
2022-12-28T16:58:31,40,0,7,40
2022-12-28T17:07:57,40,0,7,40
2022-12-28T17:17:24,40,0,7,40
2022-12-28T17:26:51,40,0,7,40
2022-12-28T17:36:17,40,0,7,40
2022-12-28T17:45:43,40,0,7,40
2022-12-28T17:55:10,40,0,7,40
2022-12-28T18:04:36,40,0,7,40
2022-12-28T18:14:02,40,0,7,40
2022-12-28T18:23:29,40,0,7,40
2022-12-28T18:32:55,40,0,7,40
2022-12-28T18:42:22,40,0,7,40
2022-12-28T18:51:47,40,0,7,40
2022-12-28T19:01:12,40,0,7,40
2022-12-28T19:10:37,40,0,7,40
2022-12-28T19:20:02,40,0,7,40
2022-12-28T19:29:27,40,0,7,40
2022-12-28T19:39:04,40,0,7,40
2022-12-28T19:48:29,40,0,7,40
2022-12-28T19:57:55,40,0,7,40
2022-12-28T20:07:20,40,0,7,40
2022-12-28T20:16:45,40,0,7,40
2022-12-28T20:26:09,40,0,7,40
2022-12-28T20:35:34,40,0,7,40
2022-12-28T20:44:58,40,0,7,40
2022-12-28T20:54:23,40,0,7,40
2022-12-28T21:03:47,40,0,7,40
2022-12-28T21:13:11,40,0,7,40
2022-12-28T21:22:36,40,0,7,40
2022-12-28T21:32:00,40,0,7,40
2022-12-28T21:41:25,40,0,7,40
2022-12-28T21:50:49,40,0,7,40
2022-12-28T22:00:14,40,0,7,40
2022-12-28T22:09:39,40,0,7,40
2022-12-28T22:19:04,40,0,7,40
2022-12-28T22:28:28,40,0,7,40
2022-12-28T22:37:53,40,0,7,40
2022-12-28T22:47:17,40,0,7,40
2022-12-28T22:56:41,40,0,7,40
2022-12-28T23:06:07,40,0,7,40
2022-12-28T23:15:31,40,0,7,40
2022-12-28T23:25:07,40,0,7,40
2022-12-28T23:34:32,40,0,7,40
2022-12-28T23:43:59,40,0,7,40
2022-12-28T23:53:23,40,0,7,40
2022-12-29T00:02:48,40,0,7,40
2022-12-29T00:12:14,40,0,7,40
2022-12-29T00:21:41,40,0,7,40
2022-12-29T00:31:08,40,0,7,40
2022-12-29T00:40:35,40,0,7,40
2022-12-29T00:50:03,40,0,7,40
2022-12-29T00:59:31,40,0,7,40
2022-12-29T01:08:57,40,0,7,40
2022-12-29T01:18:23,40,0,7,40
2022-12-29T01:27:52,40,0,7,40
2022-12-29T01:37:20,40,0,7,40
2022-12-29T01:46:46,40,0,7,40
2022-12-29T01:56:14,40,0,7,40
2022-12-29T02:05:42,40,0,7,40
2022-12-29T02:15:09,40,0,7,40
2022-12-29T02:24:36,40,0,7,40
2022-12-29T02:34:02,40,0,7,40
2022-12-29T02:43:30,40,0,7,40
2022-12-29T02:52:55,40,0,7,40
2022-12-29T03:02:20,40,0,7,40
2022-12-29T03:11:46,40,0,7,40
2022-12-29T03:21:12,40,0,7,40
2022-12-29T03:30:38,40,0,7,40
2022-12-29T03:40:06,40,0,7,40
2022-12-29T03:49:33,40,0,7,40
2022-12-29T03:59:01,40,0,7,40
2022-12-29T04:08:29,40,0,7,40
2022-12-29T04:17:57,40,0,7,40
2022-12-29T04:34:47,40,0,7,40
2022-12-29T04:44:16,40,0,7,40
2022-12-29T04:53:44,40,0,7,40
2022-12-29T05:03:11,40,0,7,40
2022-12-29T05:12:37,40,0,7,40
2022-12-29T05:22:01,40,0,7,40
2022-12-29T05:31:24,40,0,7,40
2022-12-29T05:40:48,40,0,7,40
2022-12-29T05:50:13,40,0,7,40
2022-12-29T05:59:41,40,0,7,40
2022-12-29T06:09:10,40,0,7,40
2022-12-29T06:18:37,40,0,7,40
2022-12-29T06:28:05,40,0,7,40
2022-12-29T06:37:31,40,0,7,40
2022-12-29T06:46:56,40,0,7,40
2022-12-29T06:56:22,40,0,7,40
2022-12-29T07:05:48,40,0,7,40
2022-12-29T07:15:15,40,0,7,40
2022-12-29T07:24:42,40,0,7,40
2022-12-29T07:34:09,40,0,7,40
2022-12-29T07:43:36,40,0,7,40
2022-12-29T07:53:03,40,0,7,40
2022-12-29T08:02:30,40,0,7,40
2022-12-29T08:11:57,40,0,7,40
2022-12-29T08:21:23,40,0,7,40
2022-12-29T08:30:53,40,0,7,40
2022-12-29T08:40:19,40,0,7,40
2022-12-29T08:49:45,40,0,7,40
2022-12-29T08:59:12,40,0,7,40
2022-12-29T09:08:40,40,0,7,40
2022-12-29T09:18:07,40,0,7,40
2022-12-29T09:27:33,40,0,7,40
2022-12-29T09:37:01,40,0,7,40
2022-12-29T09:46:28,40,0,7,40
2022-12-29T09:55:54,40,0,7,40
2022-12-29T10:05:20,40,0,7,40
2022-12-29T10:14:46,40,0,7,40
2022-12-29T10:24:12,40,0,7,40
2022-12-29T10:33:38,40,0,7,40
2022-12-29T10:43:04,40,0,7,40
2022-12-29T10:52:31,40,0,7,40
2022-12-29T11:01:57,40,0,7,40
2022-12-29T11:11:24,40,0,7,40
2022-12-29T11:20:51,40,0,7,40
2022-12-29T11:30:17,40,0,7,40
2022-12-29T11:39:43,40,0,7,40
2022-12-29T11:49:21,40,0,7,40
2022-12-29T11:58:48,40,0,7,40
2022-12-29T12:08:13,40,0,7,40
2022-12-29T12:17:39,40,0,7,40
2022-12-29T12:27:06,40,0,7,40
2022-12-29T12:36:32,40,0,7,40
2022-12-29T12:45:58,40,0,7,40
2022-12-29T12:55:24,40,0,7,40
2022-12-29T13:04:51,40,0,7,40
2022-12-29T13:14:16,40,0,7,40
2022-12-29T13:23:42,40,0,7,40
2022-12-29T13:33:08,40,0,7,40
2022-12-29T13:42:34,40,0,7,40
2022-12-29T13:52:00,40,0,7,40
2022-12-29T14:01:27,40,0,7,40
2022-12-29T14:10:52,40,0,7,40
2022-12-29T14:20:19,40,0,7,40
2022-12-29T14:29:45,40,0,7,40
2022-12-29T14:39:21,40,0,7,40
2022-12-29T14:48:46,40,0,7,40
2022-12-29T14:58:12,40,0,7,40
2022-12-29T15:07:38,40,0,7,40
2022-12-29T15:17:03,40,0,7,40
2022-12-29T15:26:29,40,0,7,40
2022-12-29T15:35:56,40,0,7,40
2022-12-29T15:45:22,40,0,7,40
2022-12-29T15:54:48,40,0,7,40
2022-12-29T16:04:14,40,0,7,40
2022-12-29T16:13:40,40,0,7,40
2022-12-29T16:23:07,40,0,7,40
2022-12-29T16:32:33,40,0,7,40
2022-12-29T16:41:59,40,0,7,40
2022-12-29T16:51:25,40,0,7,40
2022-12-29T17:00:52,40,0,7,40
2022-12-29T17:10:19,40,0,7,40
2022-12-29T17:19:45,40,0,7,40
2022-12-29T17:29:11,40,0,7,40
2022-12-29T17:38:38,40,0,7,40
2022-12-29T17:48:04,40,0,7,40
2022-12-29T17:57:29,40,0,7,40
2022-12-29T18:06:54,40,0,7,40
2022-12-29T18:16:18,40,0,7,40
2022-12-29T18:25:54,40,0,7,40
2022-12-29T18:35:18,40,0,7,40
2022-12-29T18:44:43,40,0,7,40
2022-12-29T18:54:07,40,0,7,40
2022-12-29T19:03:32,40,0,7,40
2022-12-29T19:12:57,40,0,7,40
2022-12-29T19:22:22,40,0,7,40
2022-12-29T19:31:48,40,0,7,40
2022-12-29T19:41:20,40,0,7,40
2022-12-29T19:50:52,40,0,7,40
2022-12-29T20:00:32,40,0,7,40
2022-12-29T20:10:11,40,0,7,40
2022-12-29T20:19:48,40,0,7,40
2022-12-29T20:29:27,40,0,7,40
2022-12-29T20:39:16,40,0,7,40
2022-12-29T20:48:54,40,0,7,40
2022-12-29T20:58:42,40,0,7,40
2022-12-29T21:08:24,40,0,7,40
2022-12-29T21:17:57,40,0,7,40
2022-12-29T21:27:30,40,0,7,40
2022-12-29T21:37:06,40,0,7,40
2022-12-29T21:46:40,40,0,7,40
2022-12-29T21:56:14,40,0,7,40
2022-12-29T22:05:49,40,0,7,40
2022-12-29T22:15:24,40,0,7,40
2022-12-29T22:24:59,40,0,7,40
2022-12-29T22:34:33,40,0,7,40
2022-12-29T22:44:07,40,0,7,40
2022-12-29T22:53:41,40,0,7,40
2022-12-29T23:03:11,40,0,7,40
2022-12-29T23:12:42,40,0,7,40
2022-12-29T23:22:13,40,0,7,40
2022-12-29T23:31:38,40,0,7,40
2022-12-29T23:41:14,40,0,7,40
2022-12-29T23:50:39,40,0,7,40
2022-12-30T00:00:03,40,0,7,40
2022-12-30T00:09:29,40,0,7,40
2022-12-30T00:18:56,40,0,7,40
2022-12-30T00:28:22,40,0,7,40
2022-12-30T00:37:49,40,0,7,40
2022-12-30T00:47:19,40,0,7,40
2022-12-30T00:56:46,40,0,7,40
2022-12-30T01:06:14,40,0,7,40
2022-12-30T01:15:41,40,0,7,40
2022-12-30T01:25:10,40,0,7,40
2022-12-30T01:34:37,40,0,7,40
2022-12-30T01:44:05,40,0,7,40
2022-12-30T01:53:31,40,0,7,40
2022-12-30T02:02:56,40,0,7,40
2022-12-30T02:12:21,40,0,7,40
2022-12-30T02:21:45,40,0,7,40
2022-12-30T02:31:08,40,0,7,40
2022-12-30T02:40:33,40,0,7,40
2022-12-30T02:49:57,40,0,7,40
2022-12-30T02:59:21,40,0,7,40
2022-12-30T03:08:48,40,0,7,40
2022-12-30T03:18:16,40,0,7,40
2022-12-30T03:27:44,40,0,7,40
2022-12-30T03:37:12,40,0,7,40
2022-12-30T03:46:40,40,0,7,40
2022-12-30T03:56:09,40,0,7,40
2022-12-30T04:05:37,40,0,7,40
2022-12-30T04:15:05,40,0,7,40
2022-12-30T04:33:25,40,0,7,40
2022-12-30T04:42:59,40,0,7,40
2022-12-30T04:52:28,40,0,7,40
2022-12-30T05:01:56,40,0,7,40
2022-12-30T05:11:24,40,0,7,40
2022-12-30T05:20:50,40,0,7,40
2022-12-30T05:30:18,40,0,7,40
2022-12-30T05:39:47,40,0,7,40
2022-12-30T05:49:15,40,0,7,40
2022-12-30T05:58:44,40,0,7,40
2022-12-30T06:08:14,40,0,7,40
2022-12-30T06:17:43,40,0,7,40
2022-12-30T06:27:13,40,0,7,40
2022-12-30T06:36:42,40,0,7,40
2022-12-30T06:46:10,40,0,7,40
2022-12-30T06:55:38,40,0,7,40
2022-12-30T07:05:11,40,0,7,40
2022-12-30T07:14:41,40,0,7,40
2022-12-30T07:24:10,40,0,7,40
2022-12-30T07:33:40,40,0,7,40
2022-12-30T07:43:11,40,0,7,40
2022-12-30T07:52:38,40,0,7,40
2022-12-30T08:02:05,40,0,7,40
2022-12-30T08:11:32,40,0,7,40
2022-12-30T08:20:58,40,0,7,40
2022-12-30T08:30:25,40,0,7,40
2022-12-30T08:39:52,40,0,7,40
2022-12-30T08:49:19,40,0,7,40
2022-12-30T08:58:45,40,0,7,40
2022-12-30T09:08:11,40,0,7,40
2022-12-30T09:17:37,40,0,7,40
2022-12-30T09:27:04,40,0,7,40
2022-12-30T09:36:30,40,0,7,40
2022-12-30T09:45:56,40,0,7,40
2022-12-30T09:55:22,40,0,7,40
2022-12-30T10:04:49,40,0,7,40
2022-12-30T10:14:15,40,0,7,40
2022-12-30T10:23:42,40,0,7,40
2022-12-30T10:33:08,40,0,7,40
2022-12-30T10:42:34,40,0,7,40
2022-12-30T10:52:01,40,0,7,40
2022-12-30T11:01:26,40,0,7,40
2022-12-30T11:10:53,40,0,7,40
2022-12-30T11:20:29,40,0,7,40
2022-12-30T11:29:55,40,0,7,40
2022-12-30T11:39:22,40,0,7,40
2022-12-30T11:48:48,40,0,7,40
2022-12-30T11:58:14,40,0,7,40
2022-12-30T12:07:40,40,0,7,40
2022-12-30T12:17:06,40,0,7,40
2022-12-30T12:26:33,40,0,7,40
2022-12-30T12:35:59,40,0,7,40
2022-12-30T12:45:26,40,0,7,40
2022-12-30T12:54:52,40,0,7,40
2022-12-30T13:04:19,40,0,7,40
2022-12-30T13:13:45,40,0,7,40
2022-12-30T13:23:11,40,0,7,40
2022-12-30T13:32:37,40,0,7,40
2022-12-30T13:42:04,40,0,7,40
2022-12-30T13:51:31,40,0,7,40
2022-12-30T14:00:59,40,0,7,40
2022-12-30T14:10:25,40,0,7,40
2022-12-30T14:19:51,40,0,7,40
2022-12-30T14:29:17,40,0,7,40
2022-12-30T14:38:43,40,0,7,40
2022-12-30T14:49:17,40,0,7,40
2022-12-30T14:58:44,40,0,7,40
2022-12-30T15:28:11,40,0,7,40
2022-12-30T15:37:38,40,0,7,40
2022-12-30T15:47:05,40,0,7,40
2022-12-30T15:56:32,40,0,7,40
2022-12-30T16:05:59,40,0,7,40
2022-12-30T16:15:26,40,0,7,40
2022-12-30T16:24:53,40,0,7,40
2022-12-30T16:34:19,40,0,7,40
2022-12-30T16:43:47,40,0,7,40
2022-12-30T16:53:13,40,0,7,40
2022-12-30T17:02:40,40,0,7,40
2022-12-30T17:12:07,40,0,7,40
2022-12-30T17:21:34,40,0,7,40
2022-12-30T17:31:10,40,0,7,40
2022-12-30T17:40:36,40,0,7,40
2022-12-30T17:50:03,40,0,7,40
2022-12-30T17:59:30,40,0,7,40
2022-12-30T18:08:55,40,0,7,40
2022-12-30T18:18:21,40,0,7,40
2022-12-30T18:27:46,40,0,7,40
2022-12-30T18:37:12,40,0,7,40
2022-12-30T18:46:39,40,0,7,40
2022-12-30T18:56:05,40,0,7,40
2022-12-30T19:05:31,40,0,7,40
2022-12-30T19:14:56,40,0,7,40
2022-12-30T19:24:21,40,0,7,40
2022-12-30T19:33:46,40,0,7,40
2022-12-30T19:43:11,40,0,7,40
2022-12-30T19:52:36,40,0,7,40
2022-12-30T20:02:01,40,0,7,40
2022-12-30T20:11:26,40,0,7,40
2022-12-30T20:20:51,40,0,7,40
2022-12-30T20:30:28,40,0,7,40
2022-12-30T20:39:53,40,0,7,40
2022-12-30T20:49:18,40,0,7,40
2022-12-30T20:58:43,40,0,7,40
2022-12-30T21:08:08,40,0,7,40
2022-12-30T21:17:33,40,0,7,40
2022-12-30T21:26:58,40,0,7,40
2022-12-30T21:36:22,40,0,7,40
2022-12-30T21:45:47,40,0,7,40
2022-12-30T21:55:12,40,0,7,40
2022-12-30T22:04:37,40,0,7,40
2022-12-30T22:14:02,40,0,7,40
2022-12-30T22:23:27,40,0,7,40
2022-12-30T22:32:52,40,0,7,40
2022-12-30T22:42:18,40,0,7,40
2022-12-30T22:51:42,40,0,7,40
2022-12-30T23:01:08,40,0,7,40
2022-12-30T23:10:34,40,0,7,40
2022-12-30T23:20:00,40,0,7,40
2022-12-30T23:29:25,40,0,7,40
2022-12-30T23:38:50,40,0,7,40
2022-12-30T23:48:15,40,0,7,40
2022-12-30T23:57:39,40,0,7,40
2022-12-31T00:07:05,40,0,7,40
2022-12-31T00:16:33,40,0,7,40
2022-12-31T00:26:00,40,0,7,40
2022-12-31T00:35:27,40,0,7,40
2022-12-31T00:45:02,40,0,7,40
2022-12-31T00:54:27,40,0,7,40
2022-12-31T01:03:52,40,0,7,40
2022-12-31T01:13:17,40,0,7,40
2022-12-31T01:22:42,40,0,7,40
2022-12-31T01:32:07,40,0,7,40
2022-12-31T01:41:32,40,0,7,40
2022-12-31T01:50:57,40,0,7,40
2022-12-31T02:00:23,40,0,7,40
2022-12-31T02:09:48,40,0,7,40
2022-12-31T02:19:17,40,0,7,40
2022-12-31T02:28:46,40,0,7,40
2022-12-31T02:38:15,40,0,7,40
2022-12-31T02:47:50,40,0,7,40
2022-12-31T02:57:20,40,0,7,40
2022-12-31T03:06:49,40,0,7,40
2022-12-31T03:16:19,40,0,7,40
2022-12-31T03:25:47,40,0,7,40
2022-12-31T03:35:16,40,0,7,40
2022-12-31T03:44:45,40,0,7,40
2022-12-31T03:54:13,40,0,7,40
2022-12-31T04:03:42,40,0,7,40
2022-12-31T04:21:18,40,0,7,40
2022-12-31T04:30:48,40,0,7,40
2022-12-31T04:40:18,40,0,7,40
2022-12-31T04:49:47,40,0,7,40
2022-12-31T04:59:15,40,0,7,40
2022-12-31T05:08:44,40,0,7,40
2022-12-31T05:18:13,40,0,7,40
2022-12-31T05:27:40,40,0,7,40
2022-12-31T05:37:08,40,0,7,40
2022-12-31T05:46:38,40,0,7,40
2022-12-31T05:56:07,40,0,7,40
2022-12-31T06:05:37,40,0,7,40
2022-12-31T06:15:06,40,0,7,40
2022-12-31T06:24:36,40,0,7,40
2022-12-31T06:34:04,40,0,7,40
2022-12-31T06:43:31,40,0,7,40
2022-12-31T06:52:58,40,0,7,40
2022-12-31T07:02:24,40,0,7,40
2022-12-31T07:11:52,40,0,7,40
2022-12-31T07:21:19,40,0,7,40
2022-12-31T07:30:46,40,0,7,40
2022-12-31T07:40:14,40,0,7,40
2022-12-31T07:49:42,40,0,7,40
2022-12-31T07:59:09,40,0,7,40
2022-12-31T08:08:37,40,0,7,40
2022-12-31T08:18:03,40,0,7,40
2022-12-31T08:27:33,40,0,7,40
2022-12-31T08:37:00,40,0,7,40
2022-12-31T08:46:28,40,0,7,40
2022-12-31T08:55:57,40,0,7,40
2022-12-31T09:05:28,40,0,7,40
2022-12-31T09:14:57,40,0,7,40
2022-12-31T09:24:42,40,0,7,40
2022-12-31T09:34:12,40,0,7,40
2022-12-31T09:43:42,40,0,7,40
2022-12-31T09:53:12,40,0,7,40
2022-12-31T10:02:42,40,0,7,40
2022-12-31T10:12:11,40,0,7,40
2022-12-31T10:21:39,40,0,7,40
2022-12-31T10:31:07,40,0,7,40
2022-12-31T10:40:35,40,0,7,40
2022-12-31T10:50:03,40,0,7,40
2022-12-31T10:59:30,40,0,7,40
2022-12-31T11:08:58,40,0,7,40
2022-12-31T11:18:25,40,0,7,40
2022-12-31T11:27:52,40,0,7,40
2022-12-31T11:37:20,40,0,7,40
2022-12-31T11:46:47,40,0,7,40
2022-12-31T11:56:14,40,0,7,40
2022-12-31T12:05:42,40,0,7,40
2022-12-31T12:15:08,40,0,7,40
2022-12-31T12:24:35,40,0,7,40
2022-12-31T12:34:03,40,0,7,40
2022-12-31T12:43:40,40,0,7,40
2022-12-31T12:53:07,40,0,7,40
2022-12-31T13:02:34,40,0,7,40
2022-12-31T13:12:02,40,0,7,40
2022-12-31T13:21:30,40,0,7,40
2022-12-31T13:30:57,40,0,7,40
2022-12-31T13:40:23,40,0,7,40
2022-12-31T13:49:50,40,0,7,40
2022-12-31T13:59:18,40,0,7,40
2022-12-31T14:08:45,40,0,7,40
2022-12-31T14:18:12,40,0,7,40
2022-12-31T14:27:39,40,0,7,40
2022-12-31T14:37:06,40,0,7,40
2022-12-31T14:46:33,40,0,7,40
2022-12-31T14:56:00,40,0,7,40
2022-12-31T15:05:46,40,0,7,40
2022-12-31T15:15:13,40,0,7,40
2022-12-31T15:24:40,40,0,7,40
2022-12-31T15:34:06,40,0,7,40
2022-12-31T15:43:33,40,0,7,40
2022-12-31T15:53:00,40,0,7,40
2022-12-31T16:02:27,40,0,7,40
2022-12-31T16:11:54,40,0,7,40
2022-12-31T16:21:21,40,0,7,40
2022-12-31T16:30:48,40,0,7,40
2022-12-31T16:40:15,40,0,7,40
2022-12-31T16:49:42,40,0,7,40
2022-12-31T16:59:09,40,0,7,40
2022-12-31T17:08:37,40,0,7,40
2022-12-31T17:18:04,40,0,7,40
2022-12-31T17:27:31,40,0,7,40
2022-12-31T17:36:58,40,0,7,40
2022-12-31T17:46:34,40,0,7,40
2022-12-31T17:56:01,40,0,7,40
2022-12-31T18:05:29,40,0,7,40
2022-12-31T18:14:55,40,0,7,40
2022-12-31T18:24:22,40,0,7,40
2022-12-31T18:33:49,40,0,7,40
2022-12-31T18:43:15,40,0,7,40
2022-12-31T18:52:41,40,0,7,40
2022-12-31T19:02:07,40,0,7,40
2022-12-31T19:11:34,40,0,7,40
2022-12-31T19:21:00,40,0,7,40
2022-12-31T19:31:44,40,0,7,40
2022-12-31T19:39:38,40,0,7,40
2022-12-31T19:51:52,40,0,7,40
2022-12-31T20:01:18,40,0,7,40
2022-12-31T20:10:51,40,0,7,40
2022-12-31T20:20:17,40,0,7,40
2022-12-31T20:29:42,40,0,7,40
2022-12-31T20:39:07,40,0,7,40
2022-12-31T20:48:33,40,0,7,40
2022-12-31T20:57:58,40,0,7,40
2022-12-31T21:07:23,40,0,7,40
2022-12-31T21:16:48,40,0,7,40
2022-12-31T21:26:13,40,0,7,40
2022-12-31T21:35:40,40,0,7,40
2022-12-31T21:45:05,40,0,7,40
2022-12-31T21:54:33,40,0,7,40
2022-12-31T22:04:02,40,0,7,40
2022-12-31T22:13:28,40,0,7,40
2022-12-31T22:23:03,40,0,7,40
2022-12-31T22:32:31,40,0,7,40
2022-12-31T22:42:00,40,0,7,40
2022-12-31T22:51:26,40,0,7,40
2022-12-31T23:00:51,40,0,7,40
2022-12-31T23:10:18,40,0,7,40
2022-12-31T23:19:47,40,0,7,40
2022-12-31T23:29:12,40,0,7,40
2022-12-31T23:38:38,40,0,7,40
2022-12-31T23:48:04,40,0,7,40
2022-12-31T23:57:30,40,0,7,40
2023-01-01T00:06:56,40,0,7,40
2023-01-01T00:16:30,40,0,7,40
2023-01-01T00:26:02,40,0,7,40
2023-01-01T00:35:33,40,0,7,40
2023-01-01T00:45:01,40,0,7,40
2023-01-01T00:54:32,40,0,7,40
2023-01-01T01:04:00,40,0,7,40
2023-01-01T01:13:30,40,0,7,40
2023-01-01T01:23:03,40,0,7,40
2023-01-01T01:32:31,40,0,7,40
2023-01-01T01:42:01,40,0,7,40
2023-01-01T01:51:44,40,0,7,40
2023-01-01T02:01:13,40,0,7,40
2023-01-01T02:10:42,40,0,7,40
2023-01-01T02:20:12,40,0,7,40
2023-01-01T02:29:42,40,0,7,40
2023-01-01T02:39:09,40,0,7,40
2023-01-01T02:48:35,40,0,7,40
2023-01-01T02:58:01,40,0,7,40
2023-01-01T03:07:27,40,0,7,40
2023-01-01T03:16:53,40,0,7,40
2023-01-01T03:26:21,40,0,7,40
2023-01-01T03:35:50,40,0,7,40
2023-01-01T03:45:18,40,0,7,40
2023-01-01T03:54:46,40,0,7,40
2023-01-01T04:04:17,40,0,7,40
2023-01-01T04:13:46,40,0,7,40
2023-01-01T04:29:23,40,0,7,40
2023-01-01T04:38:52,40,0,7,40
2023-01-01T04:49:35,40,0,7,40
2023-01-01T04:59:19,40,0,7,40
2023-01-01T05:08:45,40,0,7,40
2023-01-01T05:18:11,40,0,7,40
2023-01-01T05:27:36,40,0,7,40
2023-01-01T05:37:01,40,0,7,40
2023-01-01T05:46:26,40,0,7,40
2023-01-01T05:55:54,40,0,7,40
2023-01-01T06:05:22,40,0,7,40
2023-01-01T06:14:52,40,0,7,40
2023-01-01T06:24:22,40,0,7,40
2023-01-01T06:33:52,40,0,7,40
2023-01-01T06:43:23,40,0,7,40
2023-01-01T06:52:51,40,0,7,40
2023-01-01T07:02:21,40,0,7,40
2023-01-01T07:11:49,40,0,7,40
2023-01-01T07:21:16,40,0,7,40
2023-01-01T07:30:45,40,0,7,40
2023-01-01T07:40:16,40,0,7,40
2023-01-01T07:49:46,40,0,7,40
2023-01-01T07:59:16,40,0,7,40
2023-01-01T08:08:44,40,0,7,40
2023-01-01T08:18:12,40,0,7,40
2023-01-01T08:27:43,40,0,7,40
2023-01-01T08:37:12,40,0,7,40
2023-01-01T08:46:39,40,0,7,40
2023-01-01T08:56:06,40,0,7,40
2023-01-01T09:05:33,40,0,7,40
2023-01-01T09:15:00,40,0,7,40
2023-01-01T09:24:28,40,0,7,40
2023-01-01T09:33:55,40,0,7,40
2023-01-01T09:43:22,40,0,7,40
2023-01-01T09:52:49,40,0,7,40
2023-01-01T10:02:17,40,0,7,40
2023-01-01T10:11:43,40,0,7,40
2023-01-01T10:21:11,40,0,7,40
2023-01-01T10:30:38,40,0,7,40
2023-01-01T10:40:06,40,0,7,40
2023-01-01T10:49:33,40,0,7,40
2023-01-01T10:59:00,40,0,7,40
2023-01-01T11:08:26,40,0,7,40
2023-01-01T11:17:56,40,0,7,40
2023-01-01T11:27:24,40,0,7,40
2023-01-01T11:36:52,40,0,7,40
2023-01-01T11:46:20,40,0,7,40
2023-01-01T11:55:47,40,0,7,40
2023-01-01T12:05:31,40,0,7,40
2023-01-01T12:14:58,40,0,7,40
2023-01-01T12:24:26,40,0,7,40
2023-01-01T12:33:54,40,0,7,40
2023-01-01T12:43:23,40,0,7,40
2023-01-01T12:52:54,40,0,7,40
2023-01-01T13:02:22,40,0,7,40
2023-01-01T13:11:50,40,0,7,40
2023-01-01T13:21:18,40,0,7,40
2023-01-01T13:30:47,40,0,7,40
2023-01-01T13:40:16,40,0,7,40
2023-01-01T13:49:45,40,0,7,40
2023-01-01T13:59:14,40,0,7,40
2023-01-01T14:08:43,40,0,7,40
2023-01-01T14:18:12,40,0,7,40
2023-01-01T14:27:40,40,0,7,40
2023-01-01T14:37:09,40,0,7,40
2023-01-01T14:46:38,40,0,7,40
2023-01-01T14:56:06,40,0,7,40
2023-01-01T15:05:33,40,0,7,40
2023-01-01T15:15:01,40,0,7,40
2023-01-01T15:24:29,40,0,7,40
2023-01-01T15:33:57,40,0,7,40
2023-01-01T15:43:36,40,0,7,40
2023-01-01T15:53:03,40,0,7,40
2023-01-01T16:02:30,40,0,7,40
2023-01-01T16:12:00,40,0,7,40
2023-01-01T16:21:28,40,0,7,40
2023-01-01T16:30:55,40,0,7,40
2023-01-01T16:40:23,40,0,7,40
2023-01-01T16:49:51,40,0,7,40
2023-01-01T16:59:18,40,0,7,40
2023-01-01T17:08:47,40,0,7,40
2023-01-01T17:18:14,40,0,7,40
2023-01-01T17:27:41,40,0,7,40
2023-01-01T17:37:10,40,0,7,40
2023-01-01T17:46:38,40,0,7,40
2023-01-01T17:56:06,40,0,7,40
2023-01-01T18:05:34,40,0,7,40
2023-01-01T18:15:01,40,0,7,40
2023-01-01T18:24:28,40,0,7,40
2023-01-01T18:33:55,40,0,7,40
2023-01-01T18:43:23,40,0,7,40
2023-01-01T18:52:51,40,0,7,40
2023-01-01T19:02:20,40,0,7,40
2023-01-01T19:11:50,40,0,7,40
2023-01-01T19:21:27,40,0,7,40
2023-01-01T19:30:54,40,0,7,40
2023-01-01T19:40:22,40,0,7,40
2023-01-01T19:49:49,40,0,7,40
2023-01-01T19:59:16,40,0,7,40
2023-01-01T20:08:43,40,0,7,40
2023-01-01T20:18:11,40,0,7,40
2023-01-01T20:27:39,40,0,7,40
2023-01-01T20:37:06,40,0,7,40
2023-01-01T20:46:33,40,0,7,40
2023-01-01T20:56:00,40,0,7,40
2023-01-01T21:05:27,40,0,7,40
2023-01-01T21:14:54,40,0,7,40
2023-01-01T21:24:22,40,0,7,40
2023-01-01T21:34:07,40,0,7,40
2023-01-01T21:43:35,40,0,7,40
2023-01-01T21:53:01,40,0,7,40
2023-01-01T22:02:28,40,0,7,40
2023-01-01T22:11:56,40,0,7,40
2023-01-01T22:21:24,40,0,7,40
2023-01-01T22:30:52,40,0,7,40
2023-01-01T22:40:19,40,0,7,40
2023-01-01T22:49:46,40,0,7,40
2023-01-01T22:59:14,40,0,7,40
2023-01-01T23:08:42,40,0,7,40
2023-01-01T23:18:08,40,0,7,40
2023-01-01T23:27:35,40,0,7,40
2023-01-01T23:37:01,40,0,7,40
2023-01-01T23:46:28,40,0,7,40
2023-01-01T23:55:53,40,0,7,40
2023-01-02T00:05:20,40,0,7,40
2023-01-02T00:14:52,40,0,7,40
2023-01-02T00:24:33,40,0,7,40
2023-01-02T00:34:05,40,0,7,40
2023-01-02T00:43:37,40,0,7,40
2023-01-02T00:53:09,40,0,7,40
2023-01-02T01:02:36,40,0,7,40
2023-01-02T01:12:01,40,0,7,40
2023-01-02T01:21:26,40,0,7,40
2023-01-02T01:30:51,40,0,7,40
2023-01-02T01:40:17,40,0,7,40
2023-01-02T01:49:59,40,0,7,40
2023-01-02T01:59:31,40,0,7,40
2023-01-02T02:09:03,40,0,7,40
2023-01-02T02:18:32,40,0,7,40
2023-01-02T02:28:02,40,0,7,40
2023-01-02T02:37:30,40,0,7,40
2023-01-02T02:46:58,40,0,7,40
2023-01-02T02:56:24,40,0,7,40
2023-01-02T03:05:50,40,0,7,40
2023-01-02T03:15:17,40,0,7,40
2023-01-02T03:24:44,40,0,7,40
2023-01-02T03:34:12,40,0,7,40
2023-01-02T03:43:40,40,0,7,40
2023-01-02T03:53:09,40,0,7,40
2023-01-02T04:02:37,40,0,7,40
2023-01-02T04:19:21,40,0,7,40
2023-01-02T04:28:51,40,0,7,40
2023-01-02T04:39:54,40,0,7,40
2023-01-02T04:49:31,40,0,7,40
2023-01-02T04:58:57,40,0,7,40
2023-01-02T05:08:23,40,0,7,40
2023-01-02T05:17:49,40,0,7,40
2023-01-02T05:27:14,40,0,7,40
2023-01-02T05:36:39,40,0,7,40
2023-01-02T05:46:04,40,0,7,40
2023-01-02T05:55:34,40,0,7,40
2023-01-02T06:05:04,40,0,7,40
2023-01-02T06:14:33,40,0,7,40
2023-01-02T06:24:03,40,0,7,40
2023-01-02T06:33:31,40,0,7,40
2023-01-02T06:42:59,40,0,7,40
2023-01-02T06:52:26,40,0,7,40
2023-01-02T07:01:53,40,0,7,40
2023-01-02T07:11:21,40,0,7,40
2023-01-02T07:20:49,40,0,7,40
2023-01-02T07:30:18,40,0,7,40
2023-01-02T07:39:47,40,0,7,40
2023-01-02T07:49:15,40,0,7,40
2023-01-02T07:58:43,40,0,7,40
2023-01-02T08:08:11,40,0,7,40
2023-01-02T08:17:39,40,0,7,40
2023-01-02T08:27:07,40,0,7,40
2023-01-02T08:36:35,40,0,7,40
2023-01-02T08:46:06,40,0,7,40
2023-01-02T08:55:34,40,0,7,40
2023-01-02T09:05:01,40,0,7,40
2023-01-02T09:14:28,40,0,7,40
2023-01-02T09:23:56,40,0,7,40
2023-01-02T09:33:23,40,0,7,40
2023-01-02T09:42:50,40,0,7,40
2023-01-02T09:52:19,40,0,7,40
2023-01-02T10:01:47,40,0,7,40
2023-01-02T10:11:22,40,0,7,40
2023-01-02T10:20:50,40,0,7,40
2023-01-02T10:30:17,40,0,7,40
2023-01-02T10:39:45,40,0,7,40
2023-01-02T10:49:12,40,0,7,40
2023-01-02T10:58:40,40,0,7,40
2023-01-02T11:08:07,40,0,7,40
2023-01-02T11:17:35,40,0,7,40
2023-01-02T11:27:06,40,0,7,40
2023-01-02T11:36:33,40,0,7,40
2023-01-02T11:46:03,40,0,7,40
2023-01-02T11:55:31,40,0,7,40
2023-01-02T12:05:02,40,0,7,40
2023-01-02T12:14:32,40,0,7,40
2023-01-02T12:24:10,40,0,7,40
2023-01-02T12:33:43,40,0,7,40
2023-01-02T12:43:14,40,0,7,40
2023-01-02T12:52:42,40,0,7,40
2023-01-02T13:02:11,40,0,7,40
2023-01-02T13:11:38,40,0,7,40
2023-01-02T13:21:06,40,0,7,40
2023-01-02T13:30:33,40,0,7,40
2023-01-02T13:40:08,40,0,7,40
2023-01-02T13:49:37,40,0,7,40
2023-01-02T13:59:07,40,0,7,40
2023-01-02T14:08:39,40,0,7,40
2023-01-02T14:18:12,40,0,7,40
2023-01-02T14:27:58,40,0,7,40
2023-01-02T14:37:26,40,0,7,40
2023-01-02T14:46:53,40,0,7,40
2023-01-02T14:56:20,40,0,7,40
2023-01-02T15:05:48,40,0,7,40
2023-01-02T15:15:16,40,0,7,40
2023-01-02T15:24:51,40,0,7,40
2023-01-02T15:34:19,40,0,7,40
2023-01-02T15:43:47,40,0,7,40
2023-01-02T15:53:15,40,0,7,40
2023-01-02T16:02:52,40,0,7,40
2023-01-02T16:12:20,40,0,7,40
2023-01-02T16:21:47,39,1,7,40
2023-01-02T16:31:15,39,1,7,40
2023-01-02T16:40:42,39,1,7,40
2023-01-02T16:50:10,39,1,7,40
2023-01-02T16:59:37,39,1,7,40
2023-01-02T17:09:04,39,1,7,40
2023-01-02T17:18:37,39,1,7,40
2023-01-02T17:28:04,39,1,7,40
2023-01-02T17:37:34,39,1,7,40
2023-01-02T17:47:02,39,1,7,40
2023-01-02T17:56:29,39,1,7,40
2023-01-02T18:05:56,39,1,7,40
2023-01-02T18:15:24,39,1,7,40
2023-01-02T18:25:02,39,1,7,40
2023-01-02T18:34:30,39,1,7,40
2023-01-02T18:43:57,39,1,7,40
2023-01-02T18:53:25,39,1,7,40
2023-01-02T19:02:53,39,1,7,40
2023-01-02T19:12:21,39,1,7,40
2023-01-02T19:21:48,39,1,7,40
2023-01-02T19:31:14,39,1,7,40
2023-01-02T19:40:40,39,1,7,40
2023-01-02T19:50:05,39,1,7,40
2023-01-02T19:59:31,39,1,7,40
2023-01-02T20:08:57,39,1,7,40
2023-01-02T20:18:26,39,1,7,40
2023-01-02T20:27:56,39,1,7,40
2023-01-02T20:37:32,39,1,7,40
2023-01-02T20:46:57,39,1,7,40
2023-01-02T20:56:22,39,1,7,40
2023-01-02T21:05:49,39,1,7,40
2023-01-02T21:15:14,39,1,7,40
2023-01-02T21:24:40,39,1,7,40
2023-01-02T21:34:06,39,1,7,40
2023-01-02T21:43:31,39,1,7,40
2023-01-02T21:52:57,39,1,7,40
2023-01-02T22:02:22,39,1,7,40
2023-01-02T22:11:49,39,1,7,40
2023-01-02T22:21:16,39,1,7,40
2023-01-02T22:30:42,40,0,6,40
2023-01-02T22:40:08,40,0,6,40
2023-01-02T22:49:33,40,0,6,40
2023-01-02T22:58:58,40,0,6,40
2023-01-02T23:08:37,40,0,6,40
2023-01-02T23:18:04,40,0,6,40
2023-01-02T23:27:31,40,0,6,40
2023-01-02T23:36:57,40,0,6,40
2023-01-02T23:46:24,40,0,6,40
2023-01-02T23:55:50,40,0,6,40
2023-01-03T00:05:18,40,0,6,40
2023-01-03T00:14:46,40,0,6,40
2023-01-03T00:24:16,40,0,6,40
2023-01-03T00:33:44,40,0,6,40
2023-01-03T00:43:12,40,0,6,40
2023-01-03T00:52:40,40,0,6,40
2023-01-03T01:02:07,40,0,6,40
2023-01-03T01:11:35,40,0,6,40
2023-01-03T01:21:02,40,0,6,40
2023-01-03T01:30:31,40,0,6,40
2023-01-03T01:40:07,40,0,6,40
2023-01-03T01:49:33,40,0,6,40
2023-01-03T01:59:01,40,0,6,40
2023-01-03T02:08:29,40,0,6,40
2023-01-03T02:17:57,40,0,6,40
2023-01-03T02:27:24,40,0,6,40
2023-01-03T02:36:51,40,0,6,40
2023-01-03T02:46:18,40,0,6,40
2023-01-03T02:55:45,40,0,6,40
2023-01-03T03:05:11,40,0,6,40
2023-01-03T03:14:38,40,0,6,40
2023-01-03T03:24:06,40,0,6,40
2023-01-03T03:33:33,40,0,6,40
2023-01-03T03:43:03,40,0,6,40
2023-01-03T03:52:30,40,0,6,40
2023-01-03T04:01:58,40,0,6,40
2023-01-03T04:24:23,40,0,6,40
2023-01-03T04:34:09,40,0,6,40
2023-01-03T04:43:42,40,0,6,40
2023-01-03T04:53:11,40,0,6,40
2023-01-03T05:02:39,40,0,6,40
2023-01-03T05:12:06,40,0,6,40
2023-01-03T05:21:32,40,0,6,40
2023-01-03T05:30:58,40,0,6,40
2023-01-03T05:40:25,40,0,6,40
2023-01-03T05:49:52,40,0,6,40
2023-01-03T05:59:22,40,0,6,40
2023-01-03T06:08:52,40,0,6,40
2023-01-03T06:18:27,40,0,6,40
2023-01-03T06:28:05,40,0,6,40
2023-01-03T06:37:38,40,0,6,40
2023-01-03T06:47:14,40,0,6,40
2023-01-03T06:56:44,40,0,6,40
2023-01-03T07:06:12,40,0,6,40
2023-01-03T07:15:40,40,0,6,40
2023-01-03T07:25:09,40,0,6,40
2023-01-03T07:34:38,40,0,6,40
2023-01-03T07:44:07,40,0,6,40
2023-01-03T07:53:35,40,0,6,40
2023-01-03T08:03:04,40,0,6,40
2023-01-03T08:12:54,40,0,6,40
2023-01-03T08:22:24,40,0,6,40
2023-01-03T08:31:54,40,0,6,40
2023-01-03T08:41:26,40,0,6,40
2023-01-03T08:50:55,40,0,6,40
2023-01-03T09:00:25,40,0,6,40
2023-01-03T09:09:56,40,0,6,40
2023-01-03T09:19:26,40,0,6,40
2023-01-03T09:29:07,40,0,6,40
2023-01-03T09:38:37,40,0,6,40
2023-01-03T09:48:07,40,0,6,40
2023-01-03T09:57:40,40,0,6,40
2023-01-03T10:07:17,40,0,6,40
2023-01-03T10:16:54,40,0,6,40
2023-01-03T10:26:32,40,0,6,40
2023-01-03T10:36:13,40,0,6,40
2023-01-03T10:45:50,40,0,6,40
2023-01-03T10:55:27,40,0,6,40
2023-01-03T11:05:03,40,0,6,40
2023-01-03T11:14:41,40,0,6,40
2023-01-03T11:24:32,40,0,6,40
2023-01-03T11:34:11,40,0,6,40
2023-01-03T11:43:44,40,0,6,40
2023-01-03T11:53:17,40,0,6,40
2023-01-03T12:02:47,40,0,6,40
2023-01-03T12:12:16,40,0,6,40
2023-01-03T12:21:45,40,0,6,40
2023-01-03T12:31:14,40,0,6,40
2023-01-03T12:40:55,40,0,6,40
2023-01-03T12:50:24,40,0,6,40
2023-01-03T12:59:53,40,0,6,40
2023-01-03T13:09:22,40,0,6,40
2023-01-03T13:18:52,40,0,6,40
2023-01-03T13:28:25,40,0,6,40
2023-01-03T13:37:58,40,0,6,40
2023-01-03T13:47:27,40,0,6,40
2023-01-03T13:57:01,40,0,6,40
2023-01-03T14:06:33,40,0,6,40
2023-01-03T14:16:14,40,0,6,40
2023-01-03T14:25:44,40,0,6,40
2023-01-03T14:35:14,40,0,6,40
2023-01-03T14:44:44,40,0,6,40
2023-01-03T14:54:13,40,0,6,40
2023-01-03T15:03:44,40,0,6,40
2023-01-03T15:13:15,40,0,6,40
2023-01-03T15:22:50,40,0,6,40
2023-01-03T15:32:20,40,0,6,40
2023-01-03T15:41:49,40,0,6,40
2023-01-03T15:51:29,40,0,6,40
2023-01-03T16:00:58,40,0,6,40
2023-01-03T16:10:27,40,0,6,40
2023-01-03T16:19:57,40,0,6,40
2023-01-03T16:29:27,40,0,6,40
2023-01-03T16:38:56,40,0,6,40
2023-01-03T16:48:25,40,0,6,40
2023-01-03T16:57:54,40,0,6,40
2023-01-03T17:07:23,40,0,6,40
2023-01-03T17:16:53,40,0,6,40
2023-01-03T17:26:32,40,0,6,40
2023-01-03T17:36:00,40,0,6,40
2023-01-03T17:45:29,40,0,6,40
2023-01-03T17:54:57,40,0,6,40
2023-01-03T18:04:25,40,0,6,40
2023-01-03T18:13:54,40,0,6,40
2023-01-03T18:23:23,40,0,6,40
2023-01-03T18:32:52,40,0,6,40
2023-01-03T18:42:20,40,0,6,40
2023-01-03T18:51:48,40,0,6,40
2023-01-03T19:01:16,40,0,6,40
2023-01-03T19:10:55,40,0,6,40
2023-01-03T19:20:23,40,0,6,40
2023-01-03T19:29:51,40,0,6,40
2023-01-03T19:39:19,40,0,6,40
2023-01-03T19:48:49,40,0,6,40
2023-01-03T19:58:19,40,0,6,40
2023-01-03T20:07:47,40,0,6,40
2023-01-03T20:17:16,40,0,6,40
2023-01-03T20:26:45,40,0,6,40
2023-01-03T20:36:13,40,0,6,40
2023-01-03T20:45:41,40,0,6,40
2023-01-03T20:55:08,40,0,6,40
2023-01-03T21:04:36,40,0,6,40
2023-01-03T21:14:04,40,0,6,40
2023-01-03T21:23:44,40,0,6,40
2023-01-03T21:33:12,40,0,6,40
2023-01-03T21:42:37,40,0,6,40
2023-01-03T21:52:02,40,0,6,40
2023-01-03T22:01:26,40,0,6,40
2023-01-03T22:10:53,40,0,6,40
2023-01-03T22:20:18,40,0,6,40
2023-01-03T22:29:51,40,0,6,40
2023-01-03T22:39:18,40,0,6,40
2023-01-03T22:48:43,40,0,6,40
2023-01-03T22:58:09,40,0,6,40
2023-01-03T23:07:42,40,0,6,40
2023-01-03T23:17:12,40,0,6,40
2023-01-03T23:26:40,40,0,6,40
2023-01-03T23:36:07,40,0,6,40
2023-01-03T23:45:44,40,0,6,40
2023-01-03T23:55:10,40,0,6,40
2023-01-04T00:04:37,40,0,6,40
2023-01-04T00:14:07,40,0,6,40
2023-01-04T00:23:36,40,0,6,40
2023-01-04T00:33:06,40,0,6,40
2023-01-04T00:42:36,40,0,6,40
2023-01-04T00:52:05,40,0,6,40
2023-01-04T01:01:36,40,0,6,40
2023-01-04T01:11:12,40,0,6,40
2023-01-04T01:20:43,40,0,6,40
2023-01-04T01:30:12,40,0,6,40
2023-01-04T01:39:40,40,0,6,40
2023-01-04T01:49:09,40,0,6,40
2023-01-04T01:58:37,40,0,6,40
2023-01-04T02:08:04,40,0,6,40
2023-01-04T02:17:33,40,0,6,40
2023-01-04T02:27:03,40,0,6,40
2023-01-04T02:36:31,40,0,6,40
2023-01-04T02:45:59,40,0,6,40
2023-01-04T02:55:27,40,0,6,40
2023-01-04T03:04:55,40,0,6,40
2023-01-04T03:14:22,40,0,6,40
2023-01-04T03:23:52,40,0,6,40
2023-01-04T03:33:19,40,0,6,40
2023-01-04T03:42:48,40,0,6,40
2023-01-04T03:52:17,40,0,6,40
2023-01-04T04:01:50,40,0,6,40
2023-01-04T04:23:23,40,0,6,40
2023-01-04T04:32:54,40,0,6,40
2023-01-04T04:42:25,40,0,6,40
2023-01-04T04:53:02,40,0,6,40
2023-01-04T05:02:46,40,0,6,40
2023-01-04T05:12:14,40,0,6,40
2023-01-04T05:21:42,40,0,6,40
2023-01-04T05:31:12,40,0,6,40
2023-01-04T05:40:41,40,0,6,40
2023-01-04T05:50:10,40,0,6,40
2023-01-04T05:59:43,40,0,6,40
2023-01-04T06:09:14,40,0,6,40
2023-01-04T06:18:44,40,0,6,40
2023-01-04T06:28:13,40,0,6,40
2023-01-04T06:37:45,40,0,6,40
2023-01-04T06:47:17,40,0,6,40
2023-01-04T06:56:49,40,0,6,40
2023-01-04T07:06:20,40,0,6,40
2023-01-04T07:15:51,40,0,6,40
2023-01-04T07:25:22,40,0,6,40
2023-01-04T07:34:52,40,0,6,40
2023-01-04T07:44:22,40,0,6,40
2023-01-04T07:53:50,40,0,6,40
2023-01-04T08:03:19,40,0,6,40
2023-01-04T08:12:52,40,0,6,40
2023-01-04T08:22:21,40,0,6,40
2023-01-04T08:31:51,40,0,6,40
2023-01-04T08:41:21,40,0,6,40
2023-01-04T08:50:52,40,0,6,40
2023-01-04T09:00:23,40,0,6,40
2023-01-04T09:09:52,40,0,6,40
2023-01-04T09:19:22,40,0,6,40
2023-01-04T09:28:51,40,0,6,40
2023-01-04T09:38:21,40,0,6,40
2023-01-04T09:48:00,40,0,6,40
2023-01-04T09:57:31,40,0,6,40
2023-01-04T10:07:02,40,0,6,40
2023-01-04T10:16:32,40,0,6,40
2023-01-04T10:26:02,40,0,6,40
2023-01-04T10:35:34,40,0,6,40
2023-01-04T10:45:06,40,0,6,40
2023-01-04T10:54:38,40,0,6,40
2023-01-04T11:04:09,40,0,6,40
2023-01-04T11:13:40,40,0,6,40
2023-01-04T11:23:32,40,0,6,40
2023-01-04T11:33:05,40,0,6,40
2023-01-04T11:42:40,40,0,6,40
2023-01-04T11:52:13,40,0,6,40
2023-01-04T12:01:50,40,0,6,40
2023-01-04T12:11:27,40,0,6,40
2023-01-04T12:20:57,40,0,6,40
2023-01-04T12:30:28,40,0,6,40
2023-01-04T12:40:03,40,0,6,40
2023-01-04T12:49:49,40,0,6,40
2023-01-04T12:59:21,40,0,6,40
2023-01-04T13:08:52,40,0,6,40
2023-01-04T13:18:24,40,0,6,40
2023-01-04T13:27:54,40,0,6,40
2023-01-04T13:37:25,40,0,6,40
2023-01-04T13:46:58,40,0,6,40
2023-01-04T13:56:39,40,0,6,40
2023-01-04T14:06:10,40,0,6,40
2023-01-04T14:15:41,40,0,6,40
2023-01-04T14:25:13,40,0,6,40
2023-01-04T14:34:50,40,0,6,40
2023-01-04T14:44:21,40,0,6,40
2023-01-04T14:54:05,40,0,6,40
2023-01-04T15:03:37,40,0,6,40
2023-01-04T15:13:08,40,0,6,40
2023-01-04T15:22:41,40,0,6,40
2023-01-04T15:32:12,40,0,6,40
2023-01-04T15:41:43,40,0,6,40
2023-01-04T15:51:15,40,0,6,40
2023-01-04T16:00:46,40,0,6,40
2023-01-04T16:10:29,40,0,6,40
2023-01-04T16:20:00,40,0,6,40
2023-01-04T16:29:30,40,0,6,40
2023-01-04T16:39:00,40,0,6,40
2023-01-04T16:48:29,40,0,6,40
2023-01-04T16:57:58,40,0,6,40
2023-01-04T17:07:28,40,0,6,40
2023-01-04T17:17:07,40,0,6,40
2023-01-04T17:26:36,40,0,6,40
2023-01-04T17:36:05,40,0,6,40
2023-01-04T17:45:34,40,0,6,40
2023-01-04T17:55:01,40,0,6,40
2023-01-04T18:04:30,40,0,6,40
2023-01-04T18:13:59,40,0,6,40
2023-01-04T18:23:27,40,0,6,40
2023-01-04T18:32:57,40,0,6,40
2023-01-04T18:42:25,40,0,6,40
2023-01-04T18:51:53,40,0,6,40
2023-01-04T19:01:22,40,0,6,40
2023-01-04T19:10:51,40,0,6,40
2023-01-04T19:20:30,40,0,6,40
2023-01-04T19:29:58,40,0,6,40
2023-01-04T19:39:26,40,0,6,40
2023-01-04T19:48:54,40,0,6,40
2023-01-04T19:58:23,40,0,6,40
2023-01-04T20:07:51,40,0,6,40
2023-01-04T20:17:18,40,0,6,40
2023-01-04T20:26:47,40,0,6,40
2023-01-04T20:36:15,40,0,6,40
2023-01-04T20:45:42,40,0,6,40
2023-01-04T20:55:09,40,0,6,40
2023-01-04T21:04:52,40,0,6,40
2023-01-04T21:14:18,40,0,6,40
2023-01-04T21:23:44,40,0,6,40
2023-01-04T21:33:10,40,0,6,40
2023-01-04T21:42:36,40,0,6,40
2023-01-04T21:52:02,40,0,6,40
2023-01-04T22:01:28,40,0,6,40
2023-01-04T22:10:56,40,0,6,40
2023-01-04T22:20:23,40,0,6,40
2023-01-04T22:29:49,40,0,6,40
2023-01-04T22:39:15,40,0,6,40
2023-01-04T22:48:41,40,0,6,40
2023-01-04T22:58:16,40,0,6,40
2023-01-04T23:07:42,40,0,6,40
2023-01-04T23:17:08,40,0,6,40
2023-01-04T23:26:34,40,0,6,40
2023-01-04T23:36:00,40,0,6,40
2023-01-04T23:45:26,40,0,6,40
2023-01-04T23:54:51,40,0,6,40
2023-01-05T00:04:19,40,0,6,40
2023-01-05T00:13:47,40,0,6,40
2023-01-05T00:23:16,40,0,6,40
2023-01-05T00:32:46,40,0,6,40
2023-01-05T00:42:16,40,0,6,40
2023-01-05T00:51:45,40,0,6,40
2023-01-05T01:01:14,40,0,6,40
2023-01-05T01:10:43,40,0,6,40
2023-01-05T01:20:12,40,0,6,40
2023-01-05T01:29:38,40,0,6,40
2023-01-05T01:39:07,40,0,6,40
2023-01-05T01:48:35,40,0,6,40
2023-01-05T01:58:04,40,0,6,40
2023-01-05T02:07:32,40,0,6,40
2023-01-05T02:16:58,40,0,6,40
2023-01-05T02:26:24,40,0,6,40
2023-01-05T02:35:49,40,0,6,40
2023-01-05T02:45:14,40,0,6,40
2023-01-05T02:54:39,40,0,6,40
2023-01-05T03:04:26,40,0,6,40
2023-01-05T03:13:52,40,0,6,40
2023-01-05T03:23:17,40,0,6,40
2023-01-05T03:32:42,40,0,6,40
2023-01-05T03:42:09,40,0,6,40
2023-01-05T03:51:37,40,0,6,40
2023-01-05T04:01:05,40,0,6,40
2023-01-05T04:10:33,40,0,6,40
2023-01-05T04:29:22,40,0,6,40
2023-01-05T04:38:52,40,0,6,40
2023-01-05T04:48:21,40,0,6,40
2023-01-05T04:57:48,40,0,6,40
2023-01-05T05:07:14,40,0,6,40
2023-01-05T05:16:40,40,0,6,40
2023-01-05T05:26:05,40,0,6,40
2023-01-05T05:35:30,40,0,6,40
2023-01-05T05:44:56,40,0,6,40
2023-01-05T05:54:23,40,0,6,40
2023-01-05T06:03:59,40,0,6,40
2023-01-05T06:13:35,40,0,6,40
2023-01-05T06:23:06,40,0,6,40
2023-01-05T06:32:38,40,0,6,40
2023-01-05T06:42:10,40,0,6,40
2023-01-05T06:51:42,40,0,6,40
2023-01-05T07:01:13,40,0,6,40
2023-01-05T07:10:49,40,0,6,40
2023-01-05T07:20:19,40,0,6,40
2023-01-05T07:29:48,40,0,6,40
2023-01-05T07:39:20,40,0,6,40
2023-01-05T07:48:52,40,0,6,40
2023-01-05T07:58:23,40,0,6,40
2023-01-05T08:07:54,40,0,6,40
2023-01-05T08:17:25,40,0,6,40
2023-01-05T08:26:56,40,0,6,40
2023-01-05T08:36:26,40,0,6,40
2023-01-05T08:45:56,40,0,6,40
2023-01-05T08:55:25,40,0,6,40
2023-01-05T09:04:54,40,0,6,40
2023-01-05T09:14:27,40,0,6,40
2023-01-05T09:23:58,40,0,6,40
2023-01-05T09:33:28,40,0,6,40
2023-01-05T09:42:57,40,0,6,40
2023-01-05T09:52:35,40,0,6,40
2023-01-05T10:02:05,40,0,6,40
2023-01-05T10:11:43,40,0,6,40
2023-01-05T10:21:13,40,0,6,40
2023-01-05T10:30:44,40,0,6,40
2023-01-05T10:40:13,40,0,6,40
2023-01-05T10:49:46,40,0,6,40
2023-01-05T10:59:15,40,0,6,40
2023-01-05T11:08:45,40,0,6,40
2023-01-05T11:18:17,40,0,6,40
2023-01-05T11:27:47,40,0,6,40
2023-01-05T11:37:17,40,0,6,40
2023-01-05T11:46:59,40,0,6,40
2023-01-05T11:56:28,40,0,6,40
2023-01-05T12:05:58,40,0,6,40
2023-01-05T12:15:29,40,0,6,40
2023-01-05T12:25:00,40,0,6,40
2023-01-05T12:34:29,40,0,6,40
2023-01-05T12:43:59,40,0,6,40
2023-01-05T12:53:28,40,0,6,40
2023-01-05T13:02:59,40,0,6,40
2023-01-05T13:12:31,40,0,6,40
2023-01-05T13:22:14,40,0,6,40
2023-01-05T13:31:51,40,0,6,40
2023-01-05T13:41:22,40,0,6,40
2023-01-05T13:50:54,40,0,6,40
2023-01-05T14:00:27,40,0,6,40
2023-01-05T14:09:57,40,0,6,40
2023-01-05T14:19:28,40,0,6,40
2023-01-05T14:28:57,40,0,6,40
2023-01-05T14:38:38,40,0,6,40
2023-01-05T14:48:08,40,0,6,40
2023-01-05T14:57:39,40,0,6,40
2023-01-05T15:07:10,40,0,6,40
2023-01-05T15:16:41,40,0,6,40
2023-01-05T15:26:11,40,0,6,40
2023-01-05T15:35:41,40,0,6,40
2023-01-05T15:45:11,40,0,6,40
2023-01-05T15:54:54,39,1,6,40
2023-01-05T16:04:24,39,1,6,40
2023-01-05T16:13:54,39,1,6,40
2023-01-05T16:23:24,39,1,6,40
2023-01-05T16:32:54,39,1,6,40
2023-01-05T16:42:24,39,1,6,40
2023-01-05T16:51:53,39,1,6,40
2023-01-05T17:01:25,39,1,6,40
2023-01-05T17:10:55,39,1,6,40
2023-01-05T17:20:24,39,1,6,40
2023-01-05T17:30:03,39,1,6,40
2023-01-05T17:39:32,39,1,6,40
2023-01-05T17:49:00,39,1,6,40
2023-01-05T17:58:29,39,1,6,40
2023-01-05T18:07:58,39,1,6,40
2023-01-05T18:17:26,39,1,6,40
2023-01-05T18:26:55,39,1,6,40
2023-01-05T18:36:23,39,1,6,40
2023-01-05T18:45:51,39,1,6,40
2023-01-05T18:55:20,39,1,6,40
2023-01-05T19:04:58,39,1,6,40
2023-01-05T19:14:27,39,1,6,40
2023-01-05T19:23:56,39,1,6,40
2023-01-05T19:33:25,39,1,6,40
2023-01-05T19:42:52,39,1,6,40
2023-01-05T19:52:20,39,1,6,40
2023-01-05T20:01:47,39,1,6,40
2023-01-05T20:11:14,39,1,6,40
2023-01-05T20:20:41,39,1,6,40
2023-01-05T20:30:08,39,1,6,40
2023-01-05T20:39:45,39,1,6,40
2023-01-05T20:49:11,39,1,6,40
2023-01-05T20:58:38,39,1,6,40
2023-01-05T21:08:06,39,1,6,40
2023-01-05T21:17:33,39,1,6,40
2023-01-05T21:27:00,39,1,6,40
2023-01-05T21:36:27,39,1,6,40
2023-01-05T21:45:54,39,1,6,40
2023-01-05T21:55:21,39,1,6,40
2023-01-05T22:04:47,39,1,6,40
2023-01-05T22:14:15,39,1,6,40
2023-01-05T22:23:42,39,1,6,40
2023-01-05T22:33:19,40,0,5,40
2023-01-05T22:42:46,40,0,5,40
2023-01-05T22:52:12,40,0,5,40
2023-01-05T23:01:39,40,0,5,40
2023-01-05T23:11:07,40,0,5,40
2023-01-05T23:20:34,40,0,5,40
2023-01-05T23:30:02,40,0,5,40
2023-01-05T23:39:29,40,0,5,40
2023-01-05T23:48:56,40,0,5,40
2023-01-05T23:58:24,40,0,5,40
2023-01-06T00:07:52,40,0,5,40
2023-01-06T00:17:22,40,0,5,40
2023-01-06T00:26:52,40,0,5,40
2023-01-06T00:36:22,40,0,5,40
2023-01-06T00:45:52,40,0,5,40
2023-01-06T00:55:24,40,0,5,40
2023-01-06T01:04:54,40,0,5,40
2023-01-06T01:14:35,40,0,5,40
2023-01-06T01:24:06,40,0,5,40
2023-01-06T01:33:40,40,0,5,40
2023-01-06T01:43:09,40,0,5,40
2023-01-06T01:52:38,40,0,5,40
2023-01-06T02:02:07,40,0,5,40
2023-01-06T02:11:36,40,0,5,40
2023-01-06T02:21:05,40,0,5,40
2023-01-06T02:30:35,40,0,5,40
2023-01-06T02:40:05,40,0,5,40
2023-01-06T02:49:34,40,0,5,40
2023-01-06T02:59:04,40,0,5,40
2023-01-06T03:08:36,40,0,5,40
2023-01-06T03:18:07,40,0,5,40
2023-01-06T03:27:37,40,0,5,40
2023-01-06T03:37:07,40,0,5,40
2023-01-06T03:46:39,40,0,5,40
2023-01-06T03:56:10,40,0,5,40
2023-01-06T04:05:40,40,0,5,40
2023-01-06T04:28:36,40,0,5,40
2023-01-06T04:39:38,40,0,5,40
2023-01-06T04:49:10,40,0,5,40
2023-01-06T04:58:41,40,0,5,40
2023-01-06T05:08:10,40,0,5,40
2023-01-06T05:17:41,40,0,5,40
2023-01-06T05:27:09,40,0,5,40
2023-01-06T05:36:36,40,0,5,40
2023-01-06T05:46:03,40,0,5,40
2023-01-06T05:55:32,40,0,5,40
2023-01-06T06:05:03,40,0,5,40
2023-01-06T06:14:34,40,0,5,40
2023-01-06T06:24:05,40,0,5,40
2023-01-06T06:33:34,40,0,5,40
2023-01-06T06:43:02,40,0,5,40
2023-01-06T06:52:29,40,0,5,40
2023-01-06T07:01:58,40,0,5,40
2023-01-06T07:11:27,40,0,5,40
2023-01-06T07:20:58,40,0,5,40
2023-01-06T07:30:28,40,0,5,40
2023-01-06T07:39:58,40,0,5,40
2023-01-06T07:49:28,40,0,5,40
2023-01-06T07:58:58,40,0,5,40
2023-01-06T08:08:27,40,0,5,40
2023-01-06T08:17:57,40,0,5,40
2023-01-06T08:27:26,40,0,5,40
2023-01-06T08:36:57,40,0,5,40
2023-01-06T08:46:29,40,0,5,40
2023-01-06T08:55:59,40,0,5,40
2023-01-06T09:05:28,40,0,5,40
2023-01-06T09:14:58,40,0,5,40
2023-01-06T09:24:27,40,0,5,40
2023-01-06T09:34:00,40,0,5,40
2023-01-06T09:43:29,40,0,5,40
2023-01-06T09:52:59,40,0,5,40
2023-01-06T10:02:29,40,0,5,40
2023-01-06T10:12:00,40,0,5,40
2023-01-06T10:21:30,40,0,5,40
2023-01-06T10:31:01,40,0,5,40
2023-01-06T10:40:43,40,0,5,40
2023-01-06T10:50:15,40,0,5,40
2023-01-06T10:59:47,40,0,5,40
2023-01-06T11:09:17,40,0,5,40
2023-01-06T11:18:48,40,0,5,40
2023-01-06T11:28:19,40,0,5,40
2023-01-06T11:37:50,40,0,5,40
2023-01-06T11:47:20,40,0,5,40
2023-01-06T11:56:56,40,0,5,40
2023-01-06T12:06:29,40,0,5,40
2023-01-06T12:15:59,40,0,5,40
2023-01-06T12:25:41,40,0,5,40
2023-01-06T12:35:12,40,0,5,40
2023-01-06T12:44:43,40,0,5,40
2023-01-06T12:54:13,40,0,5,40
2023-01-06T13:03:43,40,0,5,40
2023-01-06T13:13:13,40,0,5,40
2023-01-06T13:22:42,40,0,5,40
2023-01-06T13:32:13,40,0,5,40
2023-01-06T13:41:43,40,0,5,40
2023-01-06T13:51:26,40,0,5,40
2023-01-06T14:00:57,40,0,5,40
2023-01-06T14:10:29,40,0,5,40
2023-01-06T14:20:00,40,0,5,40
2023-01-06T14:29:31,40,0,5,40
2023-01-06T14:39:01,40,0,5,40
2023-01-06T14:48:33,40,0,5,40
2023-01-06T14:58:03,40,0,5,40
2023-01-06T15:07:32,40,0,5,40
2023-01-06T15:17:13,40,0,5,40
2023-01-06T15:26:43,40,0,5,40
2023-01-06T15:36:13,40,0,5,40
2023-01-06T15:45:44,40,0,5,40
2023-01-06T15:55:19,40,0,5,40
2023-01-06T16:04:49,40,0,5,40
2023-01-06T16:14:20,40,0,5,40
2023-01-06T16:23:51,40,0,5,40
2023-01-06T16:33:20,40,0,5,40
2023-01-06T16:42:50,40,0,5,40
2023-01-06T16:52:19,40,0,5,40
2023-01-06T17:01:59,40,0,5,40
2023-01-06T17:11:29,40,0,5,40
2023-01-06T17:20:58,40,0,5,40
2023-01-06T17:30:27,40,0,5,40
2023-01-06T17:39:57,40,0,5,40
2023-01-06T17:49:31,40,0,5,40
2023-01-06T17:59:03,40,0,5,40
2023-01-06T18:08:31,40,0,5,40
2023-01-06T18:18:10,40,0,5,40
2023-01-06T18:27:38,40,0,5,40
2023-01-06T18:37:08,40,0,5,40
2023-01-06T18:46:36,40,0,5,40
2023-01-06T18:56:04,40,0,5,40
2023-01-06T19:05:32,40,0,5,40
2023-01-06T19:15:01,40,0,5,40
2023-01-06T19:24:29,40,0,5,40
2023-01-06T19:34:00,40,0,5,40
2023-01-06T19:43:33,40,0,5,40
2023-01-06T19:53:02,40,0,5,40
2023-01-06T20:02:31,40,0,5,40
2023-01-06T20:12:12,40,0,5,40
2023-01-06T20:21:45,40,0,5,40
2023-01-06T20:31:16,40,0,5,40
2023-01-06T20:40:46,40,0,5,40
2023-01-06T20:50:17,40,0,5,40
2023-01-06T20:59:45,40,0,5,40
2023-01-06T21:09:14,40,0,5,40
2023-01-06T21:18:42,40,0,5,40
2023-01-06T21:28:09,40,0,5,40
2023-01-06T21:37:44,40,0,5,40
2023-01-06T21:47:12,40,0,5,40
2023-01-06T21:56:41,40,0,5,40
2023-01-06T22:06:12,40,0,5,40
2023-01-06T22:15:50,40,0,5,40
2023-01-06T22:25:20,40,0,5,40
2023-01-06T22:34:50,40,0,5,40
2023-01-06T22:44:21,40,0,5,40
2023-01-06T22:53:49,40,0,5,40
2023-01-06T23:03:19,40,0,5,40
2023-01-06T23:12:55,40,0,5,40
2023-01-06T23:22:29,40,0,5,40
2023-01-06T23:31:58,40,0,5,40
2023-01-06T23:41:26,40,0,5,40
2023-01-06T23:50:54,40,0,5,40
2023-01-07T00:00:35,40,0,5,40
2023-01-07T00:10:06,40,0,5,40
2023-01-07T00:19:39,40,0,5,40
2023-01-07T00:29:09,40,0,5,40
2023-01-07T00:38:41,40,0,5,40
2023-01-07T00:48:12,40,0,5,40
2023-01-07T00:57:45,40,0,5,40
2023-01-07T01:07:15,40,0,5,40
2023-01-07T01:16:44,40,0,5,40
2023-01-07T01:26:12,40,0,5,40
2023-01-07T01:35:39,40,0,5,40
2023-01-07T01:45:05,40,0,5,40
2023-01-07T01:54:32,40,0,5,40
2023-01-07T02:04:00,40,0,5,40
2023-01-07T02:13:38,40,0,5,40
2023-01-07T02:23:05,40,0,5,40
2023-01-07T02:32:33,40,0,5,40
2023-01-07T02:41:59,40,0,5,40
2023-01-07T02:51:25,40,0,5,40
2023-01-07T03:00:51,40,0,5,40
2023-01-07T03:10:17,40,0,5,40
2023-01-07T03:19:43,40,0,5,40
2023-01-07T03:29:09,40,0,5,40
2023-01-07T03:38:37,40,0,5,40
2023-01-07T03:48:05,40,0,5,40
2023-01-07T03:57:33,40,0,5,40
2023-01-07T04:07:56,40,0,5,40
2023-01-07T04:29:04,40,0,5,40
2023-01-07T04:38:34,40,0,5,40
2023-01-07T04:48:03,40,0,5,40
2023-01-07T04:57:30,40,0,5,40
2023-01-07T05:06:55,40,0,5,40
2023-01-07T05:16:22,40,0,5,40
2023-01-07T05:25:48,40,0,5,40
2023-01-07T05:35:14,40,0,5,40
2023-01-07T05:44:40,40,0,5,40
2023-01-07T05:54:08,40,0,5,40
2023-01-07T06:03:37,40,0,5,40
2023-01-07T06:13:07,40,0,5,40
2023-01-07T06:22:39,40,0,5,40
2023-01-07T06:32:31,40,0,5,40
2023-01-07T06:42:03,40,0,5,40
2023-01-07T06:51:34,40,0,5,40
2023-01-07T07:01:06,40,0,5,40
2023-01-07T07:10:38,40,0,5,40
2023-01-07T07:20:08,40,0,5,40
2023-01-07T07:29:38,40,0,5,40
2023-01-07T07:39:10,40,0,5,40
2023-01-07T07:48:42,40,0,5,40
2023-01-07T07:58:14,40,0,5,40
2023-01-07T08:07:45,40,0,5,40
2023-01-07T08:17:18,40,0,5,40
2023-01-07T08:26:49,40,0,5,40
2023-01-07T08:36:21,40,0,5,40
2023-01-07T08:45:51,40,0,5,40
2023-01-07T08:55:22,40,0,5,40
2023-01-07T09:04:55,40,0,5,40
2023-01-07T09:14:24,40,0,5,40
2023-01-07T09:23:55,40,0,5,40
2023-01-07T09:33:25,40,0,5,40
2023-01-07T09:42:55,40,0,5,40
2023-01-07T09:52:25,40,0,5,40
2023-01-07T10:01:56,40,0,5,40
2023-01-07T10:11:26,40,0,5,40
2023-01-07T10:21:04,40,0,5,40
2023-01-07T10:30:34,40,0,5,40
2023-01-07T10:40:04,40,0,5,40
2023-01-07T10:49:34,40,0,5,40
2023-01-07T10:59:02,40,0,5,40
2023-01-07T11:08:30,40,0,5,40
2023-01-07T11:17:58,40,0,5,40
2023-01-07T11:27:26,40,0,5,40
2023-01-07T11:36:54,40,0,5,40
2023-01-07T11:46:21,40,0,5,40
2023-01-07T11:55:49,40,0,5,40
2023-01-07T12:05:18,40,0,5,40
2023-01-07T12:14:46,40,0,5,40
2023-01-07T12:24:16,40,0,5,40
2023-01-07T12:33:54,40,0,5,40
2023-01-07T12:43:21,40,0,5,40
2023-01-07T12:52:49,40,0,5,40
2023-01-07T13:02:17,40,0,5,40
2023-01-07T13:11:45,40,0,5,40
2023-01-07T13:21:13,40,0,5,40
2023-01-07T13:30:41,40,0,5,40
2023-01-07T13:40:09,40,0,5,40
2023-01-07T13:49:38,40,0,5,40
2023-01-07T13:59:06,40,0,5,40
2023-01-07T14:08:34,40,0,5,40
2023-01-07T14:18:02,40,0,5,40
2023-01-07T14:27:42,40,0,5,40
2023-01-07T14:37:10,40,0,5,40
2023-01-07T14:46:39,40,0,5,40
2023-01-07T14:56:07,40,0,5,40
2023-01-07T15:05:34,40,0,5,40
2023-01-07T15:15:02,40,0,5,40
2023-01-07T15:24:30,40,0,5,40
2023-01-07T15:33:58,40,0,5,40
2023-01-07T15:43:26,40,0,5,40
2023-01-07T15:52:55,40,0,5,40
2023-01-07T16:02:23,40,0,5,40
2023-01-07T16:12:01,40,0,5,40
2023-01-07T16:21:29,40,0,5,40
2023-01-07T16:30:58,40,0,5,40
2023-01-07T16:40:26,40,0,5,40
2023-01-07T16:49:55,40,0,5,40
2023-01-07T16:59:22,40,0,5,40
2023-01-07T17:08:52,40,0,5,40
2023-01-07T17:18:21,40,0,5,40
2023-01-07T17:27:50,40,0,5,40
2023-01-07T17:37:18,40,0,5,40
2023-01-07T17:46:45,40,0,5,40
2023-01-07T17:56:23,40,0,5,40
2023-01-07T18:05:51,40,0,5,40
2023-01-07T18:15:19,40,0,5,40
2023-01-07T18:24:47,40,0,5,40
2023-01-07T18:34:15,40,0,5,40
2023-01-07T18:43:43,40,0,5,40
2023-01-07T18:53:12,40,0,5,40
2023-01-07T19:02:40,40,0,5,40
2023-01-07T19:12:08,40,0,5,40
2023-01-07T19:21:47,40,0,5,40
2023-01-07T19:31:14,40,0,5,40
2023-01-07T19:40:42,40,0,5,40
2023-01-07T19:50:10,40,0,5,40
2023-01-07T19:59:36,40,0,5,40
2023-01-07T20:09:04,40,0,5,40
2023-01-07T20:18:31,40,0,5,40
2023-01-07T20:27:58,40,0,5,40
2023-01-07T20:37:25,40,0,5,40
2023-01-07T20:46:52,40,0,5,40
2023-01-07T20:56:18,40,0,5,40
2023-01-07T21:05:54,40,0,5,40
2023-01-07T21:15:21,40,0,5,40
2023-01-07T21:24:47,40,0,5,40
2023-01-07T21:34:13,40,0,5,40
2023-01-07T21:43:39,40,0,5,40
2023-01-07T21:53:06,40,0,5,40
2023-01-07T22:02:32,40,0,5,40
2023-01-07T22:11:58,40,0,5,40
2023-01-07T22:21:25,40,0,5,40
2023-01-07T22:30:52,40,0,5,40
2023-01-07T22:40:19,40,0,5,40
2023-01-07T22:49:46,40,0,5,40
2023-01-07T22:59:23,40,0,5,40
2023-01-07T23:08:50,40,0,5,40
2023-01-07T23:18:16,40,0,5,40
2023-01-07T23:27:43,40,0,5,40
2023-01-07T23:37:09,40,0,5,40
2023-01-07T23:46:35,40,0,5,40
2023-01-07T23:56:01,40,0,5,40
2023-01-08T00:05:28,40,0,5,40
2023-01-08T00:14:57,40,0,5,40
2023-01-08T00:24:30,40,0,5,40
2023-01-08T00:33:57,40,0,5,40
2023-01-08T00:43:23,40,0,5,40
2023-01-08T00:52:48,40,0,5,40
2023-01-08T01:02:15,40,0,5,40
2023-01-08T01:11:41,40,0,5,40
2023-01-08T01:21:06,40,0,5,40
2023-01-08T01:30:45,40,0,5,40
2023-01-08T01:40:10,40,0,5,40
2023-01-08T01:49:37,40,0,5,40
2023-01-08T01:59:04,40,0,5,40
2023-01-08T02:08:30,40,0,5,40
2023-01-08T02:17:56,40,0,5,40
2023-01-08T02:27:23,40,0,5,40
2023-01-08T02:36:53,40,0,5,40
2023-01-08T02:46:23,40,0,5,40
2023-01-08T02:55:57,40,0,5,40
2023-01-08T03:05:32,40,0,5,40
2023-01-08T03:15:02,40,0,5,40
2023-01-08T03:24:31,40,0,5,40
2023-01-08T03:34:02,40,0,5,40
2023-01-08T03:43:33,40,0,5,40
2023-01-08T03:53:03,40,0,5,40
2023-01-08T04:02:32,40,0,5,40
2023-01-08T04:12:02,40,0,5,40
2023-01-08T04:27:06,40,0,5,40
2023-01-08T04:36:50,40,0,5,40
2023-01-08T04:46:21,40,0,5,40
2023-01-08T04:55:52,40,0,5,40
2023-01-08T05:05:21,40,0,5,40
2023-01-08T05:14:51,40,0,5,40
2023-01-08T05:24:18,40,0,5,40
2023-01-08T05:33:48,40,0,5,40
2023-01-08T05:43:15,40,0,5,40
2023-01-08T05:52:43,40,0,5,40
2023-01-08T06:02:13,40,0,5,40
2023-01-08T06:11:43,40,0,5,40
2023-01-08T06:21:13,40,0,5,40
2023-01-08T06:30:43,40,0,5,40
2023-01-08T06:40:11,40,0,5,40
2023-01-08T06:49:39,40,0,5,40
2023-01-08T06:59:06,40,0,5,40
2023-01-08T07:08:36,40,0,5,40
2023-01-08T07:18:05,40,0,5,40
2023-01-08T07:27:34,40,0,5,40
2023-01-08T07:37:05,40,0,5,40
2023-01-08T07:46:36,40,0,5,40
2023-01-08T07:56:10,40,0,5,40
2023-01-08T08:05:43,40,0,5,40
2023-01-08T08:15:12,40,0,5,40
2023-01-08T08:24:42,40,0,5,40
2023-01-08T08:34:14,40,0,5,40
2023-01-08T08:43:43,40,0,5,40
2023-01-08T08:53:12,40,0,5,40
2023-01-08T09:02:41,40,0,5,40
2023-01-08T09:12:10,40,0,5,40
2023-01-08T09:21:54,40,0,5,40
2023-01-08T09:31:25,40,0,5,40
2023-01-08T09:40:54,40,0,5,40
2023-01-08T09:50:24,40,0,5,40
2023-01-08T09:59:56,40,0,5,40
2023-01-08T10:09:27,40,0,5,40
2023-01-08T10:19:01,40,0,5,40
2023-01-08T10:28:37,40,0,5,40
2023-01-08T10:38:09,40,0,5,40
2023-01-08T10:47:38,40,0,5,40
2023-01-08T10:57:16,40,0,5,40
2023-01-08T11:06:44,40,0,5,40
2023-01-08T11:16:27,40,0,5,40
2023-01-08T11:25:57,40,0,5,40
2023-01-08T11:35:28,40,0,5,40
2023-01-08T11:44:58,40,0,5,40
2023-01-08T11:54:29,40,0,5,40
2023-01-08T12:03:58,40,0,5,40
2023-01-08T12:13:27,40,0,5,40
2023-01-08T12:23:09,40,0,5,40
2023-01-08T12:32:38,40,0,5,40
2023-01-08T12:42:07,40,0,5,40
2023-01-08T12:51:36,40,0,5,40
2023-01-08T13:01:05,40,0,5,40
2023-01-08T13:10:34,40,0,5,40
2023-01-08T13:20:13,40,0,5,40
2023-01-08T13:29:43,40,0,5,40
2023-01-08T13:39:11,40,0,5,40
2023-01-08T13:48:41,40,0,5,40
2023-01-08T13:58:09,40,0,5,40
2023-01-08T14:07:38,40,0,5,40
2023-01-08T14:17:16,40,0,5,40
2023-01-08T14:26:45,40,0,5,40
2023-01-08T14:36:14,40,0,5,40
2023-01-08T14:45:43,40,0,5,40
2023-01-08T14:55:12,40,0,5,40
2023-01-08T15:04:54,40,0,5,40
2023-01-08T15:14:23,40,0,5,40
2023-01-08T15:23:51,40,0,5,40
2023-01-08T15:33:20,40,0,5,40
2023-01-08T15:42:49,40,0,5,40
2023-01-08T15:52:18,40,0,5,40
2023-01-08T16:01:58,40,0,5,40
2023-01-08T16:11:28,40,0,5,40
2023-01-08T16:20:58,40,0,5,40
2023-01-08T16:30:28,40,0,5,40
2023-01-08T16:40:07,40,0,5,40
2023-01-08T16:49:36,40,0,5,40
2023-01-08T16:59:05,40,0,5,40
2023-01-08T17:08:34,40,0,5,40
2023-01-08T17:18:03,40,0,5,40
2023-01-08T17:27:43,40,0,5,40
2023-01-08T17:37:13,40,0,5,40
2023-01-08T17:46:43,40,0,5,40
2023-01-08T17:56:13,40,0,5,40
2023-01-08T18:05:43,40,0,5,40
2023-01-08T18:15:23,40,0,5,40
2023-01-08T18:24:52,40,0,5,40
2023-01-08T18:34:22,40,0,5,40
2023-01-08T18:43:52,40,0,5,40
2023-01-08T18:53:21,40,0,5,40
2023-01-08T19:03:00,40,0,5,40
2023-01-08T19:12:31,40,0,5,40
2023-01-08T19:22:01,40,0,5,40
2023-01-08T19:31:30,40,0,5,40
2023-01-08T19:41:00,40,0,5,40
2023-01-08T19:50:41,40,0,5,40
2023-01-08T20:00:11,40,0,5,40
2023-01-08T20:09:41,40,0,5,40
2023-01-08T20:19:12,39,1,5,40
2023-01-08T20:28:52,39,1,5,40
2023-01-08T20:38:22,39,1,5,40
2023-01-08T20:47:51,39,1,5,40
2023-01-08T20:57:20,39,1,5,40
2023-01-08T21:07:02,39,1,5,40
2023-01-08T21:16:32,39,1,5,40
2023-01-08T21:26:02,39,1,5,40
2023-01-08T21:35:32,39,1,5,40
2023-01-08T21:45:12,39,1,5,40
2023-01-08T21:54:42,39,1,5,40
2023-01-08T22:04:11,39,1,5,40
2023-01-08T22:13:42,39,1,5,40
2023-01-08T22:23:21,39,1,5,40
2023-01-08T22:32:52,40,0,4,40
2023-01-08T22:42:22,40,0,4,40
2023-01-08T22:51:51,40,0,4,40
2023-01-08T23:01:32,40,0,4,40
2023-01-08T23:11:04,40,0,4,40
2023-01-08T23:20:34,40,0,4,40
2023-01-08T23:30:08,40,0,4,40
2023-01-08T23:39:39,40,0,4,40
2023-01-08T23:49:17,40,0,4,40
2023-01-08T23:58:47,40,0,4,40
2023-01-09T00:08:39,40,0,4,40
2023-01-09T00:18:12,40,0,4,40
2023-01-09T00:27:59,40,0,4,40
2023-01-09T00:37:34,40,0,4,40
2023-01-09T00:47:10,40,0,4,40
2023-01-09T00:56:41,40,0,4,40
2023-01-09T01:06:22,40,0,4,40
2023-01-09T01:15:49,40,0,4,40
2023-01-09T01:25:21,40,0,4,40
2023-01-09T01:35:01,40,0,4,40
2023-01-09T01:44:39,40,0,4,40
2023-01-09T01:54:15,40,0,4,40
2023-01-09T02:03:54,40,0,4,40
2023-01-09T02:13:33,40,0,4,40
2023-01-09T02:23:10,40,0,4,40
2023-01-09T02:32:46,40,0,4,40
2023-01-09T02:42:35,40,0,4,40
2023-01-09T02:52:11,40,0,4,40
2023-01-09T03:01:43,40,0,4,40
2023-01-09T03:11:14,40,0,4,40
2023-01-09T03:20:45,40,0,4,40
2023-01-09T03:30:15,40,0,4,40
2023-01-09T03:39:43,40,0,4,40
2023-01-09T03:49:12,40,0,4,40
2023-01-09T03:58:40,40,0,4,40
2023-01-09T04:08:09,40,0,4,40
2023-01-09T04:28:53,40,0,4,40
2023-01-09T04:38:40,40,0,4,40
2023-01-09T04:48:12,40,0,4,40
2023-01-09T04:57:40,40,0,4,40
2023-01-09T05:07:07,40,0,4,40
2023-01-09T05:16:33,40,0,4,40
2023-01-09T05:25:59,40,0,4,40
2023-01-09T05:35:25,40,0,4,40
2023-01-09T05:44:51,40,0,4,40
2023-01-09T05:54:19,40,0,4,40
2023-01-09T06:03:49,40,0,4,40
2023-01-09T06:13:19,40,0,4,40
2023-01-09T06:22:49,40,0,4,40
2023-01-09T06:32:17,40,0,4,40
2023-01-09T06:41:45,40,0,4,40
2023-01-09T06:51:16,40,0,4,40
2023-01-09T07:00:45,40,0,4,40
2023-01-09T07:10:16,40,0,4,40
2023-01-09T07:19:46,40,0,4,40
2023-01-09T07:29:16,40,0,4,40
2023-01-09T07:38:48,40,0,4,40
2023-01-09T07:48:30,40,0,4,40
2023-01-09T07:58:03,40,0,4,40
2023-01-09T08:07:45,40,0,4,40
2023-01-09T08:17:19,40,0,4,40
2023-01-09T08:27:04,40,0,4,40
2023-01-09T08:36:39,39,1,4,40
2023-01-09T08:46:13,39,1,4,40
2023-01-09T08:55:58,39,1,4,40
2023-01-09T09:05:33,39,1,4,40
2023-01-09T09:15:08,39,1,4,40
2023-01-09T09:24:52,39,1,4,40
2023-01-09T09:34:27,39,1,4,40
2023-01-09T09:44:13,39,1,4,40
2023-01-09T09:53:48,39,1,4,40
2023-01-09T10:03:36,39,1,4,40
2023-01-09T10:13:12,39,1,4,40
2023-01-09T10:23:06,39,1,4,40
2023-01-09T10:32:43,39,1,4,40
2023-01-09T10:42:19,39,1,5,40
2023-01-09T10:52:06,39,1,5,40
2023-01-09T11:01:42,39,1,5,40
2023-01-09T11:11:28,39,1,5,40
2023-01-09T11:21:02,39,1,5,40
2023-01-09T11:30:48,39,1,5,40
2023-01-09T11:40:21,39,1,5,40
2023-01-09T11:49:56,39,1,5,40
2023-01-09T11:59:44,39,1,5,40
2023-01-09T12:09:19,39,1,5,40
2023-01-09T12:19:05,39,1,5,40
2023-01-09T12:28:38,39,1,5,40
2023-01-09T12:38:11,39,1,5,40
2023-01-09T12:47:54,39,1,5,40
2023-01-09T12:57:28,39,1,5,40
2023-01-09T13:07:15,39,1,5,40
2023-01-09T13:16:48,39,1,5,40
2023-01-09T13:26:22,39,1,5,40
2023-01-09T13:36:07,39,1,5,40
2023-01-09T13:45:41,39,1,5,40
2023-01-09T13:55:21,39,1,5,40
2023-01-09T14:13:24,39,1,5,40
2023-01-09T14:22:58,39,1,5,40
2023-01-09T14:32:42,39,1,5,40
2023-01-09T14:42:16,39,1,5,40
2023-01-09T14:52:01,39,1,5,40
2023-01-09T15:01:35,39,1,5,40
2023-01-09T15:11:09,39,1,5,40
2023-01-09T15:20:51,39,1,5,40
2023-01-09T15:30:24,39,1,5,40
2023-01-09T15:40:07,39,1,5,40
2023-01-09T15:49:40,39,1,5,40
2023-01-09T15:59:12,39,1,5,40
2023-01-09T16:08:56,39,1,5,40
2023-01-09T16:18:28,39,1,5,40
2023-01-09T16:28:00,39,1,5,40
2023-01-09T16:37:42,39,1,5,40
2023-01-09T16:47:13,39,1,5,40
2023-01-09T16:56:43,39,1,5,40
2023-01-09T17:06:15,39,1,5,40
2023-01-09T17:15:58,39,1,5,40
2023-01-09T17:25:29,39,1,5,40
2023-01-09T17:34:59,39,1,5,40
2023-01-09T17:44:40,39,1,5,40
2023-01-09T17:54:10,39,1,5,40
2023-01-09T18:03:41,39,1,5,40
2023-01-09T18:13:22,39,1,5,40
2023-01-09T18:22:52,39,1,5,40
2023-01-09T18:32:22,39,1,5,40
2023-01-09T18:41:52,39,1,5,40
2023-01-09T18:51:33,39,1,5,40
2023-01-09T19:01:04,39,1,5,40
2023-01-09T19:10:35,39,1,5,40
2023-01-09T19:20:06,39,1,5,40
2023-01-09T19:29:46,39,1,5,40
2023-01-09T19:39:16,39,1,5,40
2023-01-09T19:48:45,39,1,5,40
2023-01-09T19:58:13,39,1,5,40
2023-01-09T20:07:41,39,1,5,40
2023-01-09T20:17:21,39,1,5,40
2023-01-09T20:26:49,39,1,5,40
2023-01-09T20:36:18,39,1,5,40
2023-01-09T20:45:46,39,1,5,40
2023-01-09T20:55:14,39,1,5,40
2023-01-09T21:04:55,39,1,5,40
2023-01-09T21:14:24,39,1,5,40
2023-01-09T21:23:52,39,1,5,40
2023-01-09T21:33:20,39,1,5,40
2023-01-09T21:42:49,39,1,5,40
2023-01-09T21:52:17,39,1,5,40
2023-01-09T22:01:56,39,1,5,40
2023-01-09T22:11:25,39,1,5,40
2023-01-09T22:20:53,39,1,5,40
2023-01-09T22:30:22,40,0,4,40
2023-01-09T22:39:50,40,0,4,40
2023-01-09T22:49:30,40,0,4,40
2023-01-09T22:58:59,40,0,4,40
2023-01-09T23:08:27,40,0,4,40
2023-01-09T23:17:55,40,0,4,40
2023-01-09T23:27:23,40,0,4,40
2023-01-09T23:37:02,40,0,4,40
2023-01-09T23:46:30,40,0,4,40
2023-01-09T23:55:57,40,0,4,40
2023-01-10T00:05:26,40,0,4,40
2023-01-10T00:14:57,40,0,4,40
2023-01-10T00:24:29,40,0,4,40
2023-01-10T00:33:59,40,0,4,40
2023-01-10T00:43:31,40,0,4,40
2023-01-10T00:53:00,40,0,4,40
2023-01-10T01:02:30,40,0,4,40
2023-01-10T01:12:11,40,0,4,40
2023-01-10T01:21:41,40,0,4,40
2023-01-10T01:31:09,40,0,4,40
2023-01-10T01:40:37,40,0,4,40
2023-01-10T01:50:05,40,0,4,40
2023-01-10T01:59:34,40,0,4,40
2023-01-10T02:09:01,40,0,4,40
2023-01-10T02:18:29,40,0,4,40
2023-01-10T02:27:57,40,0,4,40
2023-01-10T02:37:23,40,0,4,40
2023-01-10T02:46:50,40,0,4,40
2023-01-10T02:56:17,40,0,4,40
2023-01-10T03:05:44,40,0,4,40
2023-01-10T03:15:10,40,0,4,40
2023-01-10T03:24:37,40,0,4,40
2023-01-10T03:34:08,40,0,4,40
2023-01-10T03:43:37,40,0,4,40
2023-01-10T03:53:07,40,0,4,40
2023-01-10T04:02:37,40,0,4,40
2023-01-10T04:14:22,40,0,4,40
2023-01-10T04:38:20,40,0,4,40
2023-01-10T04:47:50,40,0,4,40
2023-01-10T04:57:19,40,0,4,40
2023-01-10T05:06:52,40,0,4,40
2023-01-10T05:16:21,40,0,4,40
2023-01-10T05:25:49,40,0,4,40
2023-01-10T05:35:18,40,0,4,40
2023-01-10T05:44:47,40,0,4,40
2023-01-10T05:54:18,40,0,4,40
2023-01-10T06:03:49,40,0,4,40
2023-01-10T06:13:19,40,0,4,40
2023-01-10T06:22:49,40,0,4,40
2023-01-10T06:32:18,40,0,4,40
2023-01-10T06:41:47,40,0,4,40
2023-01-10T06:51:19,40,0,4,40
2023-01-10T07:00:47,40,0,4,40
2023-01-10T07:10:17,40,0,4,40
2023-01-10T07:19:47,40,0,4,40
2023-01-10T07:29:17,40,0,4,40
2023-01-10T07:38:49,40,0,4,40
2023-01-10T07:48:22,40,0,4,40
2023-01-10T07:57:54,40,0,4,40
2023-01-10T08:07:35,40,0,4,40
2023-01-10T08:17:07,40,0,4,40
2023-01-10T08:26:49,40,0,4,40
2023-01-10T08:36:21,40,0,4,40
2023-01-10T08:45:54,40,0,4,40
2023-01-10T08:55:27,40,0,5,40
2023-01-10T09:05:01,40,0,5,40
2023-01-10T09:14:55,40,0,5,40
2023-01-10T09:24:30,40,0,5,40
2023-01-10T09:34:06,40,0,5,40
2023-01-10T09:43:41,40,0,4,40
2023-01-10T09:53:26,40,0,4,40
2023-01-10T10:03:01,40,0,4,40
2023-01-10T10:12:36,40,0,4,40
2023-01-10T10:22:21,40,0,4,40
2023-01-10T10:31:55,40,0,4,40
2023-01-10T10:41:47,40,0,4,40
2023-01-10T10:51:22,40,0,4,40
2023-01-10T11:00:58,40,0,4,40
2023-01-10T11:10:42,40,0,4,40
2023-01-10T11:20:17,40,0,4,40
2023-01-10T11:29:52,40,0,4,40
2023-01-10T11:39:38,40,0,4,40
2023-01-10T11:49:12,40,0,4,40
2023-01-10T11:58:55,40,0,4,40
2023-01-10T12:08:29,40,0,4,40
2023-01-10T12:18:21,40,0,4,40
2023-01-10T12:27:56,40,0,4,40
2023-01-10T12:37:30,40,0,4,40
2023-01-10T12:47:13,40,0,4,40
2023-01-10T12:57:08,40,0,4,40
2023-01-10T13:06:46,40,0,4,40
2023-01-10T13:16:30,40,0,4,40
2023-01-10T13:26:05,40,0,4,40
2023-01-10T13:35:41,40,0,4,40
2023-01-10T13:45:34,40,0,4,40
2023-01-10T13:55:08,40,0,4,40
2023-01-10T14:04:52,40,0,4,40
2023-01-10T14:14:26,40,0,5,40
2023-01-10T14:23:59,40,0,5,40
2023-01-10T14:33:42,40,0,5,40
2023-01-10T14:43:16,40,0,5,40
2023-01-10T14:53:07,40,0,5,40
2023-01-10T15:02:41,40,0,5,40
2023-01-10T15:12:22,40,0,5,40
2023-01-10T15:21:55,40,0,5,40
2023-01-10T15:31:29,40,0,5,40
2023-01-10T15:41:11,40,0,5,40
2023-01-10T15:50:42,40,0,5,40
2023-01-10T16:00:24,40,0,5,40
2023-01-10T16:09:55,40,0,5,40
2023-01-10T16:19:27,39,1,6,40
2023-01-10T16:28:59,39,1,6,40
2023-01-10T16:38:49,39,1,6,40
2023-01-10T16:48:21,39,1,6,40
2023-01-10T16:57:52,39,1,6,40
2023-01-10T17:07:24,39,1,6,40
2023-01-10T17:17:06,39,1,6,40
2023-01-10T17:26:36,39,1,6,40
2023-01-10T17:36:06,39,1,6,40
2023-01-10T17:45:35,39,1,6,40
2023-01-10T17:55:05,39,1,6,40
2023-01-10T18:04:45,39,1,6,40
2023-01-10T18:14:14,39,1,6,40
2023-01-10T18:23:44,39,1,6,40
2023-01-10T18:33:13,39,1,6,40
2023-01-10T18:42:43,39,1,6,40
2023-01-10T18:52:31,39,1,6,40
2023-01-10T19:02:01,39,1,6,40
2023-01-10T19:11:29,39,1,6,40
2023-01-10T19:20:59,39,1,6,40
2023-01-10T19:30:27,39,1,6,40
2023-01-10T19:39:56,39,1,6,40
2023-01-10T19:49:26,39,1,6,40
2023-01-10T19:59:05,39,1,6,40
2023-01-10T20:08:34,39,1,6,40
2023-01-10T20:18:03,39,1,6,40
2023-01-10T20:27:31,39,1,6,40
2023-01-10T20:36:59,39,1,6,40
2023-01-10T20:46:47,39,1,6,40
2023-01-10T20:56:15,39,1,6,40
2023-01-10T21:05:44,39,1,6,40
2023-01-10T21:15:13,39,1,6,40
2023-01-10T21:24:42,39,1,6,40
2023-01-10T21:34:13,39,1,6,40
2023-01-10T21:43:41,39,1,6,40
2023-01-10T21:53:21,39,1,6,40
2023-01-10T22:02:50,39,1,6,40
2023-01-10T22:12:18,39,1,6,40
2023-01-10T22:21:47,39,1,6,40
2023-01-10T22:31:17,40,0,6,40
2023-01-10T22:40:46,40,0,6,40
2023-01-10T22:50:14,40,0,6,40
2023-01-10T22:59:54,40,0,6,40
2023-01-10T23:09:24,40,0,6,40
2023-01-10T23:18:53,40,0,6,40
2023-01-10T23:28:22,40,0,6,40
2023-01-10T23:37:51,40,0,6,40
2023-01-10T23:47:19,40,0,6,40
2023-01-10T23:56:48,40,0,6,40
2023-01-11T00:06:17,40,0,6,40
2023-01-11T00:15:49,40,0,6,40
2023-01-11T00:25:29,40,0,6,40
2023-01-11T00:35:01,40,0,6,40
2023-01-11T00:44:33,40,0,6,40
2023-01-11T00:54:04,40,0,6,40
2023-01-11T01:03:35,40,0,6,40
2023-01-11T01:13:06,40,0,6,40
2023-01-11T01:22:38,40,0,6,40
2023-01-11T01:32:07,40,0,6,40
2023-01-11T01:41:36,40,0,6,40
2023-01-11T01:51:05,40,0,6,40
2023-01-11T02:00:34,40,0,6,40
2023-01-11T02:10:04,40,0,6,40
2023-01-11T02:19:35,40,0,6,40
2023-01-11T02:29:05,40,0,6,40
2023-01-11T02:38:35,40,0,6,40
2023-01-11T02:48:05,40,0,6,40
2023-01-11T02:57:36,40,0,6,40
2023-01-11T03:07:06,40,0,6,40
2023-01-11T03:16:36,40,0,6,40
2023-01-11T03:26:05,40,0,6,40
2023-01-11T03:35:34,40,0,6,40
2023-01-11T03:45:04,40,0,6,40
2023-01-11T03:54:35,40,0,6,40
2023-01-11T04:04:05,40,0,6,40
2023-01-11T04:13:37,40,0,6,40
2023-01-11T04:35:32,40,0,6,40
2023-01-11T04:45:05,40,0,6,40
2023-01-11T04:54:39,40,0,6,40
2023-01-11T05:04:08,40,0,6,40
2023-01-11T05:13:35,40,0,6,40
2023-01-11T05:23:04,40,0,6,40
2023-01-11T05:32:32,40,0,6,40
2023-01-11T05:42:34,40,0,6,40
2023-01-11T05:52:09,40,0,6,40
2023-01-11T06:01:39,40,0,6,40
2023-01-11T06:11:08,40,0,6,40
2023-01-11T06:20:38,40,0,6,40
2023-01-11T06:30:07,40,0,6,40
2023-01-11T06:39:35,40,0,6,40
2023-01-11T06:49:05,40,0,6,40
2023-01-11T06:58:34,40,0,6,40
2023-01-11T07:08:06,40,0,6,40
2023-01-11T07:17:36,40,0,6,40
2023-01-11T07:27:07,40,0,6,40
2023-01-11T07:36:39,40,0,6,40
2023-01-11T07:46:11,40,0,6,40
2023-01-11T07:55:44,40,0,6,40
2023-01-11T08:05:16,40,0,6,40
2023-01-11T08:14:48,40,0,6,40
2023-01-11T08:24:22,40,0,6,40
2023-01-11T08:34:06,40,0,6,40
2023-01-11T08:43:41,40,0,6,40
2023-01-11T08:53:14,40,0,6,40
2023-01-11T09:17:23,40,0,6,40
2023-01-11T09:27:17,40,0,6,40
2023-01-11T09:36:53,40,0,6,40
2023-01-11T09:46:26,40,0,6,40
2023-01-11T09:56:01,40,0,6,40
2023-01-11T10:05:39,40,0,6,40
2023-01-11T10:15:13,40,0,6,40
2023-01-11T10:24:59,40,0,6,40
2023-01-11T10:34:32,40,0,6,40
2023-01-11T10:44:06,40,0,6,40
2023-01-11T11:14:14,40,0,7,40
2023-01-11T12:08:51,40,0,7,40
2023-01-11T12:18:28,40,0,7,40
2023-01-11T12:28:07,40,0,7,40
2023-01-11T12:37:42,40,0,7,40
2023-01-11T12:47:31,40,0,7,40
2023-01-11T12:57:12,40,0,7,40
2023-01-11T13:06:53,40,0,7,40
2023-01-11T13:16:29,40,0,7,40
2023-01-11T13:26:18,40,0,7,40
2023-01-11T13:35:56,40,0,7,40
2023-01-11T13:45:43,40,0,7,40
2023-01-11T13:55:29,40,0,7,40
2023-01-11T14:05:23,40,0,7,40
2023-01-11T14:15:08,40,0,7,40
2023-01-11T14:24:47,40,0,7,40
2023-01-11T14:34:31,40,0,7,40
2023-01-11T14:44:23,40,0,7,40
2023-01-11T14:54:01,40,0,7,40
2023-01-11T15:03:43,40,0,7,40
2023-01-11T15:13:23,40,0,7,40
2023-01-11T15:22:56,40,0,7,40
2023-01-11T15:32:47,40,0,7,40
2023-01-11T15:42:27,40,0,7,40
2023-01-11T15:52:07,40,0,6,40
2023-01-11T16:01:50,40,0,6,40
2023-01-11T16:11:28,40,0,6,40
2023-01-11T16:21:12,40,0,6,40
2023-01-11T16:30:47,40,0,6,40
2023-01-11T16:40:19,40,0,6,40
2023-01-11T16:49:55,40,0,6,40
2023-01-11T16:59:33,40,0,6,40
2023-01-11T17:09:06,40,0,6,40
2023-01-11T17:18:49,40,0,6,40
2023-01-11T17:28:29,40,0,6,40
2023-01-11T17:38:01,40,0,6,40
2023-01-11T17:47:33,40,0,6,40
2023-01-11T17:57:05,40,0,6,40
2023-01-11T18:06:37,40,0,6,40
2023-01-11T18:16:11,40,0,6,40
2023-01-11T18:25:53,40,0,6,40
2023-01-11T18:35:23,39,1,6,40
2023-01-11T18:44:54,39,1,6,40
2023-01-11T18:54:26,39,1,6,40
2023-01-11T19:03:57,39,1,6,40
2023-01-11T19:13:29,39,1,6,40
2023-01-11T19:23:00,39,1,6,40
2023-01-11T19:32:32,39,1,6,40
2023-01-11T19:42:02,39,1,6,40
2023-01-11T19:51:44,39,1,6,40
2023-01-11T20:01:14,39,1,6,40
2023-01-11T20:10:44,39,1,6,40
2023-01-11T20:20:14,39,1,6,40
2023-01-11T20:29:46,39,1,6,40
2023-01-11T20:39:15,39,1,6,40
2023-01-11T20:48:46,39,1,6,40
2023-01-11T20:58:16,39,1,6,40
2023-01-11T21:07:46,39,1,6,40
2023-01-11T21:17:18,39,1,6,40
2023-01-11T21:26:58,39,1,6,40
2023-01-11T21:36:28,39,1,6,40
2023-01-11T21:45:58,39,1,6,40
2023-01-11T21:55:29,39,1,6,40
2023-01-11T22:05:02,39,1,6,40
2023-01-11T22:14:31,39,1,6,40
2023-01-11T22:24:02,39,1,6,40
2023-01-11T22:33:33,40,0,5,40
2023-01-11T22:43:13,40,0,5,40
2023-01-11T22:52:43,40,0,5,40
2023-01-11T23:02:14,40,0,5,40
2023-01-11T23:11:44,40,0,5,40
2023-01-11T23:21:15,40,0,5,40
2023-01-11T23:30:46,40,0,5,40
2023-01-11T23:40:17,40,0,5,40
2023-01-11T23:49:47,40,0,5,40
2023-01-11T23:59:19,40,0,5,40
2023-01-12T00:08:51,40,0,5,40
2023-01-12T00:18:35,40,0,5,40
2023-01-12T00:28:08,40,0,5,40
2023-01-12T00:37:46,40,0,5,40
2023-01-12T00:47:19,40,0,5,40
2023-01-12T00:56:53,40,0,5,40
2023-01-12T01:06:26,40,0,5,40
2023-01-12T01:15:58,40,0,5,40
2023-01-12T01:25:29,40,0,5,40
2023-01-12T01:35:00,40,0,5,40
2023-01-12T01:44:32,40,0,5,40
2023-01-12T01:54:02,40,0,5,40
2023-01-12T02:03:34,40,0,5,40
2023-01-12T02:13:05,40,0,5,40
2023-01-12T02:22:36,40,0,5,40
2023-01-12T02:32:05,40,0,5,40
2023-01-12T02:41:35,40,0,5,40
2023-01-12T02:51:04,40,0,5,40
2023-01-12T03:00:33,40,0,5,40
2023-01-12T03:10:02,40,0,5,40
2023-01-12T03:19:32,40,0,5,40
2023-01-12T03:29:02,40,0,5,40
2023-01-12T03:38:37,40,0,5,40
2023-01-12T03:48:11,40,0,5,40
2023-01-12T03:57:44,40,0,5,40
2023-01-12T04:07:18,40,0,5,40
2023-01-12T04:29:19,40,0,5,40
2023-01-12T04:40:22,40,0,5,40
2023-01-12T04:49:56,40,0,5,40
2023-01-12T04:59:29,40,0,5,40
2023-01-12T05:09:01,40,0,5,40
2023-01-12T05:18:32,40,0,5,40
2023-01-12T05:28:03,40,0,5,40
2023-01-12T05:37:36,40,0,5,40
2023-01-12T05:47:08,40,0,5,40
2023-01-12T05:56:41,40,0,5,40
2023-01-12T06:06:15,40,0,5,40
2023-01-12T06:15:48,40,0,5,40
2023-01-12T06:25:22,40,0,5,40
2023-01-12T06:34:57,40,0,5,40
2023-01-12T06:44:32,40,0,5,40
2023-01-12T06:54:05,40,0,5,40
2023-01-12T07:03:38,40,0,5,40
2023-01-12T07:13:11,40,0,5,40
2023-01-12T07:22:43,40,0,5,40
2023-01-12T07:32:16,40,0,5,40
2023-01-12T07:41:51,40,0,5,40
2023-01-12T07:51:24,40,0,5,40
2023-01-12T08:00:57,40,0,5,40
2023-01-12T08:10:35,40,0,5,40
2023-01-12T08:20:09,40,0,5,40
2023-01-12T08:29:49,40,0,5,40
2023-01-12T08:39:26,40,0,5,40
2023-01-12T08:49:15,40,0,5,40
2023-01-12T08:58:53,40,0,5,40
2023-01-12T09:08:36,40,0,5,40
2023-01-12T09:18:16,40,0,5,40
2023-01-12T09:28:04,40,0,5,40
2023-01-12T09:37:45,40,0,5,40
2023-01-12T09:47:23,40,0,5,40
2023-01-12T09:57:18,40,0,5,40
2023-01-12T10:07:02,40,0,5,40
2023-01-12T10:16:41,40,0,5,40
2023-01-12T10:26:30,40,0,5,40
2023-01-12T10:36:08,40,0,5,40
2023-01-12T10:46:06,40,0,5,40
2023-01-12T10:55:50,40,0,5,40
2023-01-12T11:05:35,40,0,5,40
2023-01-12T11:15:21,40,0,5,40
2023-01-12T11:25:14,40,0,5,40
2023-01-12T11:34:53,40,0,5,40
2023-01-12T11:44:35,40,0,5,40
2023-01-12T11:54:14,40,0,5,40
2023-01-12T12:04:10,40,0,5,40
2023-01-12T12:13:50,40,0,5,40
2023-01-12T12:23:29,40,0,5,40
2023-01-12T12:33:17,40,0,5,40
2023-01-12T12:43:00,40,0,5,40
2023-01-12T12:52:55,40,0,5,40
2023-01-12T13:02:41,40,0,5,40
2023-01-12T13:12:29,40,0,5,40
2023-01-12T13:22:17,40,0,5,40
2023-01-12T13:32:10,40,0,5,40
2023-01-12T13:41:50,40,0,5,40
2023-01-12T13:51:36,40,0,5,40
2023-01-12T14:01:19,40,0,5,40
2023-01-12T14:11:10,40,0,5,40
2023-01-12T14:20:52,40,0,5,40
2023-01-12T14:30:30,40,0,5,40
2023-01-12T14:40:11,40,0,5,40
2023-01-12T14:49:58,40,0,5,40
2023-01-12T14:59:47,40,0,5,40
2023-01-12T15:09:28,40,0,5,40
2023-01-12T15:19:20,40,0,5,40
2023-01-12T15:29:14,40,0,5,40
2023-01-12T15:38:50,40,0,5,40
2023-01-12T15:48:31,40,0,5,40
2023-01-12T15:58:10,40,0,5,40
2023-01-12T16:08:03,40,0,5,40
2023-01-12T16:17:39,40,0,5,40
2023-01-12T16:27:14,40,0,5,40
2023-01-12T16:36:51,40,0,5,40
2023-01-12T16:46:34,40,0,6,40
2023-01-12T16:56:11,40,0,6,40
2023-01-12T17:05:49,40,0,6,40
2023-01-12T17:15:23,40,0,6,40
2023-01-12T17:25:15,40,0,6,40
2023-01-12T17:34:55,40,0,6,40
2023-01-12T17:44:40,40,0,6,40
2023-01-12T17:54:29,40,0,6,40
2023-01-12T18:04:21,40,0,6,40
2023-01-12T18:14:21,40,0,6,40
2023-01-12T18:24:12,40,0,6,40
2023-01-12T18:34:03,40,0,6,40
2023-01-12T18:43:50,40,0,6,40
2023-01-12T18:53:44,40,0,5,40
2023-01-12T19:03:35,40,0,5,40
2023-01-12T19:13:20,40,0,5,40
2023-01-12T19:23:01,40,0,5,40
2023-01-12T19:32:51,40,0,5,40
2023-01-12T19:42:32,40,0,5,40
2023-01-12T19:52:13,40,0,5,40
2023-01-12T20:01:51,40,0,5,40
2023-01-12T20:11:31,40,0,5,40
2023-01-12T20:21:14,40,0,5,40
2023-01-12T20:30:51,40,0,5,40
2023-01-12T20:40:26,40,0,5,40
2023-01-12T20:50:01,40,0,5,40
2023-01-12T20:59:43,40,0,5,40
2023-01-12T21:09:21,40,0,5,40
2023-01-12T21:18:52,40,0,5,40
2023-01-12T21:28:27,40,0,5,40
2023-01-12T21:38:01,40,0,5,40
2023-01-12T21:47:33,40,0,5,40
2023-01-12T21:57:04,40,0,5,40
2023-01-12T22:06:37,40,0,5,40
2023-01-12T22:16:10,40,0,5,40
2023-01-12T22:25:53,40,0,5,40
2023-01-12T22:35:26,40,0,5,40
2023-01-12T22:44:57,40,0,5,40
2023-01-12T22:54:28,40,0,5,40
2023-01-12T23:03:59,40,0,5,40
2023-01-12T23:13:31,40,0,5,40
2023-01-12T23:23:02,40,0,5,40
2023-01-12T23:32:33,40,0,5,40
2023-01-12T23:42:04,40,0,5,40
2023-01-12T23:51:35,40,0,5,40
2023-01-13T00:01:05,40,0,5,40
2023-01-13T00:10:49,40,0,5,40
2023-01-13T00:20:27,40,0,5,40
2023-01-13T00:30:00,40,0,5,40
2023-01-13T00:39:34,40,0,5,40
2023-01-13T00:49:07,40,0,5,40
2023-01-13T00:58:41,40,0,5,40
2023-01-13T01:08:14,40,0,5,40
2023-01-13T01:17:48,40,0,5,40
2023-01-13T01:27:22,40,0,5,40
2023-01-13T01:36:59,40,0,5,40
2023-01-13T01:46:30,40,0,5,40
2023-01-13T01:56:03,40,0,5,40
2023-01-13T02:05:35,40,0,5,40
2023-01-13T02:15:09,40,0,5,40
2023-01-13T02:24:44,40,0,5,40
2023-01-13T02:34:18,40,0,5,40
2023-01-13T02:43:54,40,0,5,40
2023-01-13T02:53:30,40,0,5,40
2023-01-13T03:03:06,40,0,5,40
2023-01-13T03:12:39,40,0,5,40
2023-01-13T03:22:13,40,0,5,40
2023-01-13T03:31:48,40,0,5,40
2023-01-13T03:41:23,40,0,5,40
2023-01-13T03:50:58,40,0,5,40
2023-01-13T04:00:33,40,0,5,40
2023-01-13T04:10:08,40,0,5,40
2023-01-13T04:26:26,40,0,5,40
2023-01-13T04:36:18,40,0,5,40
2023-01-13T04:45:54,40,0,5,40
2023-01-13T04:55:28,40,0,5,40
2023-01-13T05:05:02,40,0,5,40
2023-01-13T05:14:33,40,0,5,40
2023-01-13T05:24:05,40,0,5,40
2023-01-13T05:33:38,40,0,5,40
2023-01-13T05:43:12,40,0,5,40
2023-01-13T05:52:48,40,0,5,40
2023-01-13T06:02:21,40,0,5,40
2023-01-13T06:11:55,40,0,5,40
2023-01-13T06:21:32,40,0,5,40
2023-01-13T06:31:08,40,0,5,40
2023-01-13T06:40:42,40,0,5,40
2023-01-13T06:50:14,40,0,5,40
2023-01-13T06:59:46,40,0,5,40
2023-01-13T07:09:22,40,0,5,40
2023-01-13T07:18:59,40,0,5,40
2023-01-13T07:28:36,40,0,5,40
2023-01-13T07:38:15,40,0,5,40
2023-01-13T07:47:50,40,0,5,40
2023-01-13T07:57:25,40,0,5,40
2023-01-13T08:07:03,40,0,5,40
2023-01-13T08:16:36,40,0,5,40
2023-01-13T08:26:21,40,0,5,40
2023-01-13T08:36:04,40,0,5,40
2023-01-13T08:45:46,40,0,5,40
2023-01-13T08:55:31,40,0,5,40
2023-01-13T09:05:12,40,0,5,40
2023-01-13T09:14:53,40,0,5,40
2023-01-13T09:24:33,40,0,5,40
2023-01-13T09:34:14,40,0,5,40
2023-01-13T09:44:04,40,0,5,40
2023-01-13T09:53:47,40,0,5,40
2023-01-13T10:03:47,40,0,5,40
2023-01-13T10:13:26,40,0,5,40
2023-01-13T10:23:12,40,0,5,40
2023-01-13T10:33:01,40,0,5,40
2023-01-13T10:42:47,40,0,5,40
2023-01-13T10:52:28,40,0,5,40
2023-01-13T11:02:11,40,0,5,40
2023-01-13T11:12:09,40,0,5,40
2023-01-13T11:21:51,40,0,5,40
2023-01-13T11:31:36,40,0,5,40
2023-01-13T11:41:16,40,0,5,40
2023-01-13T11:51:04,40,0,5,40
2023-01-13T12:00:55,40,0,5,40
2023-01-13T12:10:41,40,0,5,40
2023-01-13T12:20:20,40,0,5,40
2023-01-13T12:30:11,40,0,5,40
2023-01-13T12:39:55,40,0,5,40
2023-01-13T12:49:40,40,0,5,40
2023-01-13T12:59:25,40,0,5,40
2023-01-13T13:09:11,40,0,5,40
2023-01-13T13:18:54,40,0,5,40
2023-01-13T13:28:47,40,0,5,40
2023-01-13T13:38:31,40,0,5,40
2023-01-13T13:48:17,40,0,5,40
2023-01-13T13:58:08,40,0,5,40
2023-01-13T14:07:47,40,0,5,40
2023-01-13T14:17:30,40,0,5,40
2023-01-13T14:27:12,40,0,5,40
2023-01-13T14:37:11,40,0,5,40
2023-01-13T14:46:49,40,0,5,40
2023-01-13T14:56:31,40,0,5,40
2023-01-13T15:06:13,40,0,5,40
2023-01-13T15:15:51,40,0,5,40
2023-01-13T15:25:44,40,0,5,40
2023-01-13T15:35:20,40,0,5,40
2023-01-13T15:44:57,40,0,5,40
2023-01-13T15:54:39,40,0,5,40
2023-01-13T16:04:22,40,0,5,40
2023-01-13T16:13:56,40,0,5,40
2023-01-13T16:23:33,40,0,5,40
2023-01-13T16:33:18,40,0,5,40
2023-01-13T16:42:54,40,0,5,40
2023-01-13T16:52:28,40,0,5,40
2023-01-13T17:02:04,40,0,5,40
2023-01-13T17:11:37,40,0,5,40
2023-01-13T17:21:09,40,0,5,40
2023-01-13T17:30:41,40,0,5,40
2023-01-13T17:40:19,40,0,5,40
2023-01-13T17:49:52,40,0,5,40
2023-01-13T17:59:23,40,0,5,40
2023-01-13T18:09:09,40,0,5,40
2023-01-13T18:18:40,40,0,5,40
2023-01-13T18:28:12,40,0,5,40
2023-01-13T18:37:47,40,0,5,40
2023-01-13T18:47:19,40,0,5,40
2023-01-13T18:56:50,40,0,5,40
2023-01-13T19:06:20,40,0,5,40
2023-01-13T19:15:53,40,0,5,40
2023-01-13T19:25:23,40,0,5,40
2023-01-13T19:34:54,40,0,5,40
2023-01-13T19:44:26,40,0,5,40
2023-01-13T19:53:57,40,0,5,40
2023-01-13T20:03:30,40,0,5,40
2023-01-13T20:13:01,40,0,5,40
2023-01-13T20:22:42,40,0,5,40
2023-01-13T20:32:13,40,0,5,40
2023-01-13T20:41:46,40,0,5,40
2023-01-13T20:51:16,40,0,5,40
2023-01-13T21:00:48,40,0,5,40
2023-01-13T21:10:19,40,0,5,40
2023-01-13T21:19:50,40,0,5,40
2023-01-13T21:29:20,40,0,5,40
2023-01-13T21:38:54,40,0,5,40
2023-01-13T21:48:25,40,0,5,40
2023-01-13T22:02:11,40,0,5,40
2023-01-13T22:12:11,40,0,5,40
2023-01-13T22:22:08,40,0,5,40
2023-01-13T22:32:09,40,0,5,40
2023-01-13T22:42:06,40,0,5,40
2023-01-13T22:52:03,40,0,5,40
2023-01-13T23:02:04,40,0,5,40
2023-01-13T23:12:13,40,0,5,40
2023-01-13T23:22:10,40,0,5,40
2023-01-13T23:32:09,40,0,5,40
2023-01-13T23:42:09,40,0,5,40
2023-01-13T23:52:09,40,0,5,40
2023-01-14T00:02:08,40,0,5,40
2023-01-14T00:12:07,40,0,5,40
2023-01-14T00:22:09,40,0,5,40
2023-01-14T00:32:09,40,0,5,40
2023-01-14T00:42:12,40,0,5,40
2023-01-14T00:52:12,40,0,5,40
2023-01-14T01:02:12,40,0,5,40
2023-01-14T01:12:13,40,0,5,40
2023-01-14T01:22:12,40,0,5,40
2023-01-14T01:32:18,40,0,5,40
2023-01-14T01:42:15,40,0,5,40
2023-01-14T01:52:11,40,0,5,40
2023-01-14T02:02:12,40,0,5,40
2023-01-14T02:12:17,40,0,5,40
2023-01-14T02:22:16,40,0,5,40
2023-01-14T02:32:14,40,0,5,40
2023-01-14T02:42:12,40,0,5,40
2023-01-14T02:52:10,40,0,5,40
2023-01-14T03:02:07,40,0,5,40
2023-01-14T03:12:03,40,0,5,40
2023-01-14T03:22:00,40,0,5,40
2023-01-14T03:32:00,40,0,5,40
2023-01-14T03:41:58,40,0,5,40
2023-01-14T03:51:56,40,0,5,40
2023-01-14T04:01:56,40,0,5,40
2023-01-14T04:31:44,40,0,5,40
2023-01-14T04:42:56,40,0,5,40
2023-01-14T04:53:13,40,0,5,40
2023-01-14T05:03:09,40,0,5,40
2023-01-14T05:13:06,40,0,5,40
2023-01-14T05:23:04,40,0,5,40
2023-01-14T05:33:00,40,0,5,40
2023-01-14T05:42:56,40,0,5,40
2023-01-14T05:52:54,40,0,5,40
2023-01-14T06:02:56,40,0,5,40
2023-01-14T06:12:56,40,0,5,40
2023-01-14T06:22:58,40,0,5,40
2023-01-14T06:32:56,40,0,5,40
2023-01-14T06:42:54,40,0,5,40
2023-01-14T06:52:57,40,0,5,40
2023-01-14T07:03:21,40,0,5,40
2023-01-14T07:13:26,40,0,5,40
2023-01-14T07:23:30,40,0,5,40
2023-01-14T07:33:33,40,0,5,40
2023-01-14T07:43:35,40,0,5,40
2023-01-14T07:53:37,40,0,5,40
2023-01-14T08:03:40,40,0,5,40
2023-01-14T08:13:42,40,0,5,40
2023-01-14T08:23:43,40,0,5,40
2023-01-14T08:33:47,40,0,5,40
2023-01-14T08:43:54,40,0,5,40
2023-01-14T08:54:00,40,0,5,40
2023-01-14T09:04:08,40,0,5,40
2023-01-14T09:14:13,40,0,5,40
2023-01-14T09:24:15,40,0,5,40
2023-01-14T09:34:23,40,0,5,40
2023-01-14T09:44:26,40,0,5,40
2023-01-14T09:54:38,40,0,5,40
2023-01-14T10:04:42,40,0,5,40
2023-01-14T10:14:45,40,0,5,40
2023-01-14T10:24:45,40,0,5,40
2023-01-14T10:34:51,40,0,5,40
2023-01-14T10:45:08,40,0,5,40
2023-01-14T10:55:17,40,0,5,40
2023-01-14T11:05:22,40,0,5,40
2023-01-14T11:15:24,40,0,5,40
2023-01-14T11:25:29,40,0,5,40
2023-01-14T11:35:32,40,0,5,40
2023-01-14T11:45:32,40,0,5,40
2023-01-14T11:55:35,40,0,5,40
2023-01-14T12:05:35,40,0,5,40
2023-01-14T12:15:38,40,0,5,40
2023-01-14T12:25:38,40,0,5,40
2023-01-14T12:35:45,40,0,5,40
2023-01-14T12:45:48,40,0,5,40
2023-01-14T12:55:55,40,0,5,40
2023-01-14T13:05:57,40,0,5,40
2023-01-14T13:15:58,40,0,5,40
2023-01-14T13:25:59,40,0,5,40
2023-01-14T13:36:02,40,0,5,40
2023-01-14T13:46:05,40,0,5,40
2023-01-14T13:56:13,40,0,5,40
2023-01-14T14:06:12,40,0,5,40
2023-01-14T14:16:15,40,0,5,40
2023-01-14T14:26:22,40,0,5,40
2023-01-14T14:36:21,40,0,5,40
2023-01-14T14:46:20,40,0,5,40
2023-01-14T14:56:18,40,0,5,40
2023-01-14T15:06:15,40,0,5,40
2023-01-14T15:16:14,40,0,5,40
2023-01-14T15:26:11,40,0,5,40
2023-01-14T15:36:09,40,0,5,40
2023-01-14T15:46:07,40,0,5,40
2023-01-14T15:56:13,40,0,5,40
2023-01-14T16:06:10,40,0,5,40
2023-01-14T16:16:14,40,0,5,40
2023-01-14T16:26:11,40,0,5,40
2023-01-14T16:36:08,40,0,5,40
2023-01-14T16:46:04,40,0,5,40
2023-01-14T16:56:00,40,0,5,40
2023-01-14T17:05:57,40,0,5,40
2023-01-14T17:15:54,40,0,5,40
2023-01-14T17:25:51,40,0,5,40
2023-01-14T17:35:48,40,0,5,40
2023-01-14T17:45:45,40,0,5,40
2023-01-14T17:55:42,40,0,5,40
2023-01-14T18:05:38,40,0,5,40
2023-01-14T18:15:35,40,0,5,40
2023-01-14T18:25:49,40,0,5,40
2023-01-14T18:35:45,40,0,5,40
2023-01-14T18:45:42,40,0,5,40
2023-01-14T18:55:39,40,0,5,40
2023-01-14T19:05:35,40,0,5,40
2023-01-14T19:15:33,40,0,5,40
2023-01-14T19:25:30,40,0,5,40
2023-01-14T19:35:26,40,0,5,40
2023-01-14T19:45:24,40,0,5,40
2023-01-14T19:55:23,40,0,5,40
2023-01-14T20:05:19,40,0,5,40
2023-01-14T20:15:20,40,0,5,40
2023-01-14T20:25:17,40,0,5,40
2023-01-14T20:35:13,40,0,5,40
2023-01-14T20:45:10,40,0,5,40
2023-01-14T20:55:09,40,0,5,40
2023-01-14T21:05:08,40,0,5,40
2023-01-14T21:15:04,40,0,5,40
2023-01-14T21:25:01,40,0,5,40
2023-01-14T21:35:01,40,0,5,40
2023-01-14T21:45:00,40,0,5,40
2023-01-14T21:55:07,40,0,5,40
2023-01-14T22:05:04,40,0,5,40
2023-01-14T22:15:04,40,0,5,40
2023-01-14T22:25:02,40,0,5,40
2023-01-14T22:35:02,40,0,5,40
2023-01-14T22:45:01,40,0,5,40
2023-01-14T22:54:59,40,0,5,40
2023-01-14T23:05:03,40,0,5,40
2023-01-14T23:15:00,40,0,5,40
2023-01-14T23:24:59,40,0,5,40
2023-01-14T23:34:56,40,0,5,40
2023-01-14T23:44:52,40,0,5,40
2023-01-14T23:54:50,40,0,5,40
2023-01-15T00:04:49,40,0,5,40
2023-01-15T00:14:48,40,0,5,40
2023-01-15T00:24:46,40,0,5,40
2023-01-15T00:34:46,40,0,5,40
2023-01-15T00:44:42,40,0,5,40
2023-01-15T01:07:05,40,0,5,40
2023-01-15T01:17:05,40,0,5,40
2023-01-15T01:27:06,40,0,5,40
2023-01-15T01:37:27,40,0,5,40
2023-01-15T01:47:26,40,0,5,40
2023-01-15T01:57:26,40,0,5,40
2023-01-15T02:07:25,40,0,5,40
2023-01-15T02:17:27,40,0,5,40
2023-01-15T02:27:26,40,0,5,40
2023-01-15T02:37:23,40,0,5,40
2023-01-15T02:47:20,40,0,5,40
2023-01-15T02:57:18,40,0,5,40
2023-01-15T03:07:16,40,0,5,40
2023-01-15T03:17:14,40,0,5,40
2023-01-15T03:27:15,40,0,5,40
2023-01-15T03:37:15,40,0,5,40
2023-01-15T03:47:15,40,0,5,40
2023-01-15T03:57:15,40,0,5,40
2023-01-15T04:07:17,40,0,5,40
2023-01-15T04:33:11,40,0,5,40
2023-01-15T04:43:28,40,0,5,40
2023-01-15T04:53:28,40,0,5,40
2023-01-15T05:03:25,40,0,5,40
2023-01-15T05:13:23,40,0,5,40
2023-01-15T05:23:20,40,0,5,40
2023-01-15T05:33:16,40,0,5,40
2023-01-15T05:43:12,40,0,5,40
2023-01-15T05:53:10,40,0,5,40
2023-01-15T06:03:10,40,0,5,40
2023-01-15T06:13:11,40,0,5,40
2023-01-15T06:23:11,40,0,5,40
2023-01-15T06:33:09,40,0,5,40
2023-01-15T06:43:08,40,0,5,40
2023-01-15T06:53:08,40,0,5,40
2023-01-15T07:03:07,40,0,5,40
2023-01-15T07:13:05,40,0,5,40
2023-01-15T07:23:05,40,0,5,40
2023-01-15T07:33:05,40,0,5,40
2023-01-15T07:43:06,40,0,5,40
2023-01-15T07:53:04,40,0,5,40
2023-01-15T08:03:02,40,0,5,40
2023-01-15T08:13:01,40,0,5,40
2023-01-15T08:22:58,40,0,5,40
2023-01-15T08:32:57,40,0,5,40
2023-01-15T08:42:56,40,0,5,40
2023-01-15T08:52:55,40,0,5,40
2023-01-15T09:02:54,40,0,5,40
2023-01-15T09:12:53,40,0,5,40
2023-01-15T09:22:53,40,0,5,40
2023-01-15T09:32:51,40,0,5,40
2023-01-15T09:42:52,40,0,5,40
2023-01-15T09:52:51,40,0,5,40
2023-01-15T10:02:49,40,0,5,40
2023-01-15T10:12:52,40,0,5,40
2023-01-15T10:22:59,40,0,5,40
2023-01-15T10:33:04,40,0,5,40
2023-01-15T10:43:09,40,0,5,40
2023-01-15T10:53:16,40,0,5,40
2023-01-15T11:03:20,40,0,5,40
2023-01-15T11:13:29,40,0,5,40
2023-01-15T11:23:34,40,0,5,40
2023-01-15T11:33:40,40,0,5,40
2023-01-15T11:43:45,40,0,5,40
2023-01-15T11:53:46,40,0,5,40
2023-01-15T12:03:47,40,0,5,40
2023-01-15T12:13:46,40,0,5,40
2023-01-15T12:23:46,40,0,5,40
2023-01-15T12:33:44,40,0,5,40
2023-01-15T12:43:43,40,0,5,40
2023-01-15T12:53:50,40,0,5,40
2023-01-15T13:03:48,40,0,5,40
2023-01-15T13:13:46,40,0,5,40
2023-01-15T13:23:43,40,0,5,40
2023-01-15T13:33:39,40,0,5,40
2023-01-15T13:43:37,40,0,5,40
2023-01-15T13:53:35,40,0,5,40
2023-01-15T14:03:32,40,0,5,40
2023-01-15T14:13:29,40,0,5,40
2023-01-15T14:23:26,40,0,5,40
2023-01-15T14:33:23,40,0,5,40
2023-01-15T14:43:19,40,0,5,40
2023-01-15T14:53:17,40,0,5,40
2023-01-15T15:03:13,40,0,5,40
2023-01-15T15:13:21,40,0,5,40
2023-01-15T15:23:20,40,0,5,40
2023-01-15T15:33:17,40,0,5,40
2023-01-15T15:43:13,40,0,5,40
2023-01-15T15:53:11,40,0,5,40
2023-01-15T16:03:09,40,0,5,40
2023-01-15T16:13:06,40,0,5,40
2023-01-15T16:23:03,40,0,5,40
2023-01-15T16:33:01,40,0,5,40
2023-01-15T16:42:59,40,0,5,40
2023-01-15T16:52:56,40,0,5,40
2023-01-15T17:02:52,40,0,5,40
2023-01-15T17:12:49,40,0,5,40
2023-01-15T17:22:46,40,0,5,40
2023-01-15T17:32:43,40,0,5,40
2023-01-15T17:42:50,40,0,5,40
2023-01-15T17:52:49,40,0,5,40
2023-01-15T18:02:45,40,0,5,40
2023-01-15T18:12:42,40,0,5,40
2023-01-15T18:22:39,40,0,5,40
2023-01-15T18:32:35,40,0,5,40
2023-01-15T18:42:31,40,0,5,40
2023-01-15T18:52:29,40,0,5,40
2023-01-15T19:02:28,40,0,5,40
2023-01-15T19:12:26,40,0,5,40
2023-01-15T19:22:24,40,0,5,40
2023-01-15T19:32:21,40,0,5,40
2023-01-15T19:42:19,40,0,5,40
2023-01-15T19:52:15,40,0,5,40
2023-01-15T20:02:13,40,0,5,40
2023-01-15T20:12:10,40,0,5,40
2023-01-15T20:22:18,40,0,5,40
2023-01-15T20:32:17,40,0,5,40
2023-01-15T20:42:13,40,0,5,40
2023-01-15T20:52:10,40,0,5,40
2023-01-15T21:02:06,40,0,5,40
2023-01-15T21:12:02,40,0,5,40
2023-01-15T21:21:59,40,0,5,40
2023-01-15T21:31:55,40,0,5,40
2023-01-15T21:41:51,40,0,5,40
2023-01-15T21:51:48,40,0,5,40
2023-01-15T22:01:45,40,0,5,40
2023-01-15T22:11:41,40,0,5,40
2023-01-15T22:21:38,40,0,5,40
2023-01-15T22:31:37,40,0,5,40
2023-01-15T22:41:34,40,0,5,40
2023-01-15T22:51:40,40,0,5,40
2023-01-15T23:01:36,40,0,5,40
2023-01-15T23:11:34,40,0,5,40
2023-01-15T23:21:30,40,0,5,40
2023-01-15T23:31:28,40,0,5,40
2023-01-15T23:41:25,40,0,6,40
2023-01-15T23:51:22,40,0,6,40
2023-01-16T00:01:20,40,0,6,40
2023-01-16T00:11:21,40,0,6,40
2023-01-16T00:21:23,40,0,6,40
2023-01-16T00:31:27,40,0,6,40
2023-01-16T00:41:27,40,0,6,40
2023-01-16T00:51:26,40,0,6,40
2023-01-16T01:01:25,40,0,6,40
2023-01-16T01:11:24,40,0,6,40
2023-01-16T01:21:20,40,0,6,40
2023-01-16T01:31:17,40,0,6,40
2023-01-16T01:41:18,40,0,6,40
2023-01-16T01:51:20,40,0,6,40
2023-01-16T02:01:23,40,0,6,40
2023-01-16T02:11:24,40,0,6,40
2023-01-16T02:21:23,40,0,6,40
2023-01-16T02:31:21,40,0,6,40
2023-01-16T02:41:20,40,0,6,40
2023-01-16T02:51:17,40,0,6,40
2023-01-16T03:01:16,40,0,6,40
2023-01-16T03:11:13,40,0,6,40
2023-01-16T03:21:14,40,0,6,40
2023-01-16T03:31:13,40,0,6,40
2023-01-16T03:41:24,40,0,6,40
2023-01-16T03:51:25,40,0,6,40
2023-01-16T04:01:24,40,0,6,40
2023-01-16T04:20:41,40,0,6,40
2023-01-16T04:30:41,40,0,6,40
2023-01-16T04:40:41,40,0,6,40
2023-01-16T04:52:18,40,0,6,40
2023-01-16T05:02:16,40,0,6,40
2023-01-16T05:12:13,40,0,6,40
2023-01-16T05:22:10,40,0,6,40
2023-01-16T05:32:09,40,0,6,40
2023-01-16T05:42:05,40,0,6,40
2023-01-16T05:52:05,40,0,6,40
2023-01-16T06:02:07,40,0,6,40
2023-01-16T06:12:09,40,0,6,40
2023-01-16T06:22:10,40,0,6,40
2023-01-16T06:32:08,40,0,6,40
2023-01-16T06:42:06,40,0,6,40
2023-01-16T06:52:03,40,0,6,40
2023-01-16T07:02:01,40,0,6,40
2023-01-16T07:12:00,40,0,6,40
2023-01-16T07:21:58,40,0,6,40
2023-01-16T07:31:56,40,0,6,40
2023-01-16T07:41:55,40,0,6,40
2023-01-16T07:51:53,40,0,6,40
2023-01-16T08:01:51,40,0,6,40
2023-01-16T08:11:49,40,0,6,40
2023-01-16T08:21:47,40,0,6,40
2023-01-16T08:31:45,40,0,6,40
2023-01-16T08:41:44,40,0,6,40
2023-01-16T08:51:42,40,0,6,40
2023-01-16T09:01:40,40,0,6,40
2023-01-16T09:11:40,40,0,6,40
2023-01-16T09:21:38,40,0,6,40
2023-01-16T09:31:38,40,0,6,40
2023-01-16T09:41:37,40,0,6,40
2023-01-16T09:51:36,40,0,6,40
2023-01-16T10:01:37,40,0,6,40
2023-01-16T10:11:35,40,0,6,40
2023-01-16T10:21:34,40,0,6,40
2023-01-16T10:31:34,40,0,6,40
2023-01-16T10:41:32,40,0,6,40
2023-01-16T10:51:30,40,0,6,40
2023-01-16T11:01:28,40,0,6,40
2023-01-16T11:11:26,40,0,6,40
2023-01-16T11:21:24,40,0,6,40
2023-01-16T11:31:23,40,0,6,40
2023-01-16T11:41:21,40,0,6,40
2023-01-16T11:51:28,40,0,6,40
2023-01-16T12:01:27,40,0,6,40
2023-01-16T12:11:27,40,0,6,40
2023-01-16T12:21:27,40,0,6,40
2023-01-16T12:31:25,40,0,6,40
2023-01-16T12:41:24,40,0,6,40
2023-01-16T12:51:23,40,0,6,40
2023-01-16T13:01:21,40,0,6,40
2023-01-16T13:11:20,40,0,6,40
2023-01-16T13:21:18,40,0,6,40
2023-01-16T13:31:16,40,0,6,40
2023-01-16T13:41:16,40,0,6,40
2023-01-16T13:51:14,40,0,6,40
2023-01-16T14:01:14,40,0,6,40
2023-01-16T14:11:13,40,0,6,40
2023-01-16T14:21:23,40,0,6,40
2023-01-16T14:31:23,40,0,6,40
2023-01-16T14:41:22,40,0,6,40
2023-01-16T14:51:22,40,0,6,40
2023-01-16T15:01:22,40,0,6,40
2023-01-16T15:11:21,40,0,6,40
2023-01-16T15:21:24,40,0,6,40
2023-01-16T15:31:29,40,0,6,40
2023-01-16T15:41:32,40,0,6,40
2023-01-16T15:51:32,40,0,5,40
2023-01-16T16:01:30,40,0,5,40
2023-01-16T16:11:34,40,0,5,40
2023-01-16T16:21:43,40,0,5,40
2023-01-16T16:31:54,40,0,5,40
2023-01-16T16:41:52,40,0,5,40
2023-01-16T16:51:53,40,0,5,40
2023-01-16T17:01:55,40,0,5,40
2023-01-16T17:11:57,40,0,5,40
2023-01-16T17:21:54,40,0,5,40
2023-01-16T17:31:53,40,0,5,40
2023-01-16T17:41:50,40,0,5,40
2023-01-16T17:51:49,40,0,5,40
2023-01-16T18:01:46,40,0,5,40
2023-01-16T18:11:44,40,0,5,40
2023-01-16T18:21:40,40,0,5,40
2023-01-16T18:31:49,40,0,5,40
2023-01-16T18:41:46,40,0,5,40
2023-01-16T18:51:46,40,0,5,40
2023-01-16T19:01:43,40,0,5,40
2023-01-16T19:11:41,40,0,5,40
2023-01-16T19:21:40,40,0,5,40
2023-01-16T19:31:38,40,0,5,40
2023-01-16T19:41:35,40,0,5,40
2023-01-16T19:51:33,40,0,5,40
2023-01-16T20:01:29,40,0,5,40
2023-01-16T20:11:28,40,0,5,40
2023-01-16T20:21:27,40,0,5,40
2023-01-16T20:31:36,40,0,5,40
2023-01-16T20:41:34,40,0,5,40
2023-01-16T20:51:31,40,0,5,40
2023-01-16T21:01:30,40,0,5,40
2023-01-16T21:11:29,40,0,5,40
2023-01-16T21:21:26,40,0,5,40
2023-01-16T21:31:24,40,0,5,40
2023-01-16T21:41:21,40,0,5,40
2023-01-16T21:51:20,40,0,5,40
2023-01-16T22:01:17,40,0,5,40
2023-01-16T22:11:14,40,0,5,40
2023-01-16T22:21:21,40,0,5,40
2023-01-16T22:31:19,40,0,5,40
2023-01-16T22:41:16,40,0,5,40
2023-01-16T22:51:31,40,0,5,40
2023-01-16T23:01:29,40,0,5,40
2023-01-16T23:11:27,40,0,5,40
2023-01-16T23:21:25,40,0,5,40
2023-01-16T23:31:24,40,0,5,40
2023-01-16T23:41:25,40,0,5,40
2023-01-16T23:51:22,40,0,5,40
2023-01-17T00:01:36,40,0,5,40
2023-01-17T00:11:35,40,0,5,40
2023-01-17T00:21:37,40,0,5,40
2023-01-17T00:31:45,40,0,5,40
2023-01-17T00:41:44,40,0,5,40
2023-01-17T00:51:44,40,0,5,40
2023-01-17T01:01:46,40,0,5,40
2023-01-17T01:11:45,40,0,5,40
2023-01-17T01:21:44,40,0,5,40
2023-01-17T01:31:42,40,0,5,40
2023-01-17T01:41:43,40,0,5,40
2023-01-17T01:51:42,40,0,5,40
2023-01-17T02:01:42,40,0,5,40
2023-01-17T02:11:47,40,0,5,40
2023-01-17T02:21:51,40,0,5,40
2023-01-17T02:31:51,40,0,5,40
2023-01-17T02:41:50,40,0,5,40
2023-01-17T02:51:48,40,0,5,40
2023-01-17T03:01:47,40,0,5,40
2023-01-17T03:11:49,40,0,5,40
2023-01-17T03:21:47,40,0,5,40
2023-01-17T03:31:51,40,0,5,40
2023-01-17T03:41:52,40,0,5,40
2023-01-17T03:51:54,40,0,5,40
2023-01-17T04:01:53,40,0,5,40
2023-01-17T04:11:53,40,0,5,40
2023-01-17T04:32:04,40,0,5,40
2023-01-17T04:42:23,40,0,5,40
2023-01-17T04:52:22,40,0,5,40
2023-01-17T05:02:20,40,0,5,40
2023-01-17T05:12:18,40,0,5,40
2023-01-17T05:22:19,40,0,5,40
2023-01-17T05:32:16,40,0,5,40
2023-01-17T05:42:13,40,0,5,40
2023-01-17T05:52:13,40,0,5,40
2023-01-17T06:02:15,40,0,5,40
2023-01-17T06:12:15,40,0,5,40
2023-01-17T06:22:27,40,0,5,40
2023-01-17T06:32:28,40,0,5,40
2023-01-17T06:42:30,40,0,5,40
2023-01-17T06:52:31,40,0,5,40
2023-01-17T07:02:30,40,0,5,40
2023-01-17T07:12:35,40,0,5,40
2023-01-17T07:22:45,40,0,5,40
2023-01-17T07:33:00,40,0,5,40
2023-01-17T07:43:10,40,0,5,40
2023-01-17T07:53:25,40,0,5,40
2023-01-17T08:03:31,40,0,5,40
2023-01-17T08:13:45,40,0,5,40
2023-01-17T08:23:58,40,0,5,40
2023-01-17T08:34:10,40,0,5,40
2023-01-17T08:44:24,40,0,5,40
2023-01-17T08:54:36,40,0,5,40
2023-01-17T09:04:52,40,0,5,40
2023-01-17T09:15:06,40,0,5,40
2023-01-17T09:25:38,40,0,5,40
2023-01-17T09:35:50,40,0,5,40
2023-01-17T09:46:10,40,0,5,40
2023-01-17T09:56:33,40,0,5,40
2023-01-17T10:06:41,40,0,5,40
2023-01-17T10:17:00,40,0,5,40
2023-01-17T10:27:15,40,0,5,40
2023-01-17T10:37:34,40,0,5,40
2023-01-17T10:47:46,40,0,5,40
2023-01-17T10:57:57,40,0,5,40
2023-01-17T11:08:04,40,0,5,40
2023-01-17T11:18:16,40,0,5,40
2023-01-17T11:28:40,40,0,5,40
2023-01-17T11:38:57,40,0,5,40
2023-01-17T11:49:28,40,0,5,40
2023-01-17T11:59:39,40,0,5,40
2023-01-17T12:09:59,40,0,5,40
2023-01-17T12:20:23,40,0,5,40
2023-01-17T12:30:38,40,0,5,40
2023-01-17T12:40:53,40,0,5,40
2023-01-17T12:51:01,40,0,5,40
2023-01-17T13:01:04,40,0,5,40
2023-01-17T13:11:11,40,0,5,40
2023-01-17T13:21:39,40,0,5,40
2023-01-17T13:31:51,40,0,5,40
2023-01-17T13:42:12,40,0,5,40
2023-01-17T13:52:29,40,0,5,40
2023-01-17T14:02:47,40,0,5,40
2023-01-17T14:13:00,40,0,5,40
2023-01-17T14:23:19,40,0,5,40
2023-01-17T14:33:45,40,0,5,40
2023-01-17T14:43:53,40,0,5,40
2023-01-17T14:54:02,40,0,5,40
2023-01-17T15:04:11,40,0,5,40
2023-01-17T15:14:20,40,0,5,40
2023-01-17T15:24:37,40,0,5,40
2023-01-17T15:35:00,40,0,5,40
2023-01-17T15:45:13,40,0,5,40
2023-01-17T15:55:29,40,0,5,40
2023-01-17T16:05:36,40,0,5,40
2023-01-17T16:15:44,40,0,5,40
2023-01-17T16:25:52,40,0,5,40
2023-01-17T16:36:04,40,0,5,40
2023-01-17T16:46:09,40,0,5,40
2023-01-17T16:56:11,40,0,5,40
2023-01-17T17:06:13,40,0,5,40
2023-01-17T17:16:14,40,0,5,40
2023-01-17T17:26:17,40,0,5,40
2023-01-17T17:36:30,39,1,5,40
2023-01-17T17:46:30,39,1,5,40
2023-01-17T17:56:30,39,1,5,40
2023-01-17T18:06:29,39,1,5,40
2023-01-17T18:16:27,39,1,5,40
2023-01-17T18:26:26,39,1,5,40
2023-01-17T18:36:24,39,1,5,40
2023-01-17T18:46:34,39,1,5,40
2023-01-17T18:56:34,39,1,5,40
2023-01-17T19:06:35,39,1,5,40
2023-01-17T19:16:33,39,1,5,40
2023-01-17T19:26:34,39,1,5,40
2023-01-17T19:36:32,39,1,5,40
2023-01-17T19:46:32,39,1,4,40
2023-01-17T19:56:33,39,1,4,40
2023-01-17T20:06:34,39,1,4,40
2023-01-17T20:16:35,39,1,4,40
2023-01-17T20:26:35,39,1,4,40
2023-01-17T20:36:44,39,1,4,40
2023-01-17T20:46:43,39,1,4,40
2023-01-17T20:56:43,39,1,4,40
2023-01-17T21:06:48,39,1,4,40
2023-01-17T21:16:47,39,1,4,40
2023-01-17T21:26:46,39,1,4,40
2023-01-17T21:36:44,39,1,4,40
2023-01-17T21:46:43,39,1,4,40
2023-01-17T21:56:52,39,1,4,40
2023-01-17T22:06:52,39,1,4,40
2023-01-17T22:16:54,39,1,4,40
2023-01-17T22:26:52,39,1,4,40
2023-01-17T22:36:52,40,0,3,40
2023-01-17T22:46:51,40,0,3,40
2023-01-17T22:56:51,40,0,3,40
2023-01-17T23:06:49,40,0,3,40
2023-01-17T23:16:48,40,0,3,40
2023-01-17T23:26:49,40,0,3,40
2023-01-17T23:36:58,40,0,3,40
2023-01-17T23:46:57,40,0,3,40
2023-01-17T23:56:55,40,0,3,40
2023-01-18T00:06:56,40,0,3,40
2023-01-18T00:16:57,40,0,3,40
2023-01-18T00:26:57,40,0,3,40
2023-01-18T00:36:56,40,0,3,40
2023-01-18T00:46:54,40,0,3,40
2023-01-18T00:56:55,40,0,3,40
2023-01-18T01:06:53,40,0,3,40
2023-01-18T01:16:54,40,0,3,40
2023-01-18T01:26:51,40,0,3,40
2023-01-18T01:36:52,40,0,3,40
2023-01-18T01:46:47,40,0,3,40
2023-01-18T01:56:43,40,0,3,40
2023-01-18T02:06:40,40,0,3,40
2023-01-18T02:16:45,40,0,3,40
2023-01-18T02:26:50,40,0,3,40
2023-01-18T02:36:55,40,0,3,40
2023-01-18T02:47:06,40,0,3,40
2023-01-18T02:57:08,40,0,3,40
2023-01-18T03:07:09,40,0,3,40
2023-01-18T03:17:09,40,0,3,40
2023-01-18T03:27:10,40,0,3,40
2023-01-18T03:37:11,40,0,3,40
2023-01-18T03:47:12,40,0,3,40
2023-01-18T03:57:14,40,0,3,40
2023-01-18T04:07:13,40,0,3,40
2023-01-18T04:31:38,40,0,3,40
2023-01-18T04:41:57,40,0,3,40
2023-01-18T04:52:00,40,0,3,40
2023-01-18T05:01:59,40,0,3,40
2023-01-18T05:11:58,40,0,3,40
2023-01-18T05:21:56,40,0,3,40
2023-01-18T05:31:53,40,0,3,40
2023-01-18T05:41:50,40,0,3,40
2023-01-18T05:51:49,40,0,3,40
2023-01-18T06:01:50,40,0,3,40
2023-01-18T06:11:53,40,0,3,40
2023-01-18T06:21:54,40,0,3,40
2023-01-18T06:31:53,40,0,3,40
2023-01-18T06:41:53,40,0,3,40
2023-01-18T06:51:52,40,0,3,40
2023-01-18T07:01:55,40,0,3,40
2023-01-18T07:11:58,40,0,3,40
2023-01-18T07:21:58,40,0,3,40
2023-01-18T07:31:59,40,0,3,40
2023-01-18T07:42:03,40,0,3,40
2023-01-18T07:52:05,40,0,3,40
2023-01-18T08:02:09,40,0,3,40
2023-01-18T08:12:11,40,0,3,40
2023-01-18T08:22:16,40,0,3,40
2023-01-18T08:32:21,40,0,3,40
2023-01-18T08:42:23,40,0,3,40
2023-01-18T08:52:27,40,0,3,40
2023-01-18T09:02:31,40,0,3,40
2023-01-18T09:12:35,40,0,3,40
2023-01-18T09:22:38,40,0,3,40
2023-01-18T09:32:51,40,0,3,40
2023-01-18T09:43:04,40,0,3,40
2023-01-18T09:53:09,40,0,3,40
2023-01-18T10:03:15,40,0,3,40
2023-01-18T10:13:26,40,0,3,40
2023-01-18T10:23:40,40,0,3,40
2023-01-18T10:33:43,40,0,3,40
2023-01-18T10:43:48,40,0,3,40
2023-01-18T10:54:02,40,0,3,40
2023-01-18T11:04:24,40,0,3,40
2023-01-18T11:14:41,40,0,3,40
2023-01-18T11:24:51,40,0,3,40
2023-01-18T11:34:59,40,0,3,40
2023-01-18T11:45:07,40,0,3,40
2023-01-18T11:55:26,40,0,3,40
2023-01-18T12:05:38,40,0,3,40
2023-01-18T12:15:50,40,0,3,40
2023-01-18T12:26:02,40,0,3,40
2023-01-18T12:36:12,40,0,3,40
2023-01-18T12:46:34,40,0,3,40
2023-01-18T12:56:39,40,0,3,40
2023-01-18T13:06:46,40,0,3,40
2023-01-18T13:17:12,40,0,3,40
2023-01-18T13:27:16,40,0,3,40
2023-01-18T13:37:22,40,0,3,40
2023-01-18T13:47:29,40,0,3,40
2023-01-18T13:57:43,40,0,3,40
2023-01-18T14:08:10,40,0,3,40
2023-01-18T14:18:17,40,0,3,40
2023-01-18T14:28:24,40,0,3,40
2023-01-18T14:38:30,40,0,3,40
2023-01-18T14:48:35,39,1,3,40
2023-01-18T14:58:47,39,1,3,40
2023-01-18T15:09:04,39,1,3,40
2023-01-18T15:19:14,39,1,3,40
2023-01-18T15:29:25,39,1,3,40
2023-01-18T15:39:28,39,1,3,40
2023-01-18T15:49:32,39,1,3,40
2023-01-18T15:59:36,39,1,3,40
2023-01-18T16:09:57,39,1,3,40
2023-01-18T16:20:00,39,1,3,40
2023-01-18T16:30:01,39,1,3,40
2023-01-18T16:40:02,39,1,3,40
2023-01-18T16:50:04,39,1,3,40
2023-01-18T17:00:05,39,1,3,40
2023-01-18T17:10:07,39,1,3,40
2023-01-18T17:20:07,39,1,3,40
2023-01-18T17:30:07,39,1,3,40
2023-01-18T17:40:18,39,1,3,40
2023-01-18T17:50:17,39,1,3,40
2023-01-18T18:00:16,39,1,3,40
2023-01-18T18:10:16,39,1,3,40
2023-01-18T18:20:15,39,1,3,40
2023-01-18T18:30:15,39,1,3,40
2023-01-18T18:40:15,39,1,3,40
2023-01-18T18:50:15,39,1,3,40
2023-01-18T19:00:15,39,1,3,40
2023-01-18T19:10:15,39,1,3,40
2023-01-18T19:20:14,39,1,3,40
2023-01-18T19:30:12,39,1,3,40
2023-01-18T19:40:22,39,1,3,40
2023-01-18T19:50:23,39,1,3,40
2023-01-18T20:00:22,39,1,3,40
2023-01-18T20:10:21,39,1,3,40
2023-01-18T20:20:20,39,1,3,40
2023-01-18T20:30:18,39,1,3,40
2023-01-18T20:40:16,39,1,3,40
2023-01-18T20:50:15,39,1,3,40
2023-01-18T21:00:14,39,1,3,40
2023-01-18T21:10:13,39,1,3,40
2023-01-18T21:20:12,39,1,3,40
2023-01-18T21:30:14,39,1,3,40
2023-01-18T21:40:23,39,1,3,40
2023-01-18T21:50:21,39,1,3,40
2023-01-18T22:00:19,39,1,3,40
2023-01-18T22:10:18,39,1,3,40
2023-01-18T22:20:16,39,1,3,40
2023-01-18T22:30:15,39,1,3,40
2023-01-18T22:40:15,40,0,2,40
2023-01-18T22:50:14,40,0,2,40
2023-01-18T23:00:12,40,0,2,40
2023-01-18T23:10:11,40,0,2,40
2023-01-18T23:20:09,40,0,2,40
2023-01-18T23:30:19,40,0,2,40
2023-01-18T23:40:19,40,0,2,40
2023-01-18T23:50:19,40,0,2,40
2023-01-19T00:00:18,40,0,2,40
2023-01-19T00:10:20,40,0,2,40
2023-01-19T00:20:22,40,0,2,40
2023-01-19T00:30:22,40,0,2,40
2023-01-19T00:40:23,40,0,2,40
2023-01-19T00:50:24,40,0,2,40
2023-01-19T01:00:26,40,0,2,40
2023-01-19T01:10:25,40,0,2,40
2023-01-19T01:20:25,40,0,2,40
2023-01-19T01:30:33,40,0,2,40
2023-01-19T01:40:32,40,0,2,40
2023-01-19T01:50:29,40,0,2,40
2023-01-19T02:00:27,40,0,2,40
2023-01-19T02:10:25,40,0,2,40
2023-01-19T02:20:24,40,0,2,40
2023-01-19T02:30:24,40,0,2,40
2023-01-19T02:40:22,40,0,2,40
2023-01-19T02:50:20,40,0,2,40
2023-01-19T03:00:18,40,0,2,40
2023-01-19T03:10:16,40,0,2,40
2023-01-19T03:20:14,40,0,2,40
2023-01-19T03:30:12,40,0,2,40
2023-01-19T03:40:13,40,0,2,40
2023-01-19T03:50:16,40,0,2,40
2023-01-19T04:00:19,40,0,2,40
2023-01-19T04:10:21,40,0,2,40
2023-01-19T04:38:08,40,0,2,40
2023-01-19T04:48:28,40,0,2,40
2023-01-19T04:58:30,40,0,2,40
2023-01-19T05:08:31,40,0,2,40
2023-01-19T05:18:30,40,0,2,40
2023-01-19T05:28:28,40,0,2,40
2023-01-19T05:38:26,40,0,2,40
2023-01-19T05:48:25,40,0,2,40
2023-01-19T05:58:26,40,0,2,40
2023-01-19T06:08:33,40,0,2,40
2023-01-19T06:18:38,40,0,2,40
2023-01-19T06:28:39,40,0,2,40
2023-01-19T06:38:43,40,0,2,40
2023-01-19T06:48:45,40,0,2,40
2023-01-19T06:58:46,40,0,2,40
2023-01-19T07:08:52,40,0,2,40
2023-01-19T07:18:57,40,0,2,40
2023-01-19T07:29:01,40,0,2,40
2023-01-19T07:39:05,40,0,2,40
2023-01-19T07:49:08,40,0,2,40
2023-01-19T07:59:11,40,0,2,40
2023-01-19T08:09:16,40,0,2,40
2023-01-19T08:19:22,40,0,2,40
2023-01-19T08:29:34,40,0,2,40
2023-01-19T08:39:39,40,0,2,40
2023-01-19T08:49:42,40,0,2,40
2023-01-19T08:59:48,40,0,2,40
2023-01-19T09:09:56,40,0,2,40
2023-01-19T09:19:59,40,0,2,40
2023-01-19T09:30:11,40,0,2,40
2023-01-19T09:40:15,40,0,2,40
2023-01-19T09:50:22,40,0,2,40
2023-01-19T10:00:43,40,0,2,40
2023-01-19T10:10:48,40,0,2,40
2023-01-19T10:20:54,40,0,2,40
2023-01-19T10:30:58,40,0,2,40
2023-01-19T10:41:09,40,0,2,40
2023-01-19T10:51:30,40,0,2,40
2023-01-19T11:01:44,40,0,2,40
2023-01-19T11:11:48,40,0,2,40
2023-01-19T11:21:57,40,0,2,40
2023-01-19T11:32:02,40,0,2,40
2023-01-19T11:42:24,40,0,2,40
2023-01-19T11:52:32,40,0,2,40
2023-01-19T12:02:40,40,0,2,40
2023-01-19T12:12:52,40,0,2,40
2023-01-19T12:22:57,40,0,2,40
2023-01-19T12:33:22,40,0,2,40
2023-01-19T12:43:27,40,0,2,40
2023-01-19T12:53:31,40,0,2,40
2023-01-19T13:03:51,40,0,2,40
2023-01-19T13:14:00,40,0,2,40
2023-01-19T13:24:21,40,0,2,40
2023-01-19T13:34:32,40,0,2,40
2023-01-19T13:44:37,40,0,2,40
2023-01-19T13:54:45,40,0,2,40
2023-01-19T14:04:51,40,0,2,40
2023-01-19T14:14:55,40,0,2,40
2023-01-19T14:25:14,40,0,2,40
2023-01-19T14:35:20,40,0,2,40
2023-01-19T14:45:25,40,0,2,40
2023-01-19T14:55:30,40,0,2,40
2023-01-19T15:05:35,40,0,2,40
2023-01-19T15:15:45,40,0,2,40
2023-01-19T15:26:01,40,0,2,40
2023-01-19T15:36:08,40,0,2,40
2023-01-19T15:46:11,40,0,2,40
2023-01-19T15:56:14,40,0,2,40
2023-01-19T16:06:18,40,0,2,40
2023-01-19T16:16:35,40,0,2,40
2023-01-19T16:26:39,40,0,2,40
2023-01-19T16:36:41,40,0,2,40
2023-01-19T16:46:42,40,0,2,40
2023-01-19T16:56:51,40,0,2,40
2023-01-19T17:07:04,40,0,2,40
2023-01-19T17:17:06,40,0,2,40
2023-01-19T17:27:09,40,0,2,40
2023-01-19T17:37:11,40,0,2,40
2023-01-19T17:47:13,40,0,2,40
2023-01-19T17:57:13,40,0,2,40
2023-01-19T18:07:26,40,0,2,40
2023-01-19T18:17:26,40,0,2,40
2023-01-19T18:27:27,40,0,2,40
2023-01-19T18:37:27,40,0,2,40
2023-01-19T18:47:27,40,0,2,40
2023-01-19T18:57:26,40,0,2,40
2023-01-19T19:07:26,40,0,2,40
2023-01-19T19:17:25,40,0,2,40
2023-01-19T19:27:26,40,0,2,40
2023-01-19T19:37:36,40,0,2,40
2023-01-19T19:47:36,40,0,2,40
2023-01-19T19:57:35,40,0,2,40
2023-01-19T20:07:36,40,0,2,40
2023-01-19T20:17:36,40,0,2,40
2023-01-19T20:27:45,40,0,2,40
2023-01-19T20:37:45,40,0,2,40
2023-01-19T20:47:54,40,0,2,40
2023-01-19T20:57:55,40,0,2,40
2023-01-19T21:07:55,40,0,2,40
2023-01-19T21:17:54,40,0,2,40
2023-01-19T21:27:54,40,0,2,40
2023-01-19T21:37:52,40,0,2,40
2023-01-19T21:47:51,40,0,2,40
2023-01-19T21:57:52,40,0,2,40
2023-01-19T22:07:52,40,0,2,40
2023-01-19T22:18:02,40,0,2,40
2023-01-19T22:28:02,40,0,2,40
2023-01-19T22:38:02,40,0,2,40
2023-01-19T22:48:01,40,0,2,40
2023-01-19T22:58:00,40,0,2,40
2023-01-19T23:08:00,40,0,2,40
2023-01-19T23:18:12,39,1,2,40
2023-01-19T23:28:11,39,1,2,40
2023-01-19T23:38:11,39,1,2,40
2023-01-19T23:48:10,39,1,2,40
2023-01-19T23:58:09,39,1,1,40
2023-01-20T00:08:09,39,1,1,40
2023-01-20T00:18:13,39,1,1,40
2023-01-20T00:28:13,39,1,1,40
2023-01-20T00:38:32,39,1,1,40
2023-01-20T00:48:34,39,1,1,40
2023-01-20T00:58:36,39,1,1,40
2023-01-20T01:08:49,39,1,1,40
2023-01-20T01:18:51,39,1,1,40
2023-01-20T01:28:53,39,1,1,40
2023-01-20T01:38:54,39,1,1,40
2023-01-20T01:48:54,39,1,1,40
2023-01-20T01:58:54,39,1,1,40
2023-01-20T02:08:56,39,1,1,40
2023-01-20T02:18:58,39,1,1,40
2023-01-20T02:29:00,39,1,1,40
2023-01-20T02:39:01,39,1,1,40
2023-01-20T02:49:02,39,1,1,40
2023-01-20T02:59:02,39,1,1,40
2023-01-20T03:09:02,39,1,1,40
2023-01-20T03:19:01,39,1,1,40
2023-01-20T03:29:02,39,1,1,40
2023-01-20T03:39:04,39,1,1,40
2023-01-20T03:49:06,39,1,1,40
2023-01-20T03:59:07,39,1,1,40
2023-01-20T04:09:10,39,1,1,40
2023-01-20T04:31:14,39,1,1,40
2023-01-20T04:42:45,39,1,1,40
2023-01-20T04:52:47,39,1,1,40
2023-01-20T05:02:47,39,1,1,40
2023-01-20T05:12:46,39,1,1,40
2023-01-20T05:22:45,39,1,1,40
2023-01-20T05:32:44,39,1,1,40
2023-01-20T05:42:42,39,1,1,40
2023-01-20T05:52:42,39,1,1,40
2023-01-20T06:02:43,39,1,1,40
2023-01-20T06:12:46,39,1,1,40
2023-01-20T06:22:48,39,1,1,40
2023-01-20T06:32:48,39,1,1,40
2023-01-20T06:42:48,39,1,1,40
2023-01-20T06:52:49,39,1,1,40
2023-01-20T07:02:52,39,1,1,40
2023-01-20T07:12:54,39,1,1,40
2023-01-20T07:22:55,39,1,1,40
2023-01-20T07:32:59,39,1,1,40
2023-01-20T07:43:02,39,1,1,40
2023-01-20T07:53:03,39,1,1,40
2023-01-20T08:03:07,39,1,1,40
2023-01-20T08:13:12,39,1,1,40
2023-01-20T08:23:16,39,1,1,40
2023-01-20T08:33:19,39,1,1,40
2023-01-20T08:43:23,39,1,1,40
2023-01-20T08:53:26,39,1,1,40
2023-01-20T09:03:31,39,1,1,40
2023-01-20T09:13:53,39,1,1,40
2023-01-20T09:23:57,39,1,1,40
2023-01-20T09:34:10,39,1,1,40
2023-01-20T09:44:15,39,1,1,40
2023-01-20T09:54:22,39,1,1,40
2023-01-20T10:04:37,39,1,1,40
2023-01-20T10:14:47,39,1,1,40
2023-01-20T10:25:05,39,1,1,40
2023-01-20T10:35:15,39,1,1,40
2023-01-20T10:45:21,39,1,1,40
2023-01-20T10:55:28,39,1,1,40
2023-01-20T11:05:36,39,1,1,40
2023-01-20T11:15:40,39,1,1,40
2023-01-20T11:25:46,39,1,1,40
2023-01-20T11:36:10,39,1,1,40
2023-01-20T11:46:15,39,1,1,40
2023-01-20T11:56:21,39,1,1,40
2023-01-20T12:06:32,39,1,1,40
2023-01-20T12:16:49,40,0,0,40
2023-01-20T12:26:57,40,0,0,40
2023-01-20T12:37:13,40,0,0,40
2023-01-20T12:47:17,40,0,0,40
2023-01-20T12:57:21,40,0,0,40
2023-01-20T13:07:30,40,0,0,40
2023-01-20T13:17:38,40,0,0,40
2023-01-20T13:27:58,40,0,0,40
2023-01-20T13:38:03,40,0,0,40
2023-01-20T13:48:09,40,0,0,40
2023-01-20T13:58:21,40,0,0,40
2023-01-20T14:08:32,40,0,0,40
2023-01-20T14:19:04,40,0,0,40
2023-01-20T14:29:16,40,0,0,40
2023-01-20T14:39:25,40,0,0,40
2023-01-20T14:49:38,40,0,0,40
2023-01-20T14:59:47,40,0,0,40
2023-01-20T15:09:53,40,0,0,40
2023-01-20T15:20:11,40,0,0,40
2023-01-20T15:30:16,40,0,0,40
2023-01-20T15:40:20,40,0,0,40
2023-01-20T15:50:25,40,0,0,40
2023-01-20T16:00:29,40,0,0,40
2023-01-20T16:10:38,40,0,0,40
2023-01-20T16:20:46,40,0,0,40
2023-01-20T16:30:59,40,0,0,40
2023-01-20T16:41:00,40,0,0,40
2023-01-20T16:51:04,40,0,0,40
2023-01-20T17:01:06,40,0,0,40
2023-01-20T17:11:19,40,0,0,40
2023-01-20T17:21:21,39,1,0,40
2023-01-20T17:31:23,39,1,0,40
2023-01-20T17:41:24,39,1,0,40
2023-01-20T17:51:26,39,1,0,40
2023-01-20T18:01:28,39,1,0,40
2023-01-20T18:11:28,39,1,0,40
2023-01-20T18:21:46,39,1,0,40
2023-01-20T18:31:47,39,1,0,40
2023-01-20T18:41:47,39,1,0,40
2023-01-20T18:51:47,39,1,0,40
2023-01-20T19:01:47,39,1,0,40
2023-01-20T19:11:46,39,1,0,40
2023-01-20T19:21:46,39,1,0,40
2023-01-20T19:31:46,39,1,0,40
2023-01-20T19:41:46,39,1,0,40
2023-01-20T19:51:46,39,1,0,40
2023-01-20T20:01:46,39,1,0,40
2023-01-20T20:11:45,39,1,0,40
2023-01-20T20:21:46,39,1,0,40
2023-01-20T20:31:56,39,1,0,40
2023-01-20T20:41:55,39,1,0,40
2023-01-20T20:51:54,39,1,0,40
2023-01-20T21:01:54,39,1,0,40
2023-01-20T21:11:52,39,1,0,40
2023-01-20T21:21:51,39,1,0,40
2023-01-20T21:31:51,39,1,0,40
2023-01-20T21:41:50,39,1,0,40
2023-01-20T21:51:50,39,1,0,40
2023-01-20T22:01:49,39,1,0,40
2023-01-20T22:11:49,39,1,0,40
2023-01-20T22:21:50,39,1,0,40
2023-01-20T22:31:49,39,1,0,40
2023-01-20T22:42:10,39,1,0,40
2023-01-20T22:52:09,39,1,0,40
2023-01-20T23:02:09,39,1,0,40
2023-01-20T23:12:09,39,1,0,40
2023-01-20T23:22:08,39,1,0,40
2023-01-20T23:32:08,39,1,0,40
2023-01-20T23:42:07,39,1,0,40
2023-01-20T23:52:06,39,1,0,40
2023-01-21T00:02:09,39,1,0,40
2023-01-21T00:12:11,39,1,0,40
2023-01-21T00:22:16,39,1,0,40
2023-01-21T00:32:17,39,1,0,40
2023-01-21T00:42:22,39,1,0,40
2023-01-21T00:52:36,39,1,0,40
2023-01-21T01:02:39,39,1,0,40
2023-01-21T01:12:43,39,1,0,40
2023-01-21T01:22:44,39,1,0,40
2023-01-21T01:32:44,39,1,0,40
2023-01-21T01:42:42,39,1,0,40
2023-01-21T01:52:41,39,1,0,40
2023-01-21T02:02:40,39,1,0,40
2023-01-21T02:12:39,39,1,0,40
2023-01-21T02:22:36,39,1,0,40
2023-01-21T02:32:35,39,1,0,40
2023-01-21T02:42:33,39,1,0,40
2023-01-21T02:52:33,39,1,0,40
2023-01-21T03:02:31,39,1,0,40
2023-01-21T03:12:28,39,1,0,40
2023-01-21T03:22:27,39,1,0,40
2023-01-21T03:32:24,39,1,0,40
2023-01-21T03:42:24,39,1,0,40
2023-01-21T03:52:24,39,1,0,40
2023-01-21T04:02:25,39,1,0,40
2023-01-21T04:20:41,39,1,0,40
2023-01-21T04:30:42,39,1,0,40
2023-01-21T04:42:13,39,1,0,40
2023-01-21T04:52:13,39,1,0,40
2023-01-21T05:02:14,39,1,0,40
2023-01-21T05:12:13,39,1,0,40
2023-01-21T05:22:11,39,1,0,40
2023-01-21T05:32:09,39,1,0,40
2023-01-21T05:42:06,39,1,0,40
2023-01-21T05:52:06,39,1,0,40
2023-01-21T06:02:07,39,1,0,40
2023-01-21T06:12:10,39,1,0,40
2023-01-21T06:22:11,39,1,0,40
2023-01-21T06:32:14,39,1,0,40
2023-01-21T06:42:33,39,1,0,40
2023-01-21T06:52:37,39,1,0,40
2023-01-21T07:02:42,39,1,0,40
2023-01-21T07:12:46,39,1,0,40
2023-01-21T07:22:49,39,1,0,40
2023-01-21T07:32:53,39,1,0,40
2023-01-21T07:42:57,39,1,0,40
2023-01-21T07:53:01,39,1,0,40
2023-01-21T08:03:05,39,1,0,40
2023-01-21T08:13:08,39,1,0,40
2023-01-21T08:23:11,39,1,0,40
2023-01-21T08:33:19,39,1,0,40
2023-01-21T08:43:22,39,1,0,40
2023-01-21T08:53:25,39,1,0,40
2023-01-21T09:03:33,39,1,0,40
2023-01-21T09:13:36,39,1,0,40
2023-01-21T09:23:38,39,1,0,40
2023-01-21T09:33:41,39,1,0,40
2023-01-21T09:43:48,39,1,0,40
2023-01-21T09:53:50,39,1,0,40
2023-01-21T10:03:53,39,1,0,40
2023-01-21T10:13:56,39,1,0,40
2023-01-21T10:24:07,39,1,0,40
2023-01-21T10:34:08,39,1,0,40
2023-01-21T10:44:11,39,1,0,40
2023-01-21T10:54:14,39,1,0,40
2023-01-21T11:04:16,39,1,0,40
2023-01-21T11:14:17,39,1,0,40
2023-01-21T11:24:17,39,1,0,40
2023-01-21T11:34:17,39,1,0,40
2023-01-21T11:44:20,39,1,0,40
2023-01-21T11:54:20,39,1,0,40
2023-01-21T12:04:21,39,1,0,40
2023-01-21T12:14:21,39,1,0,40
2023-01-21T12:24:29,39,1,0,40
2023-01-21T12:34:30,39,1,0,40
2023-01-21T12:44:39,39,1,0,40
2023-01-21T12:54:41,39,1,0,40
2023-01-21T13:04:42,39,1,0,40
2023-01-21T13:14:42,39,1,0,40
2023-01-21T13:24:52,39,1,0,40
2023-01-21T13:34:52,39,1,0,40
2023-01-21T13:44:53,39,1,0,40
2023-01-21T13:54:55,39,1,0,40
2023-01-21T14:04:56,39,1,0,40
2023-01-21T14:14:57,39,1,0,40
2023-01-21T14:24:57,39,1,0,40
2023-01-21T14:34:59,39,1,0,40
2023-01-21T14:45:04,39,1,0,40
2023-01-21T14:55:05,39,1,0,40
2023-01-21T15:05:06,39,1,0,40
2023-01-21T15:15:05,39,1,0,40
2023-01-21T15:25:06,39,1,0,40
2023-01-21T15:35:10,39,1,0,40
2023-01-21T15:45:11,39,1,0,40
2023-01-21T15:55:16,39,1,0,40
2023-01-21T16:05:18,39,1,0,40
2023-01-21T16:15:18,39,1,0,40
2023-01-21T16:25:25,39,1,0,40
2023-01-21T16:35:42,39,1,0,40
2023-01-21T16:45:46,39,1,0,40
2023-01-21T16:55:44,39,1,0,40
2023-01-21T17:05:46,39,1,0,40
2023-01-21T17:15:49,39,1,0,40
2023-01-21T17:25:47,39,1,0,40
2023-01-21T17:35:45,39,1,0,40
2023-01-21T17:45:44,39,1,0,40
2023-01-21T17:55:45,39,1,0,40
2023-01-21T18:05:44,39,1,0,40
2023-01-21T18:15:43,39,1,0,40
2023-01-21T18:25:42,39,1,0,40
2023-01-21T18:35:41,39,1,0,40
2023-01-21T18:45:40,39,1,0,40
2023-01-21T18:55:39,39,1,0,40
2023-01-21T19:05:38,39,1,0,40
2023-01-21T19:15:49,39,1,0,40
2023-01-21T19:25:51,39,1,0,40
2023-01-21T19:35:53,39,1,0,40
2023-01-21T19:45:52,39,1,0,40
2023-01-21T19:55:50,39,1,0,40
2023-01-21T20:05:51,39,1,0,40
2023-01-21T20:15:52,39,1,0,40
2023-01-21T20:25:51,39,1,0,40
2023-01-21T20:35:50,39,1,0,40
2023-01-21T20:45:50,39,1,0,40
2023-01-21T20:55:48,39,1,0,40
2023-01-21T21:05:45,39,1,0,40
2023-01-21T21:15:45,39,1,0,40
2023-01-21T21:25:42,39,1,0,40
2023-01-21T21:35:40,39,1,0,40
2023-01-21T21:45:38,39,1,0,40
2023-01-21T21:55:36,39,1,0,40
2023-01-21T22:05:35,39,1,0,40
2023-01-21T22:15:32,39,1,0,40
2023-01-21T22:25:30,39,1,0,40
2023-01-21T22:35:28,39,1,0,40
2023-01-21T22:45:27,39,1,0,40
2023-01-21T22:55:26,39,1,0,40
2023-01-21T23:05:26,39,1,0,40
2023-01-21T23:15:25,39,1,0,40
2023-01-21T23:25:24,39,1,0,40
2023-01-21T23:35:32,39,1,0,40
2023-01-21T23:45:32,39,1,0,40
2023-01-21T23:55:31,39,1,0,40
2023-01-22T00:05:30,39,1,0,40
2023-01-22T00:15:31,39,1,0,40
2023-01-22T00:25:32,39,1,0,40
2023-01-22T00:35:31,39,1,0,40
2023-01-22T00:45:29,39,1,0,40
2023-01-22T00:55:28,39,1,0,40
2023-01-22T01:05:27,39,1,0,40
2023-01-22T01:15:25,39,1,0,40
2023-01-22T01:25:24,39,1,0,40
2023-01-22T01:35:21,39,1,0,40
2023-01-22T01:45:19,39,1,0,40
2023-01-22T01:55:17,39,1,0,40
2023-01-22T02:05:15,39,1,0,40
2023-01-22T02:15:15,39,1,0,40
2023-01-22T02:25:15,39,1,0,40
2023-01-22T02:35:14,39,1,0,40
2023-01-22T02:45:17,39,1,0,40
2023-01-22T02:55:24,39,1,0,40
2023-01-22T03:05:25,39,1,0,40
2023-01-22T03:15:28,39,1,0,40
2023-01-22T03:25:30,39,1,0,40
2023-01-22T03:35:32,39,1,0,40
2023-01-22T03:45:38,39,1,0,40
2023-01-22T03:55:42,39,1,0,40
2023-01-22T04:05:45,39,1,0,40
2023-01-22T04:25:12,39,1,0,40
2023-01-22T04:35:33,39,1,0,40
2023-01-22T04:45:38,39,1,0,40
2023-01-22T04:55:40,39,1,0,40
2023-01-22T05:05:43,39,1,0,40
2023-01-22T05:15:46,39,1,0,40
2023-01-22T05:25:48,39,1,0,40
2023-01-22T05:35:49,39,1,0,40
2023-01-22T05:45:50,39,1,0,40
2023-01-22T05:55:52,39,1,0,40
2023-01-22T06:05:55,39,1,0,40
2023-01-22T06:15:59,39,1,0,40
2023-01-22T06:26:01,39,1,0,40
2023-01-22T06:36:02,39,1,0,40
2023-01-22T06:46:02,39,1,0,40
2023-01-22T06:56:01,39,1,0,40
2023-01-22T07:06:03,39,1,0,40
2023-01-22T07:16:03,39,1,0,40
2023-01-22T07:26:04,39,1,0,40
2023-01-22T07:36:05,39,1,0,40
2023-01-22T07:46:07,39,1,0,40
2023-01-22T07:56:07,39,1,0,40
2023-01-22T08:06:07,39,1,0,40
2023-01-22T08:16:08,39,1,0,40
2023-01-22T08:26:09,39,1,0,40
2023-01-22T08:36:11,39,1,0,40
2023-01-22T08:46:11,39,1,0,40
2023-01-22T08:56:11,39,1,0,40
2023-01-22T09:06:11,39,1,0,40
2023-01-22T09:16:11,39,1,0,40
2023-01-22T09:26:12,39,1,0,40
2023-01-22T09:36:13,39,1,0,40
2023-01-22T09:46:20,39,1,0,40
2023-01-22T09:56:25,39,1,0,40
2023-01-22T10:06:28,39,1,0,40
2023-01-22T10:16:40,39,1,0,40
2023-01-22T10:26:44,39,1,0,40
2023-01-22T10:36:45,39,1,0,40
2023-01-22T10:46:46,39,1,0,40
2023-01-22T10:56:47,39,1,0,40
2023-01-22T11:06:46,39,1,0,40
2023-01-22T11:16:49,39,1,0,40
2023-01-22T11:26:49,39,1,0,40
2023-01-22T11:36:52,39,1,0,40
2023-01-22T11:46:53,39,1,0,40
2023-01-22T11:56:55,39,1,0,40
2023-01-22T12:07:03,39,1,0,40
2023-01-22T12:17:02,39,1,0,40
2023-01-22T12:27:05,39,1,0,40
2023-01-22T12:37:06,39,1,0,40
2023-01-22T12:47:19,39,1,0,40
2023-01-22T12:57:19,39,1,0,40
2023-01-22T13:07:20,39,1,0,40
2023-01-22T13:17:20,39,1,0,40
2023-01-22T13:27:24,39,1,0,40
2023-01-22T13:37:28,39,1,0,40
2023-01-22T13:47:28,39,1,0,40
2023-01-22T13:57:28,39,1,0,40
2023-01-22T14:07:35,39,1,0,40
2023-01-22T14:17:35,39,1,0,40
2023-01-22T14:27:43,39,1,0,40
2023-01-22T14:37:44,39,1,0,40
2023-01-22T14:47:44,39,1,0,40
2023-01-22T14:57:52,39,1,0,40
2023-01-22T15:07:51,39,1,0,40
2023-01-22T15:17:51,39,1,0,40
2023-01-22T15:27:51,39,1,0,40
2023-01-22T15:37:52,39,1,0,40
2023-01-22T15:47:51,39,1,0,40
2023-01-22T15:57:54,39,1,0,40
2023-01-22T16:07:54,39,1,0,40
2023-01-22T16:17:54,39,1,0,40
2023-01-22T16:27:55,39,1,0,40
2023-01-22T16:37:56,39,1,0,40
2023-01-22T16:47:56,39,1,0,40
2023-01-22T16:57:55,39,1,0,40
2023-01-22T17:07:55,39,1,0,40
2023-01-22T17:18:05,39,1,0,40
2023-01-22T17:28:03,39,1,0,40
2023-01-22T17:38:02,39,1,0,40
2023-01-22T17:48:02,39,1,0,40
2023-01-22T17:58:04,39,1,0,40
2023-01-22T18:08:03,39,1,0,40
2023-01-22T18:18:03,39,1,0,40
2023-01-22T18:28:03,39,1,0,40
2023-01-22T18:38:04,39,1,0,40
2023-01-22T18:48:05,39,1,0,40
2023-01-22T18:58:05,39,1,0,40
2023-01-22T19:08:04,39,1,0,40
2023-01-22T19:18:05,39,1,0,40
2023-01-22T19:28:13,39,1,0,40
2023-01-22T19:38:12,39,1,0,40
2023-01-22T19:48:12,39,1,0,40
2023-01-22T19:58:11,39,1,0,40
2023-01-22T20:08:10,39,1,0,40
2023-01-22T20:18:09,39,1,0,40
2023-01-22T20:28:07,39,1,0,40
2023-01-22T20:38:06,39,1,0,40
2023-01-22T20:48:05,39,1,0,40
2023-01-22T20:58:04,39,1,0,40
2023-01-22T21:08:11,39,1,0,40
2023-01-22T21:18:10,39,1,0,40
2023-01-22T21:28:08,39,1,0,40
2023-01-22T21:38:08,39,1,0,40
2023-01-22T21:48:07,39,1,0,40
2023-01-22T21:58:05,39,1,0,40
2023-01-22T22:08:05,39,1,0,40
2023-01-22T22:18:06,39,1,0,40
2023-01-22T22:28:06,39,1,0,40
2023-01-22T22:38:07,39,1,0,40
2023-01-22T22:48:06,39,1,0,40
2023-01-22T22:58:04,39,1,0,40
2023-01-22T23:08:04,39,1,0,40
2023-01-22T23:18:12,39,1,0,40
2023-01-22T23:28:12,39,1,0,40
2023-01-22T23:38:11,39,1,0,40
2023-01-22T23:48:12,39,1,0,40
2023-01-22T23:58:14,39,1,0,40
2023-01-23T00:08:13,39,1,0,40
2023-01-23T00:18:12,39,1,0,40
2023-01-23T00:28:15,39,1,0,40
2023-01-23T00:38:25,39,1,0,40
2023-01-23T00:48:40,39,1,0,40
2023-01-23T00:58:47,39,1,0,40
2023-01-23T01:08:50,39,1,0,40
2023-01-23T01:18:53,39,1,0,40
2023-01-23T01:28:54,39,1,0,40
2023-01-23T01:38:56,39,1,0,40
2023-01-23T01:49:05,39,1,0,40
2023-01-23T01:59:06,39,1,0,40
2023-01-23T02:09:09,39,1,0,40
2023-01-23T02:19:12,39,1,0,40
2023-01-23T02:29:15,39,1,0,40
2023-01-23T02:39:15,39,1,0,40
2023-01-23T02:49:14,39,1,0,40
2023-01-23T02:59:15,39,1,0,40
2023-01-23T03:09:14,39,1,0,40
2023-01-23T03:19:15,39,1,0,40
2023-01-23T03:29:15,39,1,0,40
2023-01-23T03:39:17,39,1,0,40
2023-01-23T03:49:19,39,1,0,40
2023-01-23T03:59:20,39,1,0,40
2023-01-23T04:24:29,39,1,0,40
2023-01-23T04:34:31,39,1,0,40
2023-01-23T04:44:35,39,1,0,40
2023-01-23T04:54:36,39,1,0,40
2023-01-23T05:04:35,39,1,0,40
2023-01-23T05:14:33,39,1,0,40
2023-01-23T05:24:32,39,1,0,40
2023-01-23T05:34:30,39,1,0,40
2023-01-23T05:44:28,39,1,0,40
2023-01-23T05:54:28,39,1,0,40
2023-01-23T06:04:32,39,1,0,40
2023-01-23T06:14:35,39,1,0,40
2023-01-23T06:24:38,39,1,0,40
2023-01-23T06:34:39,39,1,0,40
2023-01-23T06:44:39,39,1,0,40
2023-01-23T06:54:40,39,1,0,40
2023-01-23T07:04:43,39,1,0,40
2023-01-23T07:14:44,39,1,0,40
2023-01-23T07:24:45,39,1,0,40
2023-01-23T07:34:47,39,1,0,40
2023-01-23T07:44:51,39,1,0,40
2023-01-23T07:54:53,39,1,0,40
2023-01-23T08:04:58,39,1,0,40
2023-01-23T08:15:02,39,1,0,40
2023-01-23T08:25:04,39,1,0,40
2023-01-23T08:35:08,39,1,0,40
2023-01-23T08:45:12,39,1,0,40
2023-01-23T08:55:20,39,1,0,40
2023-01-23T09:05:35,39,1,0,40
2023-01-23T09:15:43,39,1,0,40
2023-01-23T09:25:57,39,1,0,40
2023-01-23T09:36:04,39,1,0,40
2023-01-23T09:46:12,39,1,0,40
2023-01-23T09:56:16,39,1,0,40
2023-01-23T10:06:24,39,1,0,40
2023-01-23T10:16:32,39,1,0,40
2023-01-23T10:26:52,39,1,0,40
2023-01-23T10:37:12,39,1,0,40
2023-01-23T10:47:20,39,1,0,40
2023-01-23T10:57:28,39,1,0,40
2023-01-23T11:07:35,39,1,0,40
2023-01-23T11:17:40,39,1,0,40
2023-01-23T11:27:47,39,1,0,40
2023-01-23T11:37:51,39,1,0,40
2023-01-23T11:47:58,39,1,0,40
2023-01-23T11:58:14,39,1,0,40
2023-01-23T12:08:28,39,1,0,40
2023-01-23T12:18:32,39,1,0,40
2023-01-23T12:28:39,39,1,0,40
2023-01-23T12:38:43,39,1,0,40
2023-01-23T12:48:51,39,1,0,40
2023-01-23T12:59:01,39,1,0,40
2023-01-23T13:09:15,39,1,0,40
2023-01-23T13:19:19,39,1,0,40
2023-01-23T13:29:25,39,1,0,40
2023-01-23T13:39:35,39,1,0,40
2023-01-23T13:49:41,39,1,0,40
2023-01-23T13:59:48,39,1,0,40
2023-01-23T14:09:58,39,1,0,40
2023-01-23T14:20:16,39,1,0,40
2023-01-23T14:30:23,39,1,0,40
2023-01-23T14:40:31,39,1,0,40
2023-01-23T14:50:38,39,1,0,40
2023-01-23T15:00:48,39,1,0,40
2023-01-23T15:11:06,39,1,0,40
2023-01-23T15:21:14,39,1,0,40
2023-01-23T15:31:29,39,1,0,40
2023-01-23T15:41:34,39,1,0,40
2023-01-23T15:51:42,39,1,0,40
2023-01-23T16:01:58,39,1,0,40
2023-01-23T16:12:08,39,1,0,40
2023-01-23T16:22:27,39,1,0,40
2023-01-23T16:32:29,39,1,0,40
2023-01-23T16:42:32,39,1,0,40
2023-01-23T16:52:34,39,1,0,40
2023-01-23T17:02:38,39,1,0,40
2023-01-23T17:12:40,39,1,0,40
2023-01-23T17:22:42,39,1,0,40
2023-01-23T17:32:54,39,1,0,40
2023-01-23T17:42:57,39,1,0,40
2023-01-23T17:52:58,39,1,0,40
2023-01-23T18:03:00,39,1,0,40
2023-01-23T18:13:01,39,1,0,40
2023-01-23T18:23:02,39,1,0,40
2023-01-23T18:33:04,39,1,0,40
2023-01-23T18:43:04,39,1,0,40
2023-01-23T18:53:03,39,1,0,40
2023-01-23T19:03:13,39,1,0,40
2023-01-23T19:13:12,39,1,0,40
2023-01-23T19:23:11,39,1,0,40
2023-01-23T19:33:11,39,1,0,40
2023-01-23T19:43:12,39,1,0,40
2023-01-23T19:53:11,39,1,0,40
2023-01-23T20:03:11,39,1,0,40
2023-01-23T20:13:11,39,1,0,40
2023-01-23T20:23:10,39,1,0,40
2023-01-23T20:33:21,39,1,0,40
2023-01-23T20:43:20,39,1,0,40
2023-01-23T20:53:19,39,1,0,40
2023-01-23T21:03:19,39,1,0,40
2023-01-23T21:13:19,39,1,0,40
2023-01-23T21:23:18,39,1,0,40
2023-01-23T21:33:18,39,1,0,40
2023-01-23T21:43:18,39,1,0,40
2023-01-23T21:53:18,39,1,0,40
2023-01-23T22:03:18,39,1,0,40
2023-01-23T22:13:18,39,1,0,40
2023-01-23T22:23:28,39,1,0,40
2023-01-23T22:33:28,39,1,0,40
2023-01-23T22:43:28,39,1,0,40
2023-01-23T22:53:27,39,1,0,40
2023-01-23T23:03:26,39,1,0,40
2023-01-23T23:13:27,39,1,0,40
2023-01-23T23:23:26,39,1,0,40
2023-01-23T23:33:26,39,1,0,40
2023-01-23T23:43:25,39,1,0,40
2023-01-23T23:53:35,39,1,0,40
2023-01-24T00:03:36,39,1,0,40
2023-01-24T00:13:38,39,1,0,40
2023-01-24T00:23:40,39,1,0,40
2023-01-24T00:33:43,39,1,0,40
2023-01-24T00:43:46,39,1,0,40
2023-01-24T00:53:49,39,1,0,40
2023-01-24T01:03:51,39,1,0,40
2023-01-24T01:13:54,39,1,0,40
2023-01-24T01:23:55,39,1,0,40
2023-01-24T01:33:54,39,1,0,40
2023-01-24T01:43:54,39,1,0,40
2023-01-24T01:53:54,39,1,0,40
2023-01-24T02:03:54,39,1,0,40
2023-01-24T02:13:53,39,1,0,40
2023-01-24T02:23:51,39,1,0,40
2023-01-24T02:33:49,39,1,0,40
2023-01-24T02:43:47,39,1,0,40
2023-01-24T02:53:45,39,1,0,40
2023-01-24T03:03:42,39,1,0,40
2023-01-24T03:13:39,39,1,0,40
2023-01-24T03:23:37,39,1,0,40
2023-01-24T03:33:35,39,1,0,40
2023-01-24T03:43:36,39,1,0,40
2023-01-24T03:53:38,39,1,0,40
2023-01-24T04:03:39,39,1,0,40
2023-01-24T04:22:19,39,1,0,40
2023-01-24T04:32:26,39,1,0,40
2023-01-24T04:43:53,39,1,0,40
2023-01-24T04:54:16,39,1,0,40
2023-01-24T05:04:20,39,1,0,40
2023-01-24T05:14:20,39,1,0,40
2023-01-24T05:24:19,39,1,0,40
2023-01-24T05:34:18,39,1,0,40
2023-01-24T05:44:18,39,1,0,40
2023-01-24T05:54:18,39,1,0,40
2023-01-24T06:04:21,39,1,0,40
2023-01-24T06:14:22,39,1,0,40
2023-01-24T06:24:23,39,1,0,40
2023-01-24T06:34:25,39,1,0,40
2023-01-24T06:44:26,39,1,0,40
2023-01-24T06:54:27,39,1,0,40
2023-01-24T07:04:30,39,1,0,40
2023-01-24T07:14:28,39,1,0,40
2023-01-24T07:24:27,39,1,0,40
2023-01-24T07:34:26,39,1,0,40
2023-01-24T07:44:29,39,1,0,40
2023-01-24T07:54:28,39,1,0,40
2023-01-24T08:04:28,39,1,0,40
2023-01-24T08:14:28,39,1,0,40
2023-01-24T08:24:28,39,1,0,40
2023-01-24T08:34:28,39,1,0,40
2023-01-24T08:44:29,39,1,0,40
2023-01-24T08:54:29,39,1,0,40
2023-01-24T09:04:31,39,1,0,40
2023-01-24T09:14:34,39,1,0,40
2023-01-24T09:24:36,39,1,0,40
2023-01-24T09:34:59,39,1,0,40
2023-01-24T09:45:13,39,1,0,40
2023-01-24T11:03:52,39,1,0,40
2023-01-24T11:14:01,39,1,0,40
2023-01-24T11:34:51,39,1,0,40
2023-01-24T11:45:01,39,1,0,40
2023-01-24T11:55:21,39,1,0,40
2023-01-24T12:05:38,39,1,0,40
2023-01-24T12:15:44,39,1,0,40
2023-01-24T12:25:58,40,0,0,40
2023-01-24T12:36:02,40,0,0,40
2023-01-24T12:46:20,40,0,0,40
2023-01-24T12:56:27,40,0,0,40
2023-01-24T13:06:35,40,0,0,40
2023-01-24T13:16:46,40,0,0,40
2023-01-24T13:26:53,40,0,0,40
2023-01-24T13:36:56,40,0,0,40
2023-01-24T13:47:08,40,0,0,40
2023-01-24T13:57:27,40,0,0,40
2023-01-24T14:07:36,40,0,0,40
2023-01-24T14:17:43,40,0,0,40
2023-01-24T14:27:49,40,0,0,40
2023-01-24T14:38:01,40,0,0,40
2023-01-24T14:48:10,40,0,0,40
2023-01-24T14:58:17,40,0,0,40
2023-01-24T15:08:20,40,0,0,40
2023-01-24T15:18:47,40,0,0,40
2023-01-24T15:29:11,40,0,0,40
2023-01-24T15:39:17,40,0,0,40
2023-01-24T15:49:24,40,0,0,40
2023-01-24T15:59:28,40,0,0,40
2023-01-24T16:09:36,40,0,0,40
2023-01-24T16:19:43,40,0,0,40
2023-01-24T16:29:51,40,0,0,40
2023-01-24T16:39:53,40,0,0,40
2023-01-24T16:49:56,40,0,0,40
2023-01-24T17:00:07,40,0,0,40
2023-01-24T17:10:08,40,0,0,40
2023-01-24T17:20:13,41,0,0,40
2023-01-24T17:30:13,41,0,0,40
2023-01-24T17:40:13,41,0,0,40
2023-01-24T17:50:12,41,0,0,40
2023-01-24T18:00:12,41,0,0,40
2023-01-24T18:10:12,41,0,0,40
2023-01-24T18:20:11,41,0,0,40
2023-01-24T18:30:11,41,0,0,40
2023-01-24T18:40:11,41,0,0,40
2023-01-24T18:50:11,41,0,0,40
2023-01-24T19:00:10,41,0,0,40
2023-01-24T19:10:11,41,0,0,40
2023-01-24T19:20:10,41,0,0,40
2023-01-24T19:30:09,41,0,0,40
2023-01-24T19:40:10,41,0,0,40
2023-01-24T19:50:12,41,0,0,40
2023-01-24T20:00:13,41,0,0,40
2023-01-24T20:10:12,41,0,0,40
2023-01-24T20:20:13,41,0,0,40
2023-01-24T20:30:12,41,0,0,40
2023-01-24T20:40:12,41,0,0,40
2023-01-24T20:50:22,41,0,0,40
2023-01-24T21:00:21,41,0,0,40
2023-01-24T21:10:20,41,0,0,40
2023-01-24T21:20:19,41,0,0,40
2023-01-24T21:30:17,41,0,0,40
2023-01-24T21:40:16,41,0,0,40
2023-01-24T21:50:15,41,0,0,40
2023-01-24T22:00:14,41,0,0,40
2023-01-24T22:10:13,41,0,0,40
2023-01-24T22:20:12,41,0,0,40
2023-01-24T22:30:12,41,0,0,40
2023-01-24T22:40:11,41,0,0,40
2023-01-24T22:50:09,41,0,0,40
2023-01-24T23:00:07,41,0,0,40
2023-01-24T23:10:07,41,0,0,40
2023-01-24T23:20:06,41,0,0,40
2023-01-24T23:30:08,41,0,0,40
2023-01-24T23:40:07,41,0,0,40
2023-01-24T23:50:06,41,0,0,40
2023-01-25T00:00:06,41,0,0,40
2023-01-25T00:10:07,41,0,0,40
2023-01-25T00:20:14,41,0,0,40
2023-01-25T00:30:15,41,0,0,40
2023-01-25T00:40:18,41,0,0,40
2023-01-25T00:50:20,41,0,0,40
2023-01-25T01:00:24,41,0,0,40
2023-01-25T01:10:27,41,0,0,40
2023-01-25T01:20:30,41,0,0,40
2023-01-25T01:30:32,41,0,0,40
2023-01-25T01:40:32,41,0,0,40
2023-01-25T01:50:32,41,0,0,40
2023-01-25T02:00:32,41,0,0,40
2023-01-25T02:10:33,41,0,0,40
2023-01-25T02:20:36,41,0,0,40
2023-01-25T02:30:38,41,0,0,40
2023-01-25T02:40:40,41,0,0,40
2023-01-25T02:50:40,41,0,0,40
2023-01-25T03:00:41,41,0,0,40
2023-01-25T03:10:41,41,0,0,40
2023-01-25T03:20:41,41,0,0,40
2023-01-25T03:30:41,41,0,0,40
2023-01-25T03:40:43,41,0,0,40
2023-01-25T03:50:47,41,0,0,40
2023-01-25T04:00:50,41,0,0,40
2023-01-25T04:19:54,41,0,0,40
2023-01-25T04:29:57,41,0,0,40
2023-01-25T04:40:00,41,0,0,40
2023-01-25T04:50:02,41,0,0,40
2023-01-25T05:00:03,41,0,0,40
2023-01-25T05:10:02,41,0,0,40
2023-01-25T05:20:01,41,0,0,40
2023-01-25T05:29:59,41,0,0,40
2023-01-25T05:39:57,41,0,0,40
2023-01-25T05:49:57,41,0,0,40
2023-01-25T05:59:57,41,0,0,40
2023-01-25T06:09:59,41,0,0,40
2023-01-25T06:20:00,41,0,0,40
2023-01-25T06:30:01,41,0,0,40
2023-01-25T06:39:59,41,0,0,40
2023-01-25T06:49:59,41,0,0,40
2023-01-25T07:00:01,41,0,0,40
2023-01-25T07:10:01,41,0,0,40
2023-01-25T07:20:01,41,0,0,40
2023-01-25T07:30:06,41,0,0,40
2023-01-25T07:40:06,41,0,0,40
2023-01-25T07:50:06,41,0,0,40
2023-01-25T08:00:06,41,0,0,40
2023-01-25T08:10:07,41,0,0,40
2023-01-25T08:20:07,41,0,0,40
2023-01-25T08:30:08,41,0,0,40
2023-01-25T08:40:09,41,0,0,40
2023-01-25T08:50:12,41,0,0,40
2023-01-25T09:00:17,41,0,0,40
2023-01-25T09:10:19,41,0,0,40
2023-01-25T09:20:20,41,0,0,40
2023-01-25T09:30:23,41,0,0,40
2023-01-25T09:40:38,41,0,0,40
2023-01-25T09:50:40,41,0,0,40
2023-01-25T10:00:42,41,0,0,40
2023-01-25T10:10:49,41,0,0,40
2023-01-25T10:20:52,41,0,0,40
2023-01-25T10:30:57,41,0,0,40
2023-01-25T10:41:03,41,0,0,40
2023-01-25T10:51:10,41,0,0,40
2023-01-25T11:01:22,41,0,0,40
2023-01-25T11:11:28,41,0,0,40
2023-01-25T11:21:37,41,0,0,40
2023-01-25T11:31:55,41,0,0,40
2023-01-25T11:42:00,41,0,0,40
2023-01-25T11:52:08,41,0,0,40
2023-01-25T12:02:14,41,0,0,40
2023-01-25T12:12:19,41,0,0,40
2023-01-25T12:22:22,41,0,0,40
2023-01-25T12:32:34,41,0,0,40
2023-01-25T12:42:53,41,0,0,40
2023-01-25T12:53:00,41,0,0,40
2023-01-25T13:03:25,41,0,0,40
2023-01-25T13:13:32,41,0,0,40
2023-01-25T13:23:36,41,0,0,40
2023-01-25T13:33:47,41,0,0,40
2023-01-25T13:43:52,41,0,0,40
2023-01-25T13:53:59,41,0,0,40
2023-01-25T14:04:11,41,0,0,40
2023-01-25T14:14:24,41,0,0,40
2023-01-25T14:24:26,41,0,0,40
2023-01-25T14:34:36,41,0,0,40
2023-01-25T14:44:43,41,0,0,40
2023-01-25T14:54:45,41,0,0,40
2023-01-25T15:04:48,41,0,0,40
2023-01-25T15:14:50,41,0,0,40
2023-01-25T15:25:20,41,0,0,40
2023-01-25T15:35:35,41,0,0,40
2023-01-25T15:45:37,41,0,0,40
2023-01-25T15:55:38,41,0,0,40
2023-01-25T16:05:39,41,0,0,40
2023-01-25T16:15:43,41,0,0,40
2023-01-25T16:25:47,41,0,0,40
2023-01-25T16:35:54,41,0,0,40
2023-01-25T16:46:01,41,0,0,40
2023-01-25T16:56:06,41,0,0,40
2023-01-25T17:06:20,41,0,0,40
2023-01-25T17:16:24,41,0,0,40
2023-01-25T17:26:27,41,0,0,40
2023-01-25T17:36:29,41,0,0,40
2023-01-25T17:46:32,41,0,0,40
2023-01-25T17:56:34,41,0,0,40
2023-01-25T18:06:38,41,0,0,40
2023-01-25T18:16:40,41,0,0,40
2023-01-25T18:26:43,41,0,0,40
2023-01-25T18:36:44,41,0,0,40
2023-01-25T18:46:45,41,0,0,40
2023-01-25T18:56:45,41,0,0,40
2023-01-25T19:06:45,41,0,0,40
2023-01-25T19:16:58,41,0,0,40
2023-01-25T19:27:05,41,0,0,40
2023-01-25T19:37:07,41,0,0,40
2023-01-25T19:47:09,41,0,0,40
2023-01-25T19:57:11,41,0,0,40
2023-01-25T20:07:12,41,0,0,40
2023-01-25T20:17:12,41,0,0,40
2023-01-25T20:27:13,41,0,0,40
2023-01-25T20:37:16,41,0,0,40
2023-01-25T20:47:16,41,0,0,40
2023-01-25T20:57:17,41,0,0,40
2023-01-25T21:07:17,41,0,0,40
2023-01-25T21:17:30,41,0,0,40
2023-01-25T21:27:34,41,0,0,40
2023-01-25T21:37:35,41,0,0,40
2023-01-25T21:47:36,41,0,0,40
2023-01-25T21:57:36,41,0,0,40
2023-01-25T22:07:37,41,0,0,40
2023-01-25T22:17:37,41,0,0,40
2023-01-25T22:27:37,41,0,0,40
2023-01-25T22:37:38,41,0,0,40
2023-01-25T22:47:38,41,0,0,40
2023-01-25T22:57:40,41,0,0,40
2023-01-25T23:07:41,41,0,0,40
2023-01-25T23:17:45,41,0,0,40
2023-01-25T23:27:59,41,0,0,40
2023-01-25T23:38:02,41,0,0,40
2023-01-25T23:48:02,41,0,0,40
2023-01-25T23:58:02,41,0,0,40
2023-01-26T00:08:05,41,0,0,40
2023-01-26T00:18:09,41,0,0,40
2023-01-26T00:28:12,41,0,0,40
2023-01-26T00:38:18,41,0,0,40
2023-01-26T00:48:25,41,0,0,40
2023-01-26T00:58:30,41,0,0,40
2023-01-26T01:08:32,41,0,0,40
2023-01-26T01:18:33,41,0,0,40
2023-01-26T01:28:32,41,0,0,40
2023-01-26T01:38:42,41,0,0,40
2023-01-26T01:48:42,41,0,0,40
2023-01-26T01:58:42,41,0,0,40
2023-01-26T02:08:43,41,0,0,40
2023-01-26T02:18:44,41,0,0,40
2023-01-26T02:28:45,41,0,0,40
2023-01-26T02:38:49,41,0,0,40
2023-01-26T02:48:51,41,0,0,40
2023-01-26T02:58:51,41,0,0,40
2023-01-26T03:08:51,41,0,0,40
2023-01-26T03:18:51,41,0,0,40
2023-01-26T03:28:49,41,0,0,40
2023-01-26T03:38:54,41,0,0,40
2023-01-26T03:48:57,41,0,0,40
2023-01-26T03:59:02,41,0,0,40
2023-01-26T04:22:07,41,0,0,40
2023-01-26T04:32:14,41,0,0,40
2023-01-26T04:43:46,41,0,0,40
2023-01-26T04:54:10,41,0,0,40
2023-01-26T05:04:13,41,0,0,40
2023-01-26T05:14:15,41,0,0,40
2023-01-26T05:24:20,41,0,0,40
2023-01-26T05:34:19,41,0,0,40
2023-01-26T05:44:19,41,0,0,40
2023-01-26T05:54:19,41,0,0,40
2023-01-26T06:04:27,41,0,0,40
2023-01-26T06:14:31,41,0,0,40
2023-01-26T06:24:35,41,0,0,40
2023-01-26T06:34:43,41,0,0,40
2023-01-26T06:44:49,41,0,0,40
2023-01-26T06:54:52,41,0,0,40
2023-01-26T07:05:03,41,0,0,40
2023-01-26T07:15:08,41,0,0,40
2023-01-26T07:25:16,41,0,0,40
2023-01-26T07:35:24,41,0,0,40
2023-01-26T07:45:31,41,0,0,40
2023-01-26T07:55:36,41,0,0,40
2023-01-26T08:05:45,41,0,0,40
2023-01-26T08:15:54,41,0,0,40
2023-01-26T08:26:02,41,0,0,40
2023-01-26T08:36:07,41,0,0,40
2023-01-26T08:46:21,41,0,0,40
2023-01-26T08:56:34,41,0,0,40
2023-01-26T09:06:44,41,0,0,40
2023-01-26T09:16:52,41,0,0,40
2023-01-26T09:27:02,41,0,0,40
2023-01-26T09:37:14,41,0,0,40
2023-01-26T09:47:42,41,0,0,40
2023-01-26T09:58:05,41,0,0,40
2023-01-26T10:08:24,41,0,0,40
2023-01-26T10:18:40,41,0,0,40
2023-01-26T10:28:54,41,0,0,40
2023-01-26T10:39:02,41,0,0,40
2023-01-26T10:49:14,41,0,0,40
2023-01-26T10:59:29,41,0,0,40
2023-01-26T11:09:40,41,0,0,40
2023-01-26T11:20:05,41,0,0,40
2023-01-26T11:30:21,41,0,0,40
2023-01-26T11:40:36,41,0,0,40
2023-01-26T11:51:21,41,0,0,40
2023-01-26T12:01:38,41,0,0,40
2023-01-26T12:11:57,41,0,0,40
2023-01-26T12:22:17,41,0,0,40
2023-01-26T12:32:27,41,0,0,40
2023-01-26T12:42:43,41,0,0,40
2023-01-26T12:53:18,41,0,0,40
2023-01-26T13:03:26,41,0,0,40
2023-01-26T13:13:35,41,0,0,40
2023-01-26T13:23:47,41,0,0,40
2023-01-26T13:34:06,41,0,0,40
2023-01-26T13:44:16,41,0,0,40
2023-01-26T13:54:30,41,0,0,40
2023-01-26T14:04:43,41,0,0,40
2023-01-26T14:14:56,41,0,0,40
2023-01-26T14:25:25,41,0,0,40
2023-01-26T14:35:35,41,0,0,40
2023-01-26T14:45:50,41,0,0,40
2023-01-26T14:56:09,41,0,0,40
2023-01-26T15:06:25,41,0,0,40
2023-01-26T15:16:35,41,0,0,40
2023-01-26T15:26:45,41,0,0,40
2023-01-26T15:37:09,41,0,0,40
2023-01-26T15:47:27,41,0,0,40
2023-01-26T15:57:40,41,0,0,40
2023-01-26T16:07:49,41,0,0,40
2023-01-26T16:18:04,41,0,0,40
2023-01-26T16:28:19,41,0,0,40
2023-01-26T16:38:33,41,0,0,40
2023-01-26T16:48:42,41,0,0,40
2023-01-26T16:58:49,41,0,0,40
2023-01-26T17:09:07,41,0,0,40
2023-01-26T17:19:14,41,0,0,40
2023-01-26T17:29:19,41,0,0,40
2023-01-26T17:39:26,41,0,0,40
2023-01-26T17:49:29,41,0,0,40
2023-01-26T17:59:32,41,0,0,40
2023-01-26T18:09:39,41,0,0,40
2023-01-26T18:19:44,41,0,0,40
2023-01-26T18:29:51,41,0,0,40
2023-01-26T18:40:03,41,0,0,40
2023-01-26T18:50:08,41,0,0,40
2023-01-26T19:00:13,41,0,0,40
2023-01-26T19:10:15,41,0,0,40
2023-01-26T19:20:16,41,0,0,40
2023-01-26T19:30:20,41,0,0,40
2023-01-26T19:40:30,41,0,0,40
2023-01-26T19:50:44,41,0,0,40
2023-01-26T20:01:01,41,0,0,40
2023-01-26T20:11:25,40,0,0,40
2023-01-26T20:24:59,40,0,0,40
2023-01-26T20:46:28,40,0,0,40
2023-01-26T21:09:36,40,0,0,40
2023-01-26T21:19:53,40,0,0,40
2023-01-26T21:30:13,40,0,0,40
2023-01-26T21:40:30,40,0,0,40
2023-01-26T21:50:39,40,0,0,40
2023-01-26T22:00:47,40,0,0,40
2023-01-26T22:10:55,40,0,0,40
2023-01-26T22:21:00,40,0,0,40
2023-01-26T22:31:13,40,0,0,40
2023-01-26T22:41:18,40,0,0,40
2023-01-26T22:51:20,40,0,0,40
2023-01-26T23:01:21,40,0,0,40
2023-01-26T23:11:22,40,0,0,40
2023-01-26T23:21:27,40,0,0,40
2023-01-26T23:31:29,40,0,0,40
2023-01-26T23:41:30,40,0,0,40
2023-01-26T23:51:32,40,0,0,40
2023-01-27T00:01:33,40,0,0,40
2023-01-27T00:11:37,40,0,0,40
2023-01-27T00:21:44,40,0,0,40
2023-01-27T00:31:49,40,0,0,40
2023-01-27T00:41:55,40,0,0,40
2023-01-27T00:52:01,40,0,0,40
2023-01-27T01:02:06,40,0,0,40
2023-01-27T01:12:13,40,0,0,40
2023-01-27T01:22:18,40,0,0,40
2023-01-27T01:32:23,40,0,0,40
2023-01-27T01:42:25,40,0,0,40
2023-01-27T01:52:26,40,0,0,40
2023-01-27T02:02:28,40,0,0,40
2023-01-27T02:12:34,40,0,0,40
2023-01-27T02:22:38,40,0,0,40
2023-01-27T02:32:42,40,0,0,40
2023-01-27T02:42:44,40,0,0,40
2023-01-27T02:52:45,40,0,0,40
2023-01-27T03:02:47,40,0,0,40
2023-01-27T03:12:50,40,0,0,40
2023-01-27T03:22:50,40,0,0,40
2023-01-27T03:32:51,40,0,0,40
2023-01-27T03:42:54,40,0,0,40
2023-01-27T03:52:59,40,0,0,40
2023-01-27T04:03:02,40,0,0,40
2023-01-27T04:13:08,40,0,0,40
2023-01-27T04:39:25,40,0,0,40
2023-01-27T04:49:30,40,0,0,40
2023-01-27T04:59:33,40,0,0,40
2023-01-27T05:09:36,40,0,0,40
2023-01-27T05:19:39,40,0,0,40
2023-01-27T05:29:38,40,0,0,40
2023-01-27T05:39:45,40,0,0,40
2023-01-27T05:49:48,40,0,0,40
2023-01-27T05:59:51,40,0,0,40
2023-01-27T06:09:57,40,0,0,40
2023-01-27T06:20:00,40,0,0,40
2023-01-27T06:30:02,40,0,0,40
2023-01-27T06:40:05,40,0,0,40
2023-01-27T06:50:06,40,0,0,40
2023-01-27T07:00:12,40,0,0,40
2023-01-27T07:10:17,40,0,0,40
2023-01-27T07:20:24,40,0,0,40
2023-01-27T07:30:30,40,0,0,40
2023-01-27T07:40:38,40,0,0,40
2023-01-27T07:50:44,40,0,0,40
2023-01-27T08:00:47,40,0,0,40
2023-01-27T08:10:54,40,0,0,40
2023-01-27T08:21:04,40,0,0,40
2023-01-27T08:31:16,40,0,0,40
2023-01-27T08:41:22,40,0,0,40
2023-01-27T08:51:23,40,0,0,40
2023-01-27T09:01:25,40,0,0,40
2023-01-27T09:11:26,40,0,0,40
2023-01-27T09:21:38,40,0,0,40
2023-01-27T09:31:40,40,0,0,40
2023-01-27T09:41:43,40,0,0,40
2023-01-27T09:51:45,40,0,0,40
2023-01-27T10:01:48,40,0,0,40
2023-01-27T10:11:50,40,0,0,40
2023-01-27T10:21:51,40,0,0,40
2023-01-27T10:31:53,40,0,0,40
2023-01-27T10:41:55,40,0,0,40
2023-01-27T10:51:58,40,0,0,40
2023-01-27T11:02:01,40,0,0,40
2023-01-27T11:12:14,40,0,0,40
2023-01-27T11:22:16,40,0,0,40
2023-01-27T11:32:18,40,0,0,40
2023-01-27T11:42:19,40,0,0,40
2023-01-27T11:52:21,40,0,0,40
2023-01-27T12:02:25,40,0,0,40
2023-01-27T12:12:26,40,0,0,40
2023-01-27T12:22:28,40,0,0,40
2023-01-27T12:32:29,40,0,0,40
2023-01-27T12:42:30,40,0,0,40
2023-01-27T12:52:31,40,0,0,40
2023-01-27T13:02:44,40,0,0,40
2023-01-27T13:12:47,40,0,0,40
2023-01-27T13:22:49,40,0,0,40
2023-01-27T13:33:03,40,0,0,40
2023-01-27T13:43:05,40,0,0,40
2023-01-27T13:53:07,40,0,0,40
2023-01-27T14:03:10,40,0,0,40
2023-01-27T14:13:11,40,0,0,40
2023-01-27T14:23:14,40,0,0,40
2023-01-27T14:33:15,40,0,0,40
2023-01-27T14:43:17,40,0,0,40
2023-01-27T14:53:18,40,0,0,40
2023-01-27T15:03:32,40,0,0,40
2023-01-27T15:13:34,40,0,0,40
2023-01-27T15:23:36,40,0,0,40
2023-01-27T15:33:38,40,0,0,40
2023-01-27T15:43:40,40,0,0,40
2023-01-27T15:53:44,40,0,0,40
2023-01-27T16:03:46,40,0,0,40
2023-01-27T16:13:49,40,0,0,40
2023-01-27T16:23:50,40,0,0,40
2023-01-27T16:33:52,40,0,0,40
2023-01-27T16:43:55,40,0,0,40
2023-01-27T16:54:07,40,0,0,40
2023-01-27T17:04:08,40,0,0,40
2023-01-27T17:14:11,40,0,0,40
2023-01-27T17:24:13,40,0,0,40
2023-01-27T17:34:14,40,0,0,40
2023-01-27T17:44:15,40,0,0,40
2023-01-27T17:54:16,40,0,0,40
2023-01-27T18:04:16,40,0,0,40
2023-01-27T18:14:17,40,0,0,40
2023-01-27T18:24:17,40,0,0,40
2023-01-27T18:34:19,40,0,0,40
2023-01-27T18:44:19,40,0,0,40
2023-01-27T18:54:18,40,0,0,40
2023-01-27T19:04:18,40,0,0,40
2023-01-27T19:14:27,40,0,0,40
2023-01-27T19:24:27,40,0,0,40
2023-01-27T19:34:27,40,0,0,40
2023-01-27T19:44:27,40,0,0,40
2023-01-27T19:54:27,40,0,0,40
2023-01-27T20:04:28,40,0,0,40
2023-01-27T20:14:28,40,0,0,40
2023-01-27T20:24:28,40,0,0,40
2023-01-27T20:34:27,40,0,0,40
2023-01-27T20:44:27,40,0,0,40
2023-01-27T20:54:27,40,0,0,40
2023-01-27T21:04:27,40,0,0,40
2023-01-27T21:14:27,40,0,0,40
2023-01-27T21:24:27,40,0,0,40
2023-01-27T21:34:27,40,0,0,40
2023-01-27T21:44:27,40,0,0,40
2023-01-27T21:54:27,40,0,0,40
2023-01-27T22:04:27,40,0,0,40
2023-01-27T22:14:27,40,0,0,40
2023-01-27T22:24:27,40,0,0,40
2023-01-27T22:34:28,40,0,0,40
2023-01-27T22:44:28,40,0,0,40
2023-01-27T22:54:37,40,0,0,40
2023-01-27T23:04:38,40,0,0,40
2023-01-27T23:14:39,40,0,0,40
2023-01-27T23:24:40,40,0,0,40
2023-01-27T23:34:40,40,0,0,40
2023-01-27T23:44:40,40,0,0,40
2023-01-27T23:54:41,40,0,0,40
2023-01-28T00:04:41,40,0,0,40
2023-01-28T00:14:44,40,0,0,40
2023-01-28T00:24:48,40,0,0,40
2023-01-28T00:34:51,40,0,0,40
2023-01-28T00:44:54,40,0,0,40
2023-01-28T00:54:58,40,0,0,40
2023-01-28T01:05:04,40,0,0,40
2023-01-28T01:15:08,40,0,0,40
2023-01-28T01:25:08,40,0,0,40
2023-01-28T01:35:09,40,0,0,40
2023-01-28T01:45:08,40,0,0,40
2023-01-28T01:55:07,40,0,0,40
2023-01-28T02:05:07,40,0,0,40
2023-01-28T02:15:07,40,0,0,40
2023-01-28T02:25:06,40,0,0,40
2023-01-28T02:35:06,40,0,0,40
2023-01-28T02:45:06,40,0,0,40
2023-01-28T02:55:07,40,0,0,40
2023-01-28T03:05:07,40,0,0,40
2023-01-28T03:15:06,40,0,0,40
2023-01-28T03:25:06,40,0,0,40
2023-01-28T03:35:05,40,0,0,40
2023-01-28T03:45:08,40,0,0,40
2023-01-28T03:55:12,40,0,0,40
2023-01-28T04:19:45,40,0,0,40
2023-01-28T04:29:50,40,0,0,40
2023-01-28T04:39:54,40,0,0,40
2023-01-28T04:51:26,40,0,0,40
2023-01-28T05:01:47,40,0,0,40
2023-01-28T05:11:49,40,0,0,40
2023-01-28T05:21:51,40,0,0,40
2023-01-28T05:31:51,40,0,0,40
2023-01-28T05:41:51,40,0,0,40
2023-01-28T05:51:53,40,0,0,40
2023-01-28T06:01:57,40,0,0,40
2023-01-28T06:12:02,40,0,0,40
2023-01-28T06:22:06,40,0,0,40
2023-01-28T06:32:09,40,0,0,40
2023-01-28T06:42:11,40,0,0,40
2023-01-28T06:52:12,40,0,0,40
2023-01-28T07:02:15,40,0,0,40
2023-01-28T07:12:20,40,0,0,40
2023-01-28T07:22:48,40,0,0,40
2023-01-28T07:32:53,40,0,0,40
2023-01-28T07:43:01,40,0,0,40
2023-01-28T07:53:06,40,0,0,40
2023-01-28T08:03:09,40,0,0,40
2023-01-28T08:13:15,40,0,0,40
2023-01-28T08:23:21,40,0,0,40
2023-01-28T08:33:25,40,0,0,40
2023-01-28T08:43:31,40,0,0,40
2023-01-28T08:53:37,40,0,0,40
2023-01-28T09:03:41,40,0,0,40
2023-01-28T09:13:46,40,0,0,40
2023-01-28T09:24:00,40,0,0,40
2023-01-28T09:34:05,40,0,0,40
2023-01-28T09:44:09,40,0,0,40
2023-01-28T09:54:12,40,0,0,40
2023-01-28T10:04:15,40,0,0,40
2023-01-28T10:14:16,40,0,0,40
2023-01-28T10:24:17,40,0,0,40
2023-01-28T10:34:19,40,0,0,40
2023-01-28T10:44:21,40,0,0,40
2023-01-28T10:54:23,40,0,0,40
2023-01-28T11:04:26,40,0,0,40
2023-01-28T11:14:27,40,0,0,40
2023-01-28T11:24:30,40,0,0,40
2023-01-28T11:34:32,40,0,0,40
2023-01-28T11:44:35,40,0,0,40
2023-01-28T11:54:35,40,0,0,40
2023-01-28T12:04:34,40,0,0,40
2023-01-28T12:14:33,40,0,0,40
2023-01-28T12:24:34,40,0,0,40
2023-01-28T12:34:34,40,0,0,40
2023-01-28T12:44:33,40,0,0,40
2023-01-28T12:54:33,40,0,0,40
2023-01-28T13:04:32,40,0,0,40
2023-01-28T13:14:33,40,0,0,40
2023-01-28T13:24:33,40,0,0,40
2023-01-28T13:34:42,40,0,0,40
2023-01-28T13:44:42,40,0,0,40
2023-01-28T13:54:42,40,0,0,40
2023-01-28T14:04:42,40,0,0,40
2023-01-28T14:14:42,40,0,0,40
2023-01-28T14:24:43,40,0,0,40
2023-01-28T14:34:42,40,0,0,40
2023-01-28T14:44:42,40,0,0,40
2023-01-28T14:54:42,40,0,0,40
2023-01-28T15:04:41,40,0,0,40
2023-01-28T15:14:41,40,0,0,40
2023-01-28T15:24:41,40,0,0,40
2023-01-28T15:34:41,40,0,0,40
2023-01-28T15:44:40,40,0,0,40
2023-01-28T15:54:41,40,0,0,40
2023-01-28T16:04:40,40,0,0,40
2023-01-28T16:14:39,40,0,0,40
2023-01-28T16:24:38,40,0,0,40
2023-01-28T16:34:38,40,0,0,40
2023-01-28T16:44:38,40,0,0,40
2023-01-28T16:54:47,40,0,0,40
2023-01-28T17:04:46,40,0,0,40
2023-01-28T17:14:46,40,0,0,40
2023-01-28T17:24:46,40,0,0,40
2023-01-28T17:34:46,40,0,0,40
2023-01-28T17:44:45,40,0,0,40
2023-01-28T17:54:45,40,0,0,40
2023-01-28T18:04:46,40,0,0,40
2023-01-28T18:14:48,40,0,0,40
2023-01-28T18:24:47,40,0,0,40
2023-01-28T18:34:46,40,0,0,40
2023-01-28T18:44:48,40,0,0,40
2023-01-28T18:54:53,40,0,0,40
2023-01-28T19:04:58,40,0,0,40
2023-01-28T19:15:04,40,0,0,40
2023-01-28T19:25:10,40,0,0,40
2023-01-28T19:35:14,40,0,0,40
2023-01-28T19:45:19,40,0,0,40
2023-01-28T19:55:23,40,0,0,40
2023-01-28T20:05:40,40,0,0,40
2023-01-28T20:15:43,40,0,0,40
2023-01-28T20:25:44,40,0,0,40
2023-01-28T20:35:45,40,0,0,40
2023-01-28T20:45:45,40,0,0,40
2023-01-28T20:55:43,40,0,0,40
2023-01-28T21:05:44,40,0,0,40
2023-01-28T21:15:43,40,0,0,40
2023-01-28T21:25:43,40,0,0,40
2023-01-28T21:35:44,40,0,0,40
2023-01-28T21:45:43,40,0,0,40
2023-01-28T21:55:42,40,0,0,40
2023-01-28T22:08:33,40,0,0,40
2023-01-28T22:18:32,40,0,0,40
2023-01-28T22:28:31,40,0,0,40
2023-01-28T22:38:30,40,0,0,40
2023-01-28T22:48:29,40,0,0,40
2023-01-28T22:58:28,40,0,0,40
2023-01-28T23:08:28,40,0,0,40
2023-01-28T23:18:37,40,0,0,40
2023-01-28T23:28:37,40,0,0,40
2023-01-28T23:38:36,40,0,0,40
2023-01-28T23:48:35,40,0,0,40
2023-01-28T23:58:33,40,0,0,40
2023-01-29T00:08:33,40,0,0,40
2023-01-29T00:18:36,40,0,0,40
2023-01-29T00:28:38,40,0,0,40
2023-01-29T00:38:40,40,0,0,40
2023-01-29T00:48:42,40,0,0,40
2023-01-29T00:58:43,40,0,0,40
2023-01-29T01:08:43,40,0,0,40
2023-01-29T01:18:43,40,0,0,40
2023-01-29T01:28:42,40,0,0,40
2023-01-29T01:38:42,40,0,0,40
2023-01-29T01:48:44,40,0,0,40
2023-01-29T01:58:47,40,0,0,40
2023-01-29T02:08:50,40,0,0,40
2023-01-29T02:18:51,40,0,0,40
2023-01-29T02:28:53,40,0,0,40
2023-01-29T02:38:54,40,0,0,40
2023-01-29T02:48:54,40,0,0,40
2023-01-29T02:58:54,40,0,0,40
2023-01-29T03:08:54,40,0,0,40
2023-01-29T03:18:55,40,0,0,40
2023-01-29T03:28:57,40,0,0,40
2023-01-29T03:38:59,40,0,0,40
2023-01-29T03:49:02,40,0,0,40
2023-01-29T03:59:04,40,0,0,40
2023-01-29T04:09:08,40,0,0,40
2023-01-29T04:32:59,40,0,0,40
2023-01-29T04:43:01,40,0,0,40
2023-01-29T04:54:15,40,0,0,40
2023-01-29T05:04:31,40,0,0,40
2023-01-29T05:14:30,40,0,0,40
2023-01-29T05:24:29,40,0,0,40
2023-01-29T05:34:28,40,0,0,40
2023-01-29T05:44:26,40,0,0,40
2023-01-29T05:54:27,40,0,0,40
2023-01-29T06:04:28,40,0,0,40
2023-01-29T06:14:32,40,0,0,40
2023-01-29T06:24:35,40,0,0,40
2023-01-29T06:34:35,40,0,0,40
2023-01-29T06:44:35,40,0,0,40
2023-01-29T06:54:35,40,0,0,40
2023-01-29T07:04:38,40,0,0,40
2023-01-29T07:14:38,40,0,0,40
2023-01-29T07:24:38,40,0,0,40
2023-01-29T07:34:40,40,0,0,40
2023-01-29T07:44:42,40,0,0,40
2023-01-29T07:54:42,40,0,0,40
2023-01-29T08:04:43,40,0,0,40
2023-01-29T08:14:43,40,0,0,40
2023-01-29T08:24:45,40,0,0,40
2023-01-29T08:34:46,40,0,0,40
2023-01-29T08:44:46,40,0,0,40
2023-01-29T08:54:48,40,0,0,40
2023-01-29T09:04:53,40,0,0,40
2023-01-29T09:14:54,40,0,0,40
2023-01-29T09:24:56,40,0,0,40
2023-01-29T09:34:56,40,0,0,40
2023-01-29T09:44:57,40,0,0,40
2023-01-29T09:54:57,40,0,0,40
2023-01-29T10:04:57,40,0,0,40
2023-01-29T10:14:58,40,0,0,40
2023-01-29T10:25:08,40,0,0,40
2023-01-29T10:35:08,40,0,0,40
2023-01-29T10:45:08,40,0,0,40
2023-01-29T10:55:08,40,0,0,40
2023-01-29T11:05:09,40,0,0,40
2023-01-29T11:15:10,40,0,0,40
2023-01-29T11:25:09,40,0,0,40
2023-01-29T11:35:10,40,0,0,40
2023-01-29T11:45:11,40,0,0,40
2023-01-29T11:55:13,40,0,0,40
2023-01-29T12:05:15,40,0,0,40
2023-01-29T12:15:15,40,0,0,40
2023-01-29T12:25:15,40,0,0,40
2023-01-29T12:35:16,40,0,0,40
2023-01-29T12:45:16,40,0,0,40
2023-01-29T12:55:17,40,0,0,40
2023-01-29T13:05:18,40,0,0,40
2023-01-29T13:15:19,40,0,0,40
2023-01-29T13:25:19,40,0,0,40
2023-01-29T13:35:30,40,0,0,40
2023-01-29T13:45:30,40,0,0,40
2023-01-29T13:55:31,40,0,0,40
2023-01-29T14:05:33,40,0,0,40
2023-01-29T14:15:34,40,0,0,40
2023-01-29T14:25:35,40,0,0,40
2023-01-29T14:35:36,40,0,0,40
2023-01-29T14:45:37,40,0,0,40
2023-01-29T14:55:38,40,0,0,40
2023-01-29T15:05:41,40,0,0,40
2023-01-29T15:15:41,40,0,0,40
2023-01-29T15:25:42,40,0,0,40
2023-01-29T15:35:43,40,0,0,40
2023-01-29T15:45:44,40,0,0,40
2023-01-29T15:55:44,40,0,0,40
2023-01-29T16:05:45,40,0,0,40
2023-01-29T16:15:45,40,0,0,40
2023-01-29T16:25:46,40,0,0,40
2023-01-29T16:35:57,40,0,0,40
2023-01-29T16:45:58,40,0,0,40
2023-01-29T16:55:58,40,0,0,40
2023-01-29T17:05:58,40,0,0,40
2023-01-29T17:15:59,40,0,0,40
2023-01-29T17:26:00,40,0,0,40
2023-01-29T17:36:37,40,0,0,40
2023-01-29T17:46:37,40,0,0,40
2023-01-29T18:13:47,40,0,0,40
2023-01-29T18:23:48,40,0,0,40
2023-01-29T18:34:14,40,0,0,40
2023-01-29T18:44:14,40,0,0,40
2023-01-29T18:54:14,40,0,0,40
2023-01-29T19:04:16,40,0,0,40
2023-01-29T19:14:19,40,0,0,40
2023-01-29T19:24:20,40,0,0,40
2023-01-29T19:34:21,40,0,0,40
2023-01-29T19:44:33,40,0,0,40
2023-01-29T19:54:34,40,0,0,40
2023-01-29T20:04:35,40,0,0,40
2023-01-29T20:14:34,40,0,0,40
2023-01-29T20:24:34,40,0,0,40
2023-01-29T20:34:33,40,0,0,40
2023-01-29T20:44:33,40,0,0,40
2023-01-29T20:54:33,40,0,0,40
2023-01-29T21:04:33,40,0,0,40
2023-01-29T21:14:32,40,0,0,40
2023-01-29T21:24:31,40,0,0,40
2023-01-29T21:34:31,40,0,0,40
2023-01-29T21:44:31,40,0,0,40
2023-01-29T21:54:30,40,0,0,40
2023-01-29T22:04:31,40,0,0,40
2023-01-29T22:14:31,40,0,0,40
2023-01-29T22:24:29,40,0,0,40
2023-01-29T22:34:39,40,0,0,40
2023-01-29T22:44:38,40,0,0,40
2023-01-29T22:54:37,40,0,0,40
2023-01-29T23:04:37,40,0,0,40
2023-01-29T23:14:38,40,0,0,40
2023-01-29T23:24:38,40,0,0,40
2023-01-29T23:34:38,40,0,0,40
2023-01-29T23:44:37,40,0,0,40
2023-01-29T23:54:37,40,0,0,40
2023-01-30T00:04:36,40,0,0,40
2023-01-30T00:14:38,40,0,0,40
2023-01-30T00:24:45,40,0,0,40
2023-01-30T00:34:46,40,0,0,40
2023-01-30T00:44:46,40,0,0,40
2023-01-30T00:54:48,40,0,0,40
2023-01-30T01:04:53,40,0,0,40
2023-01-30T01:14:58,40,0,0,40
2023-01-30T01:25:01,40,0,0,40
2023-01-30T01:35:01,40,0,0,40
2023-01-30T01:45:11,40,0,0,40
2023-01-30T01:55:13,40,0,0,40
2023-01-30T02:05:16,40,0,0,40
2023-01-30T02:15:18,40,0,0,40
2023-01-30T02:25:19,40,0,0,40
2023-01-30T02:35:20,40,0,0,40
2023-01-30T02:45:20,40,0,0,40
2023-01-30T02:55:20,40,0,0,40
2023-01-30T03:05:19,40,0,0,40
2023-01-30T03:15:19,40,0,0,40
2023-01-30T03:25:20,40,0,0,40
2023-01-30T03:35:22,40,0,0,40
2023-01-30T03:45:25,40,0,0,40
2023-01-30T03:55:27,40,0,0,40
2023-01-30T04:05:29,40,0,0,40
2023-01-30T04:24:48,40,0,0,40
2023-01-30T04:34:52,40,0,0,40
2023-01-30T04:44:57,40,0,0,40
2023-01-30T04:54:59,40,0,0,40
2023-01-30T05:04:58,40,0,0,40
2023-01-30T05:14:57,40,0,0,40
2023-01-30T05:24:56,40,0,0,40
2023-01-30T05:34:55,40,0,0,40
2023-01-30T05:44:54,40,0,0,40
2023-01-30T05:54:55,40,0,0,40
2023-01-30T06:04:58,40,0,0,40
2023-01-30T06:15:00,40,0,0,40
2023-01-30T06:25:02,40,0,0,40
2023-01-30T06:35:03,40,0,0,40
2023-01-30T06:45:04,40,0,0,40
2023-01-30T06:55:04,40,0,0,40
2023-01-30T07:05:08,40,0,0,40
2023-01-30T07:15:10,40,0,0,40
2023-01-30T07:25:12,40,0,0,40
2023-01-30T07:35:14,40,0,0,40
2023-01-30T07:45:16,40,0,0,40
2023-01-30T07:55:19,40,0,0,40
2023-01-30T08:05:24,40,0,0,40
2023-01-30T08:15:26,40,0,0,40
2023-01-30T08:25:29,40,0,0,40
2023-01-30T08:35:32,40,0,0,40
2023-01-30T08:45:35,40,0,0,40
2023-01-30T08:55:38,40,0,0,40
2023-01-30T09:05:45,40,0,0,40
2023-01-30T09:15:47,40,0,0,40
2023-01-30T09:25:52,40,0,0,40
2023-01-30T09:36:08,40,0,0,40
2023-01-30T09:46:11,40,0,0,40
2023-01-30T09:56:14,40,0,0,40
2023-01-30T10:06:18,40,0,0,40
2023-01-30T10:16:21,40,0,0,40
2023-01-30T10:26:25,40,0,0,40
2023-01-30T10:36:28,40,0,0,40
2023-01-30T10:46:31,40,0,0,40
2023-01-30T10:56:35,40,0,0,40
2023-01-30T11:06:39,40,0,0,40
2023-01-30T11:16:42,40,0,0,40
2023-01-30T11:26:46,40,0,0,40
2023-01-30T11:36:50,40,0,0,40
2023-01-30T11:46:54,40,0,0,40
2023-01-30T11:56:56,40,0,0,40
2023-01-30T12:07:13,40,0,0,40
2023-01-30T12:17:15,40,0,0,40
2023-01-30T12:27:17,40,0,0,40
2023-01-30T12:37:19,40,0,0,40
2023-01-30T12:47:23,40,0,0,40
2023-01-30T12:57:25,40,0,0,40
2023-01-30T13:07:28,40,0,0,40
2023-01-30T13:17:31,40,0,0,40
2023-01-30T13:27:34,40,0,0,40
2023-01-30T13:37:37,40,0,0,40
2023-01-30T13:47:59,40,0,0,40
2023-01-30T13:58:02,40,0,0,40
2023-01-30T14:08:07,40,0,0,40
2023-01-30T14:18:11,40,0,0,40
2023-01-30T14:28:14,40,0,0,40
2023-01-30T14:38:20,40,0,0,40
2023-01-30T14:48:23,40,0,0,40
2023-01-30T14:58:26,40,0,0,40
2023-01-30T15:08:31,40,0,0,40
2023-01-30T15:18:45,40,0,0,40
2023-01-30T15:34:44,40,0,0,40
2023-01-30T15:44:48,40,0,0,40
2023-01-30T15:54:52,40,0,0,40
2023-01-30T16:04:56,40,0,0,40
2023-01-30T16:14:58,40,0,0,40
2023-01-30T16:25:03,40,0,0,40
2023-01-30T16:35:05,40,0,0,40
2023-01-30T16:45:07,40,0,0,40
2023-01-30T16:55:20,40,0,0,40
2023-01-30T17:05:22,40,0,0,40
2023-01-30T17:15:24,40,0,0,40
2023-01-30T17:25:27,40,0,0,40
2023-01-30T17:35:29,40,0,0,40
2023-01-30T17:45:31,40,0,0,40
2023-01-30T17:55:34,40,0,0,40
2023-01-30T18:05:35,40,0,0,40
2023-01-30T18:15:37,40,0,0,40
2023-01-30T18:25:39,40,0,0,40
2023-01-30T18:35:40,40,0,0,40
2023-01-30T18:45:41,40,0,0,40
2023-01-30T18:55:43,40,0,0,40
2023-01-30T19:05:45,40,0,0,40
2023-01-30T19:15:48,40,0,0,40
2023-01-30T19:25:48,40,0,0,40
2023-01-30T19:35:50,40,0,0,40
2023-01-30T19:45:52,40,0,0,40
2023-01-30T19:55:53,40,0,0,40
2023-01-30T20:06:05,40,0,0,40
2023-01-30T20:16:06,40,0,0,40
2023-01-31T08:26:37,40,0,0,40
2023-01-31T08:51:40,40,0,0,40
2023-01-31T09:15:21,40,0,0,40
2023-01-31T09:50:10,40,0,0,40
2023-01-31T10:27:59,40,0,0,40
2023-01-31T11:12:31,40,0,0,40
2023-01-31T11:22:09,40,0,0,40
2023-01-31T11:31:46,40,0,0,40
2023-01-31T11:41:22,40,0,0,40
2023-01-31T11:50:59,40,0,0,40
2023-01-31T12:00:46,40,0,0,40
2023-01-31T12:10:21,40,0,0,40
2023-01-31T12:19:59,40,0,0,40
2023-01-31T12:29:36,40,0,0,40
2023-01-31T12:39:14,40,0,0,40
2023-01-31T12:48:50,40,0,0,40
2023-01-31T12:58:28,40,0,0,40
2023-01-31T13:08:08,40,0,0,40
2023-01-31T13:17:46,40,0,0,40
2023-01-31T13:27:23,40,0,0,40
2023-01-31T13:37:00,40,0,0,40
2023-01-31T13:46:35,40,0,0,40
2023-01-31T13:56:12,40,0,0,40
2023-01-31T14:05:48,40,0,0,40
2023-01-31T14:15:34,40,0,0,40
2023-01-31T14:25:10,40,0,0,40
2023-01-31T14:34:47,40,0,0,40
2023-01-31T14:44:23,40,0,0,40
2023-01-31T14:53:59,40,0,0,40
2023-01-31T15:03:34,40,0,0,40
2023-01-31T15:13:11,40,0,0,40
2023-01-31T15:22:46,40,0,0,40
2023-01-31T15:32:21,40,0,0,40
2023-01-31T15:42:05,40,0,0,40
2023-01-31T15:51:41,40,0,0,40
2023-01-31T16:01:16,40,0,0,40
2023-01-31T16:10:51,40,0,0,40
2023-01-31T16:20:26,40,0,0,40
2023-01-31T16:30:01,40,0,0,40
2023-01-31T16:39:35,40,0,0,40
2023-01-31T16:49:08,40,0,0,40
2023-01-31T16:58:41,40,0,0,40
2023-01-31T17:08:15,40,0,0,40
2023-01-31T17:17:48,40,0,0,40
2023-01-31T17:27:32,40,0,0,40
2023-01-31T17:37:05,40,0,0,40
2023-01-31T17:46:38,40,0,0,40
2023-01-31T17:56:11,40,0,0,40
2023-01-31T18:05:46,40,0,0,40
2023-01-31T18:15:20,40,0,0,40
2023-01-31T18:24:54,40,0,0,40
2023-01-31T18:34:28,40,0,0,40
2023-01-31T18:44:02,40,0,0,40
2023-01-31T18:53:35,40,0,0,40
2023-01-31T19:03:08,40,0,0,40
2023-01-31T19:12:41,40,0,0,40
2023-01-31T19:22:16,40,0,0,40
2023-01-31T19:31:49,40,0,0,40
2023-01-31T19:41:23,40,0,0,40
2023-01-31T19:50:57,40,0,0,40
2023-01-31T20:00:29,40,0,0,40
2023-01-31T20:10:11,40,0,0,40
2023-01-31T20:19:47,40,0,0,40
2023-01-31T20:29:22,40,0,0,40
2023-01-31T20:38:55,40,0,0,40
2023-01-31T20:48:28,40,0,0,40
2023-01-31T20:58:00,40,0,0,40
2023-01-31T21:07:33,40,0,0,40
2023-01-31T21:17:06,40,0,0,40
2023-01-31T21:26:39,40,0,0,40
2023-01-31T21:36:11,40,0,0,40
2023-01-31T21:45:44,40,0,0,40
2023-01-31T21:55:17,40,0,0,40
2023-01-31T22:04:50,40,0,0,40
2023-01-31T22:14:22,40,0,0,40
2023-01-31T22:23:54,40,0,0,40
2023-01-31T22:33:28,40,0,0,40
2023-01-31T22:43:02,40,0,0,40
2023-01-31T22:52:35,40,0,0,40
2023-01-31T23:02:08,40,0,0,40
2023-01-31T23:11:41,40,0,0,40
2023-01-31T23:21:23,40,0,0,40
2023-01-31T23:30:56,40,0,0,40
2023-01-31T23:40:28,40,0,0,40
2023-01-31T23:50:00,40,0,0,40
2023-01-31T23:59:32,40,0,0,40
2023-02-01T00:09:06,40,0,0,40
2023-02-01T00:18:43,40,0,0,40
2023-02-01T00:28:16,40,0,0,40
2023-02-01T00:37:51,40,0,0,40
2023-02-01T00:47:26,40,0,0,40
2023-02-01T00:57:00,40,0,0,40
2023-02-01T01:06:34,40,0,0,40
2023-02-01T01:16:09,40,0,0,40
2023-02-01T01:25:42,40,0,0,40
2023-02-01T01:35:15,40,0,0,40
2023-02-01T01:44:47,40,0,0,40
2023-02-01T01:54:19,40,0,0,40
2023-02-01T02:03:53,40,0,0,40
2023-02-01T02:13:28,40,0,0,40
2023-02-01T02:23:02,40,0,0,40
2023-02-01T02:32:36,40,0,0,40
2023-02-01T02:42:08,40,0,0,40
2023-02-01T02:51:41,40,0,0,40
2023-02-01T03:01:14,40,0,0,40
2023-02-01T03:10:47,40,0,0,40
2023-02-01T03:20:21,40,0,0,40
2023-02-01T03:29:57,40,0,0,40
2023-02-01T03:39:35,40,0,0,40
2023-02-01T03:49:11,40,0,0,40
2023-02-01T03:58:46,40,0,0,40
2023-02-01T04:08:21,40,0,0,40
2023-02-01T04:37:37,40,0,0,40
2023-02-01T04:47:13,40,0,0,40
2023-02-01T04:56:49,40,0,0,40
2023-02-01T05:06:23,40,0,0,40
2023-02-01T05:15:56,40,0,0,40
2023-02-01T05:25:30,40,0,0,40
2023-02-01T05:35:04,40,0,0,40
2023-02-01T05:44:37,40,0,0,40
2023-02-01T05:55:36,40,0,0,40
2023-02-01T06:05:12,40,0,0,40
2023-02-01T06:14:47,40,0,0,40
2023-02-01T06:24:23,40,0,0,40
2023-02-01T06:33:58,40,0,0,40
2023-02-01T06:43:31,40,0,0,40
2023-02-01T06:53:04,40,0,0,40
2023-02-01T07:02:37,40,0,0,40
2023-02-01T07:12:13,40,0,0,40
2023-02-01T07:21:49,40,0,0,40
2023-02-01T07:31:25,40,0,0,40
2023-02-01T07:41:02,40,0,0,40
2023-02-01T07:50:39,40,0,0,40
2023-02-01T08:00:14,40,0,0,40
2023-02-01T08:09:53,40,0,0,40
2023-02-01T08:19:30,40,0,0,40
2023-02-01T08:29:05,40,0,0,40
2023-02-01T08:38:40,40,0,0,40
2023-02-01T08:48:17,40,0,0,40
2023-02-01T08:57:52,40,0,0,40
2023-02-01T09:07:28,40,0,0,40
2023-02-01T09:17:03,40,0,0,40
2023-02-01T09:26:39,40,0,0,40
2023-02-01T09:36:15,40,0,0,40
2023-02-01T09:45:51,40,0,0,40
2023-02-01T09:55:27,40,0,0,40
2023-02-01T10:05:03,40,0,0,40
2023-02-01T10:14:41,40,0,0,40
2023-02-01T10:24:17,40,0,0,40
2023-02-01T10:34:01,40,0,0,40
2023-02-01T10:43:37,40,0,0,40
2023-02-01T10:53:13,40,0,0,40
2023-02-01T11:02:49,40,0,0,40
2023-02-01T11:12:27,40,0,0,40
2023-02-01T11:22:03,40,0,0,40
2023-02-01T11:31:39,40,0,0,40
2023-02-01T11:41:16,40,0,0,40
2023-02-01T11:50:53,40,0,0,40
2023-02-01T12:00:29,40,0,0,40
2023-02-01T12:10:05,40,0,0,40
2023-02-01T12:19:41,40,0,0,40
2023-02-01T12:29:17,40,0,0,40
2023-02-01T12:38:53,40,0,0,40
2023-02-01T12:48:30,40,0,0,40
2023-02-01T12:58:09,40,0,0,40
2023-02-01T13:07:57,40,0,0,40
2023-02-01T13:17:35,40,0,0,40
2023-02-01T13:27:15,40,0,0,40
2023-02-01T13:36:55,40,0,0,40
2023-02-01T13:46:34,40,0,0,40
2023-02-01T13:56:12,40,0,0,40
2023-02-01T14:05:50,40,0,0,40
2023-02-01T14:15:27,40,0,0,40
2023-02-01T14:25:05,40,0,0,40
2023-02-01T14:34:42,40,0,0,40
2023-02-01T14:44:20,40,0,0,40
2023-02-01T14:53:58,40,0,0,40
2023-02-01T15:03:48,40,0,0,40
2023-02-01T15:13:25,40,0,0,40
2023-02-01T15:23:03,40,0,0,40
2023-02-01T15:32:40,40,0,0,40
2023-02-01T15:42:17,40,0,0,40
2023-02-01T15:51:54,40,0,0,40
2023-02-01T16:01:30,40,0,0,40
2023-02-01T16:11:07,40,0,0,40
2023-02-01T16:20:42,40,0,0,40
2023-02-01T16:30:19,40,0,0,40
2023-02-01T16:39:56,40,0,0,40
2023-02-01T16:49:32,40,0,0,40
2023-02-01T16:59:07,40,0,0,40
2023-02-01T17:08:57,40,0,0,40
2023-02-01T17:18:33,40,0,0,40
2023-02-01T17:28:08,40,0,0,40
2023-02-01T17:37:44,40,0,0,40
2023-02-01T17:47:19,40,0,0,40
2023-02-01T17:56:55,40,0,0,40
2023-02-01T18:06:31,40,0,0,40
2023-02-01T18:16:06,40,0,0,40
2023-02-01T18:25:41,40,0,0,40
2023-02-01T18:35:16,40,0,0,40
2023-02-01T18:44:50,40,0,0,40
2023-02-01T18:54:25,40,0,0,40
2023-02-01T19:04:01,40,0,0,40
2023-02-01T19:13:37,40,0,0,40
2023-02-01T19:23:12,40,0,0,40
2023-02-01T19:32:48,40,0,0,40
2023-02-01T19:42:23,40,0,0,40
2023-02-01T19:51:57,40,0,0,40
2023-02-01T20:01:31,40,0,0,40
2023-02-01T20:11:15,40,0,0,40
2023-02-01T20:20:48,40,0,0,40
2023-02-01T20:30:21,40,0,0,40
2023-02-01T20:39:54,40,0,0,40
2023-02-01T20:49:27,40,0,0,40
2023-02-01T20:59:00,40,0,0,40
2023-02-01T21:08:33,40,0,0,40
2023-02-01T21:18:07,40,0,0,40
2023-02-01T21:27:40,40,0,0,40
2023-02-01T21:37:14,40,0,0,40
2023-02-01T21:46:48,40,0,0,40
2023-02-01T21:56:21,40,0,0,40
2023-02-01T22:05:54,40,0,0,40
2023-02-01T22:15:28,40,0,0,40
2023-02-01T22:25:02,40,0,0,40
2023-02-01T22:34:37,40,0,0,40
2023-02-01T22:44:10,40,0,0,40
2023-02-01T22:53:44,40,0,0,40
2023-02-01T23:03:18,40,0,0,40
2023-02-01T23:12:54,40,0,0,40
2023-02-01T23:22:27,40,0,0,40
2023-02-01T23:32:01,40,0,0,40
2023-02-01T23:41:36,40,0,0,40
2023-02-01T23:51:09,40,0,0,40
2023-02-02T00:00:41,40,0,0,40
2023-02-02T00:10:17,40,0,0,40
2023-02-02T00:20:04,40,0,0,40
2023-02-02T00:29:38,40,0,0,40
2023-02-02T00:39:13,40,0,0,40
2023-02-02T00:48:49,40,0,0,40
2023-02-02T00:58:24,40,0,0,40
2023-02-02T01:07:58,40,0,0,40
2023-02-02T01:17:32,40,0,0,40
2023-02-02T01:27:05,40,0,0,40
2023-02-02T01:36:38,40,0,0,40
2023-02-02T01:46:11,40,0,0,40
2023-02-02T01:55:43,40,0,0,40
2023-02-02T02:05:15,40,0,0,40
2023-02-02T02:14:50,40,0,0,40
2023-02-02T02:24:22,40,0,0,40
2023-02-02T02:33:53,40,0,0,40
2023-02-02T02:43:25,40,0,0,40
2023-02-02T02:52:57,40,0,0,40
2023-02-02T03:02:28,40,0,0,40
2023-02-02T03:11:59,40,0,0,40
2023-02-02T03:21:31,40,0,0,40
2023-02-02T03:31:02,40,0,0,40
2023-02-02T03:40:33,40,0,0,40
2023-02-02T03:50:04,40,0,0,40
2023-02-02T03:59:35,40,0,0,40
2023-02-02T04:09:08,40,0,0,40
2023-02-02T04:24:58,40,0,0,40
2023-02-02T04:35:43,40,0,0,40
2023-02-02T04:45:35,40,0,0,40
2023-02-02T04:55:14,40,0,0,40
2023-02-02T05:04:49,40,0,0,40
2023-02-02T05:14:25,40,0,0,40
2023-02-02T05:24:00,40,0,0,40
2023-02-02T05:33:36,40,0,0,40
2023-02-02T05:43:11,40,0,0,40
2023-02-02T05:52:47,40,0,0,40
2023-02-02T06:02:24,40,0,0,40
2023-02-02T06:12:02,40,0,0,40
2023-02-02T06:21:38,40,0,0,40
2023-02-02T06:31:15,40,0,0,40
2023-02-02T06:40:51,40,0,0,40
2023-02-02T06:50:27,40,0,0,40
2023-02-02T07:00:02,40,0,0,40
2023-02-02T07:09:40,40,0,0,40
2023-02-02T07:19:18,40,0,0,40
2023-02-02T07:28:56,40,0,0,40
2023-02-02T07:38:34,40,0,0,40
2023-02-02T07:48:13,40,0,0,40
2023-02-02T07:57:52,40,0,0,40
2023-02-02T08:07:30,40,0,0,40
2023-02-02T08:17:11,40,0,0,40
2023-02-02T08:26:52,40,0,0,40
2023-02-02T08:36:28,40,0,0,40
2023-02-02T08:46:21,40,0,0,40
2023-02-02T08:55:58,40,0,0,40
2023-02-02T09:05:37,40,0,0,40
2023-02-02T09:15:14,40,0,0,40
2023-02-02T09:24:52,40,0,0,40
2023-02-02T09:34:30,40,0,0,40
2023-02-02T09:44:08,40,0,0,40
2023-02-02T09:53:46,40,0,0,40
2023-02-02T10:03:22,40,0,0,40
2023-02-02T10:12:59,40,0,0,40
2023-02-02T10:22:35,40,0,0,40
2023-02-02T10:32:12,40,0,0,40
2023-02-02T10:41:48,40,0,0,40
2023-02-02T10:51:43,40,0,0,40
2023-02-02T11:01:19,40,0,0,40
2023-02-02T11:10:55,40,0,0,40
2023-02-02T11:20:32,40,0,0,40
2023-02-02T11:30:09,40,0,0,40
2023-02-02T11:39:45,40,0,0,40
2023-02-02T11:49:22,40,0,0,40
2023-02-02T11:59:00,40,0,0,40
2023-02-02T12:08:36,40,0,0,40
2023-02-02T12:18:18,40,0,0,40
2023-02-02T12:27:55,40,0,0,40
2023-02-02T12:37:32,40,0,0,40
2023-02-02T12:47:09,40,0,0,40
2023-02-02T12:56:46,40,0,0,40
2023-02-02T13:06:21,40,0,0,40
2023-02-02T13:15:57,40,0,0,40
2023-02-02T13:25:39,40,0,0,40
2023-02-02T13:35:21,40,0,0,40
2023-02-02T13:45:16,40,0,0,40
2023-02-02T13:54:59,40,0,0,40
2023-02-02T14:04:43,40,0,0,40
2023-02-02T14:14:26,40,0,0,40
2023-02-02T14:24:10,40,0,0,40
2023-02-02T14:33:55,40,0,0,40
2023-02-02T14:43:37,40,0,0,40
2023-02-02T14:53:18,40,0,0,40
2023-02-02T15:02:58,40,0,0,40
2023-02-02T15:12:37,40,0,0,40
2023-02-02T15:22:25,40,0,0,40
2023-02-02T15:32:01,40,0,0,40
2023-02-02T15:41:38,40,0,0,40
2023-02-02T15:51:14,40,0,0,40
2023-02-02T16:00:49,40,0,0,40
2023-02-02T16:10:25,40,0,0,40
2023-02-02T16:20:01,40,0,0,40
2023-02-02T16:29:38,40,0,0,40
2023-02-02T16:39:13,40,0,0,40
2023-02-02T16:48:49,40,0,0,40
2023-02-02T16:58:24,40,0,0,40
2023-02-02T17:08:00,40,0,0,40
2023-02-02T17:17:35,40,0,0,40
2023-02-02T17:27:21,40,0,0,40
2023-02-02T17:36:57,40,0,0,40
2023-02-02T17:46:32,40,0,0,40
2023-02-02T17:56:07,40,0,0,40
2023-02-02T18:05:42,40,0,0,40
2023-02-02T18:15:18,40,0,0,40
2023-02-02T18:24:53,40,0,0,40
2023-02-02T18:34:27,40,0,0,40
2023-02-02T18:44:01,40,0,0,40
2023-02-02T18:53:36,40,0,0,40
2023-02-02T19:03:10,40,0,0,40
2023-02-02T19:12:44,40,0,0,40
2023-02-02T19:22:20,40,0,0,40
2023-02-02T19:31:54,40,0,0,40
2023-02-02T19:41:29,40,0,0,40
2023-02-02T19:51:03,40,0,0,40
2023-02-02T20:00:58,40,0,0,40
2023-02-02T20:10:33,40,0,0,40
2023-02-02T20:20:07,40,0,0,40
2023-02-02T20:29:42,40,0,0,40
2023-02-02T20:39:16,40,0,0,40
2023-02-02T20:48:51,40,0,0,40
2023-02-02T20:58:27,40,0,0,40
2023-02-02T21:08:01,40,0,0,40
2023-02-02T21:17:35,40,0,0,40
2023-02-02T21:27:10,40,0,0,40
2023-02-02T21:36:44,40,0,0,40
2023-02-02T21:46:18,40,0,0,40
2023-02-02T21:55:52,40,0,0,40
2023-02-02T22:05:26,40,0,0,40
2023-02-02T22:15:00,40,0,0,40
2023-02-02T22:24:34,40,0,0,40
2023-02-02T22:34:08,40,0,0,40
2023-02-02T22:43:43,40,0,0,40
2023-02-02T22:53:19,40,0,0,40
2023-02-02T23:03:07,40,0,0,40
2023-02-02T23:12:42,40,0,0,40
2023-02-02T23:22:17,40,0,0,40
2023-02-02T23:31:51,40,0,0,40
2023-02-02T23:41:26,40,0,0,40
2023-02-02T23:51:01,40,0,0,40
2023-02-03T00:00:35,40,0,0,40
2023-02-03T00:10:11,40,0,0,40
2023-02-03T00:19:50,40,0,0,40
2023-02-03T00:29:27,40,0,0,40
2023-02-03T00:39:04,40,0,0,40
2023-02-03T00:48:41,40,0,0,40
2023-02-03T00:58:18,40,0,0,40
2023-02-03T01:07:55,40,0,0,40
2023-02-03T01:17:32,40,0,0,40
2023-02-03T01:27:10,40,0,0,40
2023-02-03T01:36:48,40,0,0,40
2023-02-03T01:46:25,40,0,0,40
2023-02-03T01:56:01,40,0,0,40
2023-02-03T02:05:36,40,0,0,40
2023-02-03T02:15:13,40,0,0,40
2023-02-03T02:24:50,40,0,0,40
2023-02-03T02:34:26,40,0,0,40
2023-02-03T02:44:02,40,0,0,40
2023-02-03T02:53:37,40,0,0,40
2023-02-03T03:03:11,40,0,0,40
2023-02-03T03:12:45,40,0,0,40
2023-02-03T03:22:20,40,0,0,40
2023-02-03T03:31:55,39,1,0,40
2023-02-03T03:41:32,39,1,0,40
2023-02-03T03:51:09,39,1,0,40
2023-02-03T04:00:46,39,1,0,40
2023-02-03T04:10:23,39,1,0,40
2023-02-03T04:26:33,39,1,0,40
2023-02-03T04:37:20,39,1,0,40
2023-02-03T04:47:14,39,1,0,40
2023-02-03T04:56:51,39,1,0,40
2023-02-03T05:06:27,39,1,0,40
2023-02-03T05:16:02,39,1,0,40
2023-02-03T05:25:36,39,1,0,40
2023-02-03T05:35:08,39,1,0,40
2023-02-03T05:44:40,39,1,0,40
2023-02-03T05:54:14,39,1,0,40
2023-02-03T06:03:49,39,1,0,40
2023-02-03T06:13:25,39,1,0,40
2023-02-03T06:23:00,39,1,0,40
2023-02-03T06:32:35,39,1,0,40
2023-02-03T06:42:09,39,1,0,40
2023-02-03T06:51:42,39,1,0,40
2023-02-03T07:01:15,39,1,0,40
2023-02-03T07:10:50,39,1,0,40
2023-02-03T07:20:24,39,1,0,40
2023-02-03T07:30:01,39,1,0,40
2023-02-03T07:39:39,39,1,0,40
2023-02-03T07:49:14,39,1,0,40
2023-02-03T07:58:49,39,1,0,40
2023-02-03T08:08:27,39,1,0,40
2023-02-03T08:18:04,39,1,0,40
2023-02-03T08:27:41,39,1,0,40
2023-02-03T08:37:18,39,1,0,40
2023-02-03T08:46:56,39,1,0,40
2023-02-03T08:56:33,39,1,0,40
2023-02-03T09:06:10,39,1,0,40
2023-02-03T09:15:46,39,1,0,40
2023-02-03T09:25:24,39,1,0,40
2023-02-03T09:35:00,39,1,0,40
2023-02-03T09:45:02,39,1,0,40
2023-02-03T09:54:38,39,1,0,40
2023-02-03T10:04:14,39,1,0,40
2023-02-03T10:13:49,39,1,0,40
2023-02-03T10:23:26,39,1,0,40
2023-02-03T10:33:03,39,1,0,40
2023-02-03T10:42:40,39,1,0,40
2023-02-03T10:52:16,39,1,0,40
2023-02-03T11:01:52,39,1,0,40
2023-02-03T11:11:29,39,1,0,40
2023-02-03T11:21:06,39,1,0,40
2023-02-03T11:30:42,39,1,0,40
2023-02-03T11:40:18,39,1,0,40
2023-02-03T11:50:04,39,1,0,40
2023-02-03T11:59:39,39,1,0,40
2023-02-03T12:09:15,39,1,0,40
2023-02-03T12:18:51,39,1,0,40
2023-02-03T12:28:26,39,1,0,40
2023-02-03T12:38:01,39,1,0,40
2023-02-03T12:47:36,39,1,0,40
2023-02-03T12:57:12,39,1,0,40
2023-02-03T13:06:48,39,1,0,40
2023-02-03T13:16:23,39,1,0,40
2023-02-03T13:25:58,39,1,0,40
2023-02-03T13:35:34,39,1,0,40
2023-02-03T13:45:09,39,1,0,40
2023-02-03T13:54:45,39,1,0,40
2023-02-03T14:04:32,39,1,0,40
2023-02-03T14:14:08,39,1,0,40
2023-02-03T14:23:44,39,1,0,40
2023-02-03T14:33:20,39,1,0,40
2023-02-03T14:42:55,39,1,0,40
2023-02-03T14:52:31,39,1,0,40
2023-02-03T15:02:07,39,1,0,40
2023-02-03T15:11:44,39,1,0,40
2023-02-03T15:21:20,39,1,0,40
2023-02-03T15:30:54,39,1,0,40
2023-02-03T15:40:29,39,1,0,40
2023-02-03T15:50:05,39,1,0,40
2023-02-03T15:59:41,39,1,0,40
2023-02-03T16:09:16,39,1,0,40
2023-02-03T16:18:51,39,1,0,40
2023-02-03T16:28:32,39,1,0,40
2023-02-03T16:38:08,39,1,0,40
2023-02-03T16:47:43,39,1,0,40
2023-02-03T16:57:18,39,1,0,40
2023-02-03T17:06:54,39,1,0,40
2023-02-03T17:16:30,39,1,0,40
2023-02-03T17:26:05,39,1,0,40
2023-02-03T17:35:39,39,1,0,40
2023-02-03T17:45:14,39,1,0,40
2023-02-03T17:54:50,39,1,0,40
2023-02-03T18:04:25,39,1,0,40
2023-02-03T18:14:00,39,1,0,40
2023-02-03T18:23:34,38,2,0,40
2023-02-03T18:33:08,38,2,0,40
2023-02-03T18:42:42,38,2,0,40
2023-02-03T18:52:18,38,2,0,40
2023-02-03T19:01:53,38,2,0,40
2023-02-03T19:11:27,38,2,0,40
2023-02-03T19:21:01,38,2,0,40
2023-02-03T19:30:34,38,2,0,40
2023-02-03T19:40:08,38,2,0,40
2023-02-03T19:49:42,38,2,0,40
2023-02-03T19:59:24,38,2,0,40
2023-02-03T20:08:58,37,3,0,40
2023-02-03T20:18:32,37,3,0,40
2023-02-03T20:28:05,37,3,0,40
2023-02-03T20:37:39,37,3,0,40
2023-02-03T20:47:12,37,3,0,40
2023-02-03T20:56:46,37,3,0,40
2023-02-03T21:06:19,37,3,0,40
2023-02-03T21:15:54,37,3,0,40
2023-02-03T21:25:27,37,3,0,40
2023-02-03T21:35:01,37,3,0,40
2023-02-03T21:44:35,37,3,0,40
2023-02-03T21:54:10,36,4,0,40
2023-02-03T22:03:44,36,4,0,40
2023-02-03T22:13:18,36,4,0,40
2023-02-03T22:22:51,36,4,0,40
2023-02-03T22:32:25,36,4,0,40
2023-02-03T22:41:59,36,4,0,40
2023-02-03T22:51:33,36,4,0,40
2023-02-03T23:01:09,36,4,0,40
2023-02-03T23:10:46,36,4,0,40
2023-02-03T23:20:21,36,4,0,40
2023-02-03T23:29:56,36,4,0,40
2023-02-03T23:39:31,36,4,0,40
2023-02-03T23:49:05,36,4,0,40
2023-02-03T23:58:49,36,4,0,40
2023-02-04T00:08:24,36,4,0,40
2023-02-04T00:18:02,36,4,0,40
2023-02-04T00:27:39,36,4,0,40
2023-02-04T00:37:16,36,4,0,40
2023-02-04T00:46:54,36,4,0,40
2023-02-04T00:56:31,36,4,0,40
2023-02-04T01:06:08,36,4,0,40
2023-02-04T01:15:44,36,4,0,40
2023-02-04T01:25:20,36,4,0,40
2023-02-04T01:34:57,36,4,0,40
2023-02-04T01:44:31,36,4,0,40
2023-02-04T01:54:04,36,4,0,40
2023-02-04T02:03:38,36,4,0,40
2023-02-04T02:13:13,36,4,0,40
2023-02-04T02:22:49,36,4,0,40
2023-02-04T02:32:23,36,4,0,40
2023-02-04T02:41:58,36,4,0,40
2023-02-04T02:51:31,36,4,0,40
2023-02-04T03:01:05,36,4,0,40
2023-02-04T03:10:38,36,4,0,40
2023-02-04T03:20:12,36,4,0,40
2023-02-04T03:29:45,36,4,0,40
2023-02-04T03:39:20,36,4,0,40
2023-02-04T03:48:57,36,4,0,40
2023-02-04T03:58:33,36,4,0,40
2023-02-04T04:22:11,36,4,0,40
2023-02-04T04:31:48,36,4,0,40
2023-02-04T04:42:57,36,4,0,40
2023-02-04T04:52:34,36,4,0,40
2023-02-04T05:02:08,36,4,0,40
2023-02-04T05:11:41,36,4,0,40
2023-02-04T05:21:15,36,4,0,40
2023-02-04T05:30:48,36,4,0,40
2023-02-04T05:40:22,36,4,0,40
2023-02-04T05:49:56,36,4,0,40
2023-02-04T05:59:33,36,4,0,40
2023-02-04T06:09:11,36,4,0,40
2023-02-04T06:18:49,36,4,0,40
2023-02-04T06:28:27,36,4,0,40
2023-02-04T06:38:34,36,4,0,40
2023-02-04T06:48:12,36,4,0,40
2023-02-04T06:57:53,36,4,0,40
2023-02-04T07:07:33,36,4,0,40
2023-02-04T07:17:13,36,4,0,40
2023-02-04T07:26:52,36,4,0,40
2023-02-04T07:36:31,36,4,0,40
2023-02-04T07:46:10,36,4,0,40
2023-02-04T07:55:49,36,4,0,40
2023-02-04T08:05:28,36,4,0,40
2023-02-04T08:15:08,36,4,0,40
2023-02-04T08:24:47,36,4,0,40
2023-02-04T08:34:26,36,4,0,40
2023-02-04T08:44:06,36,4,0,40
2023-02-04T08:53:44,36,4,0,40
2023-02-04T09:03:20,36,4,0,40
2023-02-04T09:12:58,36,4,0,40
2023-02-04T09:22:36,36,4,0,40
2023-02-04T09:32:13,36,4,0,40
2023-02-04T09:41:51,36,4,0,40
2023-02-04T09:51:28,36,4,0,40
2023-02-04T10:01:05,36,4,0,40
2023-02-04T10:10:43,36,4,0,40
2023-02-04T10:20:20,36,4,0,40
2023-02-04T10:29:57,36,4,0,40
2023-02-04T10:39:35,36,4,0,40
2023-02-04T10:49:12,36,4,0,40
2023-02-04T10:58:49,36,4,0,40
2023-02-04T11:08:26,36,4,0,40
2023-02-04T11:18:00,36,4,0,40
2023-02-04T11:27:34,36,4,0,40
2023-02-04T11:37:09,36,4,0,40
2023-02-04T11:46:45,36,4,0,40
2023-02-04T11:56:19,36,4,0,40
2023-02-04T12:05:52,36,4,0,40
2023-02-04T12:15:26,36,4,0,40
2023-02-04T12:25:00,36,4,0,40
2023-02-04T12:34:33,36,4,0,40
2023-02-04T12:44:07,36,4,0,40
2023-02-04T12:53:41,36,4,0,40
2023-02-04T13:03:15,36,4,0,40
2023-02-04T13:12:48,36,4,0,40
2023-02-04T13:22:21,36,4,0,40
2023-02-04T13:31:54,36,4,0,40
2023-02-04T13:41:28,36,4,0,40
2023-02-04T13:51:02,36,4,0,40
2023-02-04T14:00:50,36,4,0,40
2023-02-04T14:10:25,36,4,0,40
2023-02-04T14:19:59,36,4,0,40
2023-02-04T14:29:32,36,4,0,40
2023-02-04T14:39:06,36,4,0,40
2023-02-04T14:48:39,36,4,0,40
2023-02-04T14:58:11,36,4,0,40
2023-02-04T15:07:43,36,4,0,40
2023-02-04T15:17:15,36,4,0,40
2023-02-04T15:26:47,36,4,0,40
2023-02-04T15:36:21,36,4,0,40
2023-02-04T15:45:53,36,4,0,40
2023-02-04T15:55:25,36,4,0,40
2023-02-04T16:04:58,36,4,0,40
2023-02-04T16:14:30,36,4,0,40
2023-02-04T16:24:01,36,4,0,40
2023-02-04T16:33:33,36,4,0,40
2023-02-04T16:43:06,36,4,0,40
2023-02-04T16:52:38,36,4,0,40
2023-02-04T17:02:09,36,4,0,40
2023-02-04T17:11:42,36,4,0,40
2023-02-04T17:21:14,36,4,0,40
2023-02-04T17:30:46,36,4,0,40
2023-02-04T17:40:17,36,4,0,40
2023-02-04T17:49:50,36,4,0,40
2023-02-04T17:59:21,36,4,0,40
2023-02-04T18:08:53,36,4,0,40
2023-02-04T18:18:25,36,4,0,40
2023-02-04T18:27:56,36,4,0,40
2023-02-04T18:37:31,36,4,0,40
2023-02-04T18:47:02,36,4,0,40
2023-02-04T18:56:34,36,4,0,40
2023-02-04T19:06:07,36,4,0,40
2023-02-04T19:15:38,36,4,0,40
2023-02-04T19:25:11,36,4,0,40
2023-02-04T19:34:43,36,4,0,40
2023-02-04T19:44:15,36,4,0,40
2023-02-04T19:53:47,36,4,0,40
2023-02-04T20:03:18,36,4,0,40
2023-02-04T20:12:56,36,4,0,40
2023-02-04T20:22:28,36,4,0,40
2023-02-04T20:31:59,36,4,0,40
2023-02-04T20:41:31,36,4,0,40
2023-02-04T20:51:13,36,4,0,40
2023-02-04T21:00:44,36,4,0,40
2023-02-04T21:10:16,36,4,0,40
2023-02-04T21:19:47,36,4,0,40
2023-02-04T21:29:19,36,4,0,40
2023-02-04T21:44:30,36,4,0,40
2023-02-04T21:54:02,36,4,0,40
2023-02-04T22:03:33,36,4,0,40
2023-02-04T22:13:04,36,4,0,40
2023-02-04T22:22:36,36,4,0,40
2023-02-04T22:32:08,36,4,0,40
2023-02-04T22:41:40,36,4,0,40
2023-02-04T22:51:12,36,4,0,40
2023-02-04T23:00:43,36,4,0,40
2023-02-04T23:10:16,36,4,0,40
2023-02-04T23:19:48,36,4,0,40
2023-02-04T23:29:20,36,4,0,40
2023-02-04T23:38:52,36,4,0,40
2023-02-04T23:48:24,36,4,0,40
2023-02-04T23:57:56,36,4,0,40
2023-02-05T00:07:28,36,4,0,40
2023-02-05T00:17:04,36,4,0,40
2023-02-05T00:26:38,36,4,0,40
2023-02-05T00:36:11,36,4,0,40
2023-02-05T00:45:43,36,4,0,40
2023-02-05T00:55:15,36,4,0,40
2023-02-05T01:04:50,36,4,0,40
2023-02-05T01:14:26,36,4,0,40
2023-02-05T01:24:02,36,4,0,40
2023-02-05T01:33:39,36,4,0,40
2023-02-05T01:43:14,36,4,0,40
2023-02-05T01:52:50,36,4,0,40
2023-02-05T02:02:26,36,4,0,40
2023-02-05T02:12:03,36,4,0,40
2023-02-05T02:21:38,36,4,0,40
2023-02-05T02:31:12,36,4,0,40
2023-02-05T02:40:46,36,4,0,40
2023-02-05T02:50:18,36,4,0,40
2023-02-05T02:59:51,36,4,0,40
2023-02-05T03:09:24,36,4,0,40
2023-02-05T03:18:58,36,4,0,40
2023-02-05T03:28:31,36,4,0,40
2023-02-05T03:38:06,36,4,0,40
2023-02-05T03:47:42,36,4,0,40
2023-02-05T03:57:17,36,4,0,40
2023-02-05T04:19:47,36,4,0,40
2023-02-05T04:29:22,36,4,0,40
2023-02-05T04:38:56,36,4,0,40
2023-02-05T04:49:36,36,4,0,40
2023-02-05T04:59:24,36,4,0,40
2023-02-05T05:08:59,36,4,0,40
2023-02-05T05:18:31,36,4,0,40
2023-02-05T05:28:02,36,4,0,40
2023-02-05T05:37:35,36,4,0,40
2023-02-05T05:47:07,36,4,0,40
2023-02-05T05:56:42,36,4,0,40
2023-02-05T06:06:18,36,4,0,40
2023-02-05T06:15:55,36,4,0,40
2023-02-05T06:25:30,36,4,0,40
2023-02-05T06:35:04,36,4,0,40
2023-02-05T06:44:37,36,4,0,40
2023-02-05T06:54:10,36,4,0,40
2023-02-05T07:03:44,36,4,0,40
2023-02-05T07:13:18,36,4,0,40
2023-02-05T07:22:52,36,4,0,40
2023-02-05T07:32:27,36,4,0,40
2023-02-05T07:42:03,36,4,0,40
2023-02-05T07:51:38,36,4,0,40
2023-02-05T08:01:13,36,4,0,40
2023-02-05T08:10:47,36,4,0,40
2023-02-05T08:20:20,36,4,0,40
2023-02-05T08:29:55,36,4,0,40
2023-02-05T08:39:28,36,4,0,40
2023-02-05T08:49:01,36,4,0,40
2023-02-05T08:58:34,36,4,0,40
2023-02-05T09:08:08,36,4,0,40
2023-02-05T09:17:41,36,4,0,40
2023-02-05T09:27:16,36,4,0,40
2023-02-05T09:36:50,36,4,0,40
2023-02-05T09:46:25,36,4,0,40
2023-02-05T09:55:58,36,4,0,40
2023-02-05T10:05:32,36,4,0,40
2023-02-05T10:15:07,36,4,0,40
2023-02-05T10:24:40,36,4,0,40
2023-02-05T10:34:14,36,4,0,40
2023-02-05T10:43:47,36,4,0,40
2023-02-05T10:53:21,36,4,0,40
2023-02-05T11:02:53,36,4,0,40
2023-02-05T11:12:26,36,4,0,40
2023-02-05T11:22:01,36,4,0,40
2023-02-05T11:31:39,36,4,0,40
2023-02-05T11:41:13,36,4,0,40
2023-02-05T11:50:47,36,4,0,40
2023-02-05T12:00:20,36,4,0,40
2023-02-05T12:09:54,36,4,0,40
2023-02-05T12:19:27,36,4,0,40
2023-02-05T12:29:00,36,4,0,40
2023-02-05T12:38:34,36,4,0,40
2023-02-05T12:48:08,36,4,0,40
2023-02-05T12:57:41,36,4,0,40
2023-02-05T13:07:14,36,4,0,40
2023-02-05T13:16:48,36,4,0,40
2023-02-05T13:26:22,36,4,0,40
2023-02-05T13:35:57,36,4,0,40
2023-02-05T13:45:29,36,4,0,40
2023-02-05T13:55:02,36,4,0,40
2023-02-05T14:04:36,36,4,0,40
2023-02-05T14:14:10,36,4,0,40
2023-02-05T14:23:43,36,4,0,40
2023-02-05T14:33:17,36,4,0,40
2023-02-05T14:42:50,36,4,0,40
2023-02-05T14:52:24,36,4,0,40
2023-02-05T15:02:20,36,4,0,40
2023-02-05T15:11:54,36,4,0,40
2023-02-05T15:21:28,36,4,0,40
2023-02-05T15:31:02,36,4,0,40
2023-02-05T15:40:36,36,4,0,40
2023-02-05T15:50:10,36,4,0,40
2023-02-05T15:59:45,36,4,0,40
2023-02-05T16:09:20,36,4,0,40
2023-02-05T16:18:56,36,4,0,40
2023-02-05T16:28:30,36,4,0,40
2023-02-05T16:38:06,36,4,0,40
2023-02-05T16:47:40,36,4,0,40
2023-02-05T16:57:15,36,4,0,40
2023-02-05T17:06:49,36,4,0,40
2023-02-05T17:16:24,36,4,0,40
2023-02-05T17:25:58,36,4,0,40
2023-02-05T17:35:32,36,4,0,40
2023-02-05T17:45:05,36,4,0,40
2023-02-05T17:54:38,36,4,0,40
2023-02-05T18:04:13,36,4,0,40
2023-02-05T18:13:47,36,4,0,40
2023-02-05T18:23:21,36,4,0,40
2023-02-05T18:32:54,36,4,0,40
2023-02-05T18:42:28,36,4,0,40
2023-02-05T18:52:02,36,4,0,40
2023-02-05T19:01:37,36,4,0,40
2023-02-05T19:11:11,36,4,0,40
2023-02-05T19:20:46,36,4,0,40
2023-02-05T19:30:21,36,4,0,40
2023-02-05T19:39:55,36,4,0,40
2023-02-05T19:49:38,36,4,0,40
2023-02-05T19:59:12,36,4,0,40
2023-02-05T20:08:46,36,4,0,40
2023-02-05T20:18:19,36,4,0,40
2023-02-05T20:27:53,36,4,0,40
2023-02-05T20:37:26,36,4,0,40
2023-02-05T20:47:00,36,4,0,40
2023-02-05T20:56:33,36,4,0,40
2023-02-05T21:06:07,36,4,0,40
2023-02-05T21:15:40,36,4,0,40
2023-02-05T21:25:13,36,4,0,40
2023-02-05T21:34:46,36,4,0,40
2023-02-05T21:44:20,36,4,0,40
2023-02-05T21:53:54,36,4,0,40
2023-02-05T22:03:27,36,4,0,40
2023-02-05T22:13:01,36,4,0,40
2023-02-05T22:22:34,36,4,0,40
2023-02-05T22:32:29,36,4,0,40
2023-02-05T22:42:04,36,4,0,40
2023-02-05T22:51:37,36,4,0,40
2023-02-05T23:01:11,36,4,0,40
2023-02-05T23:10:45,36,4,0,40
2023-02-05T23:20:19,36,4,0,40
2023-02-05T23:29:54,36,4,0,40
2023-02-05T23:39:27,36,4,0,40
2023-02-05T23:49:01,36,4,0,40
2023-02-05T23:58:34,36,4,0,40
2023-02-06T00:08:08,36,4,0,40
2023-02-06T00:17:47,36,4,0,40
2023-02-06T00:27:26,36,4,0,40
2023-02-06T00:37:04,36,4,0,40
2023-02-06T00:46:49,36,4,0,40
2023-02-06T00:56:25,36,4,0,40
2023-02-06T01:06:02,36,4,0,40
2023-02-06T01:15:44,36,4,0,40
2023-02-06T01:25:22,36,4,0,40
2023-02-06T01:34:59,36,4,0,40
2023-02-06T01:44:37,36,4,0,40
2023-02-06T01:54:11,36,4,0,40
2023-02-06T02:03:48,36,4,0,40
2023-02-06T02:13:24,36,4,0,40
2023-02-06T02:22:59,36,4,0,40
2023-02-06T02:32:34,36,4,0,40
2023-02-06T02:42:09,36,4,0,40
2023-02-06T02:51:43,36,4,0,40
2023-02-06T03:01:17,36,4,0,40
2023-02-06T03:10:49,36,4,0,40
2023-02-06T03:20:20,36,4,0,40
2023-02-06T03:29:51,36,4,0,40
2023-02-06T03:39:23,36,4,0,40
2023-02-06T03:48:57,36,4,0,40
2023-02-06T03:58:31,36,4,0,40
2023-02-06T04:08:05,36,4,0,40
2023-02-06T04:24:11,36,4,0,40
2023-02-06T04:35:05,36,4,0,40
2023-02-06T04:44:59,36,4,0,40
2023-02-06T04:54:34,36,4,0,40
2023-02-06T05:04:06,36,4,0,40
2023-02-06T05:13:38,36,4,0,40
2023-02-06T05:23:09,36,4,0,40
2023-02-06T05:32:41,36,4,0,40
2023-02-06T05:42:13,36,4,0,40
2023-02-06T05:51:45,36,4,0,40
2023-02-06T06:01:18,36,4,0,40
2023-02-06T06:10:51,36,4,0,40
2023-02-06T06:20:24,36,4,0,40
2023-02-06T06:29:56,36,4,0,40
2023-02-06T06:39:29,36,4,0,40
2023-02-06T06:49:02,36,4,0,40
2023-02-06T06:58:36,36,4,0,40
2023-02-06T07:08:11,36,4,0,40
2023-02-06T07:17:50,36,4,0,40
2023-02-06T07:27:28,36,4,0,40
2023-02-06T07:37:06,36,4,0,40
2023-02-06T07:46:46,36,4,0,40
2023-02-06T07:56:24,36,4,0,40
2023-02-06T08:06:01,36,4,0,40
2023-02-06T08:15:38,36,4,0,40
2023-02-06T08:25:16,36,4,0,40
2023-02-06T08:34:51,36,4,0,40
2023-02-06T08:44:26,36,4,0,40
2023-02-06T08:54:00,36,4,0,40
2023-02-06T09:03:35,36,4,0,40
2023-02-06T09:13:14,36,4,0,40
2023-02-06T09:22:49,36,4,0,40
2023-02-06T09:32:24,36,4,0,40
2023-02-06T09:42:09,36,4,0,40
2023-02-06T09:51:44,36,4,0,40
2023-02-06T10:01:27,36,4,0,40
2023-02-06T10:11:03,36,4,0,40
2023-02-06T10:20:39,36,4,0,40
2023-02-06T10:30:15,36,4,0,40
2023-02-06T10:39:51,36,4,0,40
2023-02-06T10:49:27,36,4,0,40
2023-02-06T10:59:03,36,4,0,40
2023-02-06T11:08:40,36,4,0,40
2023-02-06T11:18:16,36,4,0,40
2023-02-06T11:28:01,36,4,0,40
2023-02-06T11:37:36,36,4,0,40
2023-02-06T11:47:11,36,4,0,40
2023-02-06T11:56:47,36,4,0,40
2023-02-06T12:06:22,36,4,0,40
2023-02-06T12:15:57,36,4,0,40
2023-02-06T12:25:32,36,4,0,40
2023-02-06T12:35:07,36,4,0,40
2023-02-06T12:44:43,36,4,0,40
2023-02-06T12:54:18,36,4,0,40
2023-02-06T13:03:53,36,4,0,40
2023-02-06T13:13:40,36,4,0,40
2023-02-06T13:23:16,36,4,0,40
2023-02-06T13:32:53,36,4,0,40
2023-02-06T13:42:30,36,4,0,40
2023-02-06T13:52:06,36,4,0,40
2023-02-06T14:01:43,36,4,0,40
2023-02-06T14:11:19,36,4,0,40
2023-02-06T14:20:55,36,4,0,40
2023-02-06T14:30:30,36,4,0,40
2023-02-06T14:40:06,36,4,0,40
2023-02-06T14:49:42,36,4,0,40
2023-02-06T14:59:27,36,4,0,40
2023-02-06T15:09:04,36,4,0,40
2023-02-06T15:18:40,36,4,0,40
2023-02-06T15:28:16,36,4,0,40
2023-02-06T15:37:52,36,4,0,40
2023-02-06T15:47:28,36,4,0,40
2023-02-06T15:57:03,36,4,0,40
2023-02-06T16:06:38,36,4,0,40
2023-02-06T16:16:15,36,4,0,40
2023-02-06T16:25:50,36,4,0,40
2023-02-06T16:35:25,36,4,0,40
2023-02-06T16:45:00,36,4,0,40
2023-02-06T16:54:35,36,4,0,40
2023-02-06T17:04:21,36,4,0,40
2023-02-06T17:13:57,36,4,0,40
2023-02-06T17:23:31,36,4,0,40
2023-02-06T17:33:06,36,4,0,40
2023-02-06T17:42:41,36,4,0,40
2023-02-06T17:52:16,36,4,0,40
2023-02-06T18:01:50,36,4,0,40
2023-02-06T18:11:25,36,4,0,40
2023-02-06T18:21:00,36,4,0,40
2023-02-06T18:30:35,36,4,0,40
2023-02-06T18:40:10,36,4,0,40
2023-02-06T18:49:44,36,4,0,40
2023-02-06T18:59:28,36,4,0,40
2023-02-06T19:09:02,36,4,0,40
2023-02-06T19:18:36,36,4,0,40
2023-02-06T19:28:11,36,4,0,40
2023-02-06T19:37:46,36,4,0,40
2023-02-06T19:47:20,36,4,0,40
2023-02-06T19:56:54,36,4,0,40
2023-02-06T20:06:28,36,4,0,40
2023-02-06T20:16:02,36,4,0,40
2023-02-06T20:25:36,36,4,0,40
2023-02-06T20:35:20,36,4,0,40
2023-02-06T20:44:55,36,4,0,40
2023-02-06T20:54:29,36,4,0,40
2023-02-06T21:04:03,36,4,0,40
2023-02-06T21:13:37,36,4,0,40
2023-02-06T21:23:11,36,4,0,40
2023-02-06T21:32:45,36,4,0,40
2023-02-06T21:42:20,36,4,0,40
2023-02-06T21:51:54,36,4,0,40
2023-02-06T22:01:31,36,4,0,40
2023-02-06T22:11:15,36,4,0,40
2023-02-06T22:20:50,36,4,0,40
2023-02-06T22:30:24,36,4,0,40
2023-02-06T22:39:59,36,4,0,40
2023-02-06T22:49:34,36,4,0,40
2023-02-06T22:59:10,36,4,0,40
2023-02-06T23:08:46,36,4,0,40
